project_id,project_name,ministry_department,sector,sub_sector,state,district,implementing_agency,original_cost_crore,revised_cost_crore,anticipated_cost_crore,cumulative_expenditure_crore,expenditure_current_year_crore,expenditure_previous_year_crore,land_acquisition_cost_crore,original_start_date,original_completion_date,revised_completion_date,anticipated_completion_date,year_of_approval,physical_progress_percent,financial_progress_percent,milestone_achieved_count,milestone_total_count,project_status,cost_overrun_percent,time_overrun_months,reason_for_delay,cost_revision_count,schedule_revision_count,last_updated
PRJ-NH-0001,Bypass - Jaipur to Pune Section (West Bengal),Ministry of Road Transport & Highways,National Highways,Bypass,West Bengal,South,NHIDCL,1862.14,2247.86,2262.36,928.82,2.89,71.92,193.76,2014-10-01,2020-06-01,2024-05-11,2024-07-02,2014,43.4,41.3,4,7,Shelved,20.71,48,Law and order issues,3,3,2026-03-31
PRJ-NH-0002,"Construction of Bridge/Flyover in Korba, Uttar Pradesh",Ministry of Road Transport & Highways,National Highways,Bridge/Flyover,Uttar Pradesh,Barmer,NHIDCL,12624.88,12594.31,13275.95,12594.31,0,794.47,3100.11,2009-10-01,2012-02-18,2011-12-31,2011-10-03,2009,100.0,100.0,10,10,Completed,-0.24,0,,0,0,2026-03-15
PRJ-NH-0003,Expressway - Ludhiana to Pune Section (Maharashtra),Ministry of Road Transport & Highways,National Highways,Expressway,Maharashtra,Meerut,BRO,4566.53,4524.6,4797.09,4524.6,0,559.5,470.72,2015-04-01,2021-09-26,2021-09-11,2022-01-10,2015,100.0,100.0,18,18,Completed,-0.92,0,,0,0,2026-03-05
PRJ-NH-0004,"Construction of National Highway in Guntur, Punjab",Ministry of Road Transport & Highways,National Highways,National Highway,Punjab,Solapur,BRO,150,184.1,197.77,174.79,52.67,19.94,33.56,2012-10-01,2015-11-15,2015-11-09,2015-09-12,2012,98.2,94.9,17,17,Under Implementation,22.73,0,,1,0,2026-03-23
PRJ-NH-0005,Ring Road Project on NH-70 (West Bengal),Ministry of Road Transport & Highways,National Highways,Ring Road,West Bengal,South,MSRDC,3309.13,3959.14,3895.9,3959.14,0,230.38,113.39,2018-10-01,2021-10-15,2023-11-04,2024-03-08,2018,100.0,100.0,6,6,Completed,19.64,25,Geological surprises during construction; Change in technology specifications,1,3,2026-04-01
PRJ-NH-0006,"Construction of Bridge/Flyover in Hassan, Rajasthan",Ministry of Road Transport & Highways,National Highways,Bridge/Flyover,Rajasthan,Raichur,NHAI,1499.53,1534.9,1551.9,641.73,212.62,360.25,245.85,2023-10-01,2029-01-02,2028-12-25,2029-02-09,2023,42.6,41.8,4,12,Under Implementation,2.36,0,,0,0,2026-04-01
PRJ-NH-0007,Expressway Project on NH-118 (Bihar),Ministry of Road Transport & Highways,National Highways,Expressway,Bihar,Jalgaon,MSRDC,2092.01,2141.09,2276.08,1902.43,432.74,397.31,155.17,2012-01-01,2017-04-04,2017-02-13,2017-04-22,2012,99.9,88.9,15,16,Under Implementation,2.35,0,,0,0,2026-03-24
PRJ-NH-0008,Expressway Project on NH-345 (Maharashtra),Ministry of Road Transport & Highways,National Highways,Expressway,Maharashtra,Raichur,BRO,2765.17,3019.13,2993.81,3019.13,596.19,556.57,167.99,2015-01-01,2019-06-09,2019-08-31,2019-11-16,2015,95.3,100.0,5,6,Under Implementation,9.18,0,,4,0,2026-03-25
PRJ-NH-0009,"Construction of Bypass in Meerut, Meghalaya",Ministry of Road Transport & Highways,National Highways,Bypass,Meghalaya,East,NHIDCL,5484.56,5622.43,6065.94,5622.43,0,400.38,936.15,2009-07-01,2013-07-10,2017-07-19,2017-12-08,2009,100.0,100.0,5,5,Completed,2.51,49,Utility shifting delays,0,1,2026-03-07
PRJ-NH-0010,National Highway - Varanasi to Lucknow Section (Uttarakhand),Ministry of Road Transport & Highways,National Highways,National Highway,Uttarakhand,Korba,MSRDC,981.07,963.22,1015.78,963.22,0,60.37,120.29,2008-04-01,2012-01-11,2011-11-16,2011-11-15,2008,100.0,100.0,8,8,Completed,-1.82,0,,0,0,2026-03-17
PRJ-NH-0011,Ring Road - Chennai to Amritsar Section (Bihar),Ministry of Road Transport & Highways,National Highways,Ring Road,Bihar,Karnal,UPEIDA,2891.64,2848.68,3027.41,2641.32,446.32,498.8,159.53,2010-04-01,2013-11-11,2017-10-21,2017-12-10,2010,98.8,92.7,11,11,Under Implementation,-1.49,48,Geological surprises during construction; Design changes during execution,0,2,2026-03-20
PRJ-NH-0012,Bridge/Flyover Project on NH-211 (Chhattisgarh),Ministry of Road Transport & Highways,National Highways,Bridge/Flyover,Chhattisgarh,Bijapur,NHAI,787.8,819.92,866.05,819.92,0,94.84,62.5,2009-07-01,2012-12-12,2013-06-10,2013-11-26,2009,100.0,100.0,8,8,Completed,4.08,6,Court stay orders; Law and order issues,0,1,2026-03-14
PRJ-NH-0013,"Construction of Expressway in Latur, Bihar",Ministry of Road Transport & Highways,National Highways,Expressway,Bihar,Jalgaon,NHIDCL,876.15,862.89,881.37,754.69,55.71,71.57,156.19,2008-04-01,2010-08-19,2011-09-13,2011-11-21,2008,99.9,87.5,13,13,Under Implementation,-1.51,13,Design changes during execution; Labour shortage; Inter-departmental coordination delays,0,2,2026-03-26
PRJ-NH-0014,Bypass - Delhi to Dehradun Section (Uttar Pradesh),Ministry of Road Transport & Highways,National Highways,Bypass,Uttar Pradesh,Hassan,BRO,442.6,442.6,465.15,442.6,0,62.9,97.22,2019-10-01,2022-01-18,2021-11-29,2022-04-11,2019,100.0,100.0,18,18,Completed,0,0,,4,0,2026-03-19
PRJ-NH-0015,"Construction of Ring Road in Salem, Jharkhand",Ministry of Road Transport & Highways,National Highways,Ring Road,Jharkhand,Burdwan,NHAI,400.33,407.29,425.26,375.03,44.93,39.39,65.26,2017-10-01,2023-11-29,2023-11-18,2024-02-24,2017,92.0,92.1,9,13,Under Implementation,1.74,0,,0,0,2026-03-05
PRJ-NH-0016,"Construction of National Highway in Tumkur, Odisha",Ministry of Road Transport & Highways,National Highways,National Highway,Odisha,Karnal,NHIDCL,3381.18,3443.93,3403.02,3101.12,847.31,472.08,788.71,2012-07-01,2017-10-03,2017-08-27,2018-02-10,2012,99.9,90.0,3,6,Under Implementation,1.86,0,,0,0,2026-03-02
PRJ-NH-0017,Bridge/Flyover - Dehradun to Gangtok Section (Punjab),Ministry of Road Transport & Highways,National Highways,Bridge/Flyover,Punjab,Raigad,UPEIDA,6694.25,6881.35,6910.07,6410.72,1495.25,1329.4,1321.09,2017-01-01,2021-05-10,2021-04-20,2021-09-02,2017,98.5,93.2,7,8,Under Implementation,2.79,0,,0,0,2026-03-29
PRJ-NH-0018,"Construction of National Highway in Bokaro, Maharashtra",Ministry of Road Transport & Highways,National Highways,National Highway,Maharashtra,Bellary,NHAI,2701.41,2821.45,2819.27,2821.45,458.02,393.72,482.72,2009-04-01,2014-12-01,2015-02-22,2015-05-09,2009,91.4,100.0,12,13,Under Implementation,4.44,0,,0,0,2026-03-25
PRJ-NH-0019,"Construction of Ring Road in East, Rajasthan",Ministry of Road Transport & Highways,National Highways,Ring Road,Rajasthan,Warangal,State PWD,2664.83,2662.11,2622.84,2662.11,0,311.42,391.27,2016-01-01,2018-08-18,2018-11-16,2018-12-18,2016,100.0,100.0,12,12,Completed,-0.1,0,,0,0,2026-03-19
PRJ-NH-0020,Expressway Project on NH-20 (Rajasthan),Ministry of Road Transport & Highways,National Highways,Expressway,Rajasthan,Jharsuguda,NHAI,3603.51,3575.78,3601.82,1906.74,17.33,111.5,523.77,2009-10-01,2016-01-28,2016-01-15,2016-03-13,2009,56.1,53.3,6,9,Shelved,-0.77,0,,0,0,2026-03-07
PRJ-NH-0021,National Highway Project on NH-168 (Haryana),Ministry of Road Transport & Highways,National Highways,National Highway,Haryana,Dharwad,MSRDC,883.38,1048.07,1059.26,1048.07,0,90.09,72.43,2015-07-01,2019-10-08,2019-10-25,2019-08-01,2015,100.0,100.0,8,8,Completed,18.64,0,,4,0,2026-03-20
PRJ-NH-0022,Expressway - Chennai to Imphal Section (Odisha),Ministry of Road Transport & Highways,National Highways,Expressway,Odisha,Meerut,MSRDC,1838.31,1838.31,1951.63,745.63,187.28,238.71,381.49,2024-01-01,2028-04-09,2028-07-07,2028-12-14,2024,40.4,40.6,3,5,Under Implementation,0,0,,3,0,2026-03-09
PRJ-NH-0023,"Construction of Ring Road in Dibrugarh, Bihar",Ministry of Road Transport & Highways,National Highways,Ring Road,Bihar,Dibrugarh,NHIDCL,557.68,752.15,794.39,752.15,0,76.18,77.74,2017-10-01,2021-09-10,2021-10-11,2021-12-17,2017,100.0,100.0,8,8,Completed,34.87,0,,4,0,2026-03-22
PRJ-NH-0024,Expressway - Kolkata to Coimbatore Section (Mizoram),Ministry of Road Transport & Highways,National Highways,Expressway,Mizoram,West,State PWD,560.75,568.79,611.05,408.92,70.65,57.02,108.07,2019-10-01,2024-08-05,2029-05-11,2029-08-23,2019,82.2,71.9,12,15,Under Implementation,1.43,58,Forest clearance pending,0,1,2026-03-18
PRJ-NH-0025,Ring Road Project on NH-141 (Madhya Pradesh),Ministry of Road Transport & Highways,National Highways,Ring Road,Madhya Pradesh,North,NHIDCL,571.25,613.49,643.8,562.31,49.14,61.41,18.3,2009-07-01,2013-07-10,2013-07-09,2013-11-15,2009,92.3,91.7,11,15,Under Implementation,7.39,0,,4,0,2026-03-17
PRJ-NH-0026,Bridge/Flyover Project on NH-110 (Uttar Pradesh),Ministry of Road Transport & Highways,National Highways,Bridge/Flyover,Uttar Pradesh,Tumkur,NHAI,2043.84,2186.03,2274.99,2037.72,215.0,189.7,334.52,2010-01-01,2016-08-27,2016-08-27,2016-07-31,2010,99.9,93.2,4,5,Under Implementation,6.96,0,,2,3,2026-03-26
PRJ-NH-0027,Ring Road - Dehradun to Kolkata Section (Meghalaya),Ministry of Road Transport & Highways,National Highways,Ring Road,Meghalaya,Solapur,NHAI,1905.76,1969.39,2068.22,1969.39,0,110.38,388.1,2010-01-01,2012-01-21,2013-09-12,2013-10-02,2010,100.0,100.0,14,14,Completed,3.34,20,Equipment delivery delays; COVID-19 pandemic impact; Design changes during execution,0,2,2026-03-30
PRJ-NH-0028,Expressway - Thiruvananthapuram to Ahmedabad Section (Karnataka),Ministry of Road Transport & Highways,National Highways,Expressway,Karnataka,Guntur,NHIDCL,2065.94,2131.73,2261.15,1891.25,369.7,508.27,412.6,2011-04-01,2013-03-21,2013-03-02,2013-08-13,2011,99.9,88.7,4,5,Under Implementation,3.18,0,,0,0,2026-03-24
PRJ-NH-0029,"Construction of Bypass in Meerut, Odisha",Ministry of Road Transport & Highways,National Highways,Bypass,Odisha,Tirunelveli,NHAI,1028.4,1059.86,1137.35,1059.86,0,102.99,117.5,2015-01-01,2020-10-31,2020-10-31,2020-08-08,2015,100.0,100.0,9,9,Completed,3.06,0,,0,1,2026-03-05
PRJ-NH-0030,National Highway - Jodhpur to Udaipur Section (Uttar Pradesh),Ministry of Road Transport & Highways,National Highways,National Highway,Uttar Pradesh,Barmer,NHAI,614.28,621.43,662.11,580.49,47.4,44.45,87.82,2022-01-01,2025-04-15,2026-12-06,2027-02-09,2022,98.5,93.4,13,14,Under Implementation,1.16,20,Land acquisition delays,0,2,2026-03-15
PRJ-NH-0031,Expressway - Kanpur to Surat Section (Andhra Pradesh),Ministry of Road Transport & Highways,National Highways,Expressway,Andhra Pradesh,Dharwad,NHAI,3580.85,4459.81,4397.81,824.48,554.02,488.05,155.98,2023-07-01,2030-02-24,2031-02-19,2031-06-04,2023,19.9,18.5,0,8,Under Implementation,24.55,12,Law and order issues; Court stay orders; Design changes during execution,2,3,2026-03-20
PRJ-NH-0032,Bridge/Flyover - Agra to Vadodara Section (Delhi),Ministry of Road Transport & Highways,National Highways,Bridge/Flyover,Delhi,Chittoor,NHAI,1470.08,1470.08,1516.72,1356.42,163.37,190.77,352.06,2011-07-01,2013-06-20,2013-07-02,2013-09-02,2011,98.9,92.3,12,14,Under Implementation,0,0,,2,0,2026-03-25
PRJ-NH-0033,Bypass Project on NH-344 (Maharashtra),Ministry of Road Transport & Highways,National Highways,Bypass,Maharashtra,Dharwad,UPEIDA,1153.35,1245.44,1279.13,1245.44,114.22,162.83,141.29,2017-10-01,2020-03-19,2020-07-17,2020-08-28,2017,99.9,100.0,14,15,Under Implementation,7.98,4,Rehabilitation and resettlement issues; Right-of-Way (RoW) issues,4,1,2026-03-05
PRJ-NH-0034,National Highway Project on NH-302 (Kerala),Ministry of Road Transport & Highways,National Highways,National Highway,Kerala,South,NHIDCL,1614.22,1671.44,1672.36,1412.03,307.75,252.61,242.78,2020-07-01,2027-01-26,2026-12-09,2026-10-04,2020,98.7,84.5,18,20,Under Implementation,3.54,0,,0,0,2026-03-11
PRJ-NH-0035,"Construction of Expressway in Bokaro, Andhra Pradesh",Ministry of Road Transport & Highways,National Highways,Expressway,Andhra Pradesh,Hassan,BRO,3202.1,3327.05,3418.5,3151.0,434.78,552.85,563.36,2017-07-01,2022-01-06,2023-06-30,2023-07-04,2017,93.5,94.7,14,15,Under Implementation,3.9,18,Change in project scope; Inter-departmental coordination delays,0,3,2026-03-15
PRJ-NH-0036,Bypass Project on NH-193 (Uttar Pradesh),Ministry of Road Transport & Highways,National Highways,Bypass,Uttar Pradesh,Nellore,MSRDC,694.59,826.0,865.25,420.61,137.27,68.16,56.04,2023-01-01,2029-07-28,2029-07-03,2029-11-15,2023,56.2,50.9,6,15,Under Implementation,18.92,0,,4,0,2026-03-17
PRJ-NH-0037,National Highway - Udaipur to Ranchi Section (Manipur),Ministry of Road Transport & Highways,National Highways,National Highway,Manipur,Jalgaon,MSRDC,550.98,559.37,554.69,559.37,159.87,95.9,72.38,2018-01-01,2024-11-25,2024-11-30,2025-01-07,2018,99.0,100.0,5,5,Under Implementation,1.52,0,,0,0,2026-03-30
PRJ-NH-0038,"Construction of National Highway in Guntur, Telangana",Ministry of Road Transport & Highways,National Highways,National Highway,Telangana,Chittoor,BRO,3522.59,3460.4,3515.91,3460.4,743.29,418.59,478.62,2022-01-01,2027-11-01,2027-10-25,2028-03-25,2022,95.6,100.0,12,14,Under Implementation,-1.77,0,,0,0,2026-03-31
PRJ-NH-0039,"Construction of Bridge/Flyover in Tirunelveli, Andhra Pradesh",Ministry of Road Transport & Highways,National Highways,Bridge/Flyover,Andhra Pradesh,West,State PWD,2665.71,3286.36,3257.61,3286.36,0,187.86,535.51,2014-10-01,2019-04-08,2019-03-29,2019-09-23,2014,100.0,100.0,15,15,Completed,23.28,0,,1,0,2026-03-19
PRJ-NH-0040,Expressway - Ludhiana to Lucknow Section (Punjab),Ministry of Road Transport & Highways,National Highways,Expressway,Punjab,Anand,UPEIDA,437.29,460.24,453.8,460.24,0,64.71,63.8,2014-07-01,2017-07-15,2017-06-21,2017-04-01,2014,100.0,100.0,13,13,Completed,5.25,0,,2,0,2026-03-26
PRJ-NH-0041,Bridge/Flyover - Indore to Dehradun Section (Gujarat),Ministry of Road Transport & Highways,National Highways,Bridge/Flyover,Gujarat,Nellore,UPEIDA,578.57,604.52,630.26,604.52,71.46,101.62,141.92,2008-04-01,2010-05-21,2010-06-08,2010-08-27,2008,99.5,100.0,10,13,Under Implementation,4.49,0,,0,0,2026-03-04
PRJ-NH-0042,Ring Road Project on NH-310 (Odisha),Ministry of Road Transport & Highways,National Highways,Ring Road,Odisha,Durg,NHIDCL,874.64,1141.99,1228.92,1141.99,79.85,106.55,164.67,2014-04-01,2020-09-26,2024-02-08,2024-08-04,2014,99.9,100.0,9,10,Under Implementation,30.57,41,Land acquisition delays,3,2,2026-03-23
PRJ-NH-0043,Ring Road Project on NH-290 (Telangana),Ministry of Road Transport & Highways,National Highways,Ring Road,Telangana,Korba,State PWD,2725.89,2711.11,2791.64,2711.11,437.64,440.03,600.27,2018-07-01,2024-08-28,2026-10-17,2026-10-03,2018,99.9,100.0,13,14,Under Implementation,-0.54,26,Environmental clearance pending; Adverse weather conditions; Design changes during execution,0,1,2026-03-25
PRJ-NH-0044,Ring Road Project on NH-50 (Karnataka),Ministry of Road Transport & Highways,National Highways,Ring Road,Karnataka,Jharsuguda,State PWD,10349.32,10455.14,10795.21,10455.14,2241.08,2149.41,2571.88,2016-07-01,2020-03-12,2023-11-22,2024-03-11,2016,99.9,100.0,12,15,Under Implementation,1.02,45,Land acquisition delays; Forest clearance pending; Design changes during execution,0,1,2026-03-11
PRJ-NH-0045,Expressway Project on NH-102 (Madhya Pradesh),Ministry of Road Transport & Highways,National Highways,Expressway,Madhya Pradesh,Bellary,NHIDCL,979.02,1172.39,1202.61,1172.39,0,109.72,75.93,2014-04-01,2018-03-11,2021-08-22,2022-01-27,2014,100.0,100.0,19,19,Completed,19.75,42,State government coordination issues,3,1,2026-03-26
PRJ-NH-0046,National Highway - Hyderabad to Ranchi Section (Tripura),Ministry of Road Transport & Highways,National Highways,National Highway,Tripura,Central,State PWD,868.15,1080.28,1129.51,924.27,74.82,128.58,185.51,2008-10-01,2012-03-14,2012-05-31,2012-05-08,2008,99.9,85.6,15,15,Under Implementation,24.43,0,,3,0,2026-03-07
PRJ-NH-0047,Bridge/Flyover Project on NH-90 (Madhya Pradesh),Ministry of Road Transport & Highways,National Highways,Bridge/Flyover,Madhya Pradesh,Burdwan,NHIDCL,9586.42,9497.69,9691.98,9497.69,957.48,1181.27,1413.05,2015-01-01,2017-07-19,2017-10-14,2017-09-18,2015,99.9,100.0,5,8,Under Implementation,-0.93,0,,0,0,2026-03-17
PRJ-NH-0048,Bypass Project on NH-294 (Telangana),Ministry of Road Transport & Highways,National Highways,Bypass,Telangana,Tirunelveli,UPEIDA,6168.31,6443.17,6817.7,6443.17,670.48,551.32,1010.33,2018-01-01,2023-08-03,2023-06-14,2023-05-26,2018,99.9,100.0,9,11,Under Implementation,4.46,0,,0,0,2026-03-08
PRJ-NH-0049,Ring Road - Shimla to Patna Section (Uttar Pradesh),Ministry of Road Transport & Highways,National Highways,Ring Road,Uttar Pradesh,Latur,State PWD,2968.21,3016.83,3214.97,1059.63,755.71,390.72,355.0,2023-07-01,2029-05-30,2029-08-20,2029-06-11,2023,32.8,35.1,4,18,Under Implementation,1.64,0,,0,0,2026-03-04
PRJ-NH-0050,"Construction of National Highway in Raichur, Haryana",Ministry of Road Transport & Highways,National Highways,National Highway,Haryana,Warangal,BRO,3693.39,3690.2,3800.61,179.25,387.85,394.42,479.07,2024-10-01,2029-03-09,2031-01-28,2030-12-08,2024,4.8,4.9,0,10,Under Implementation,-0.09,23,Equipment delivery delays; COVID-19 pandemic impact; Fund release delays,0,3,2026-03-11
PRJ-NH-0051,Expressway - Varanasi to Jodhpur Section (Karnataka),Ministry of Road Transport & Highways,National Highways,Expressway,Karnataka,Bokaro,NHIDCL,1917.12,1958.8,1943.53,1053.77,19.83,64.74,390.2,2015-04-01,2018-08-13,2020-02-04,2020-05-12,2015,51.3,53.8,6,12,Shelved,2.17,18,State government coordination issues; Right-of-Way (RoW) issues; Change in technology specifications,3,3,2026-03-05
PRJ-NH-0052,Expressway - Vadodara to Indore Section (Madhya Pradesh),Ministry of Road Transport & Highways,National Highways,Expressway,Madhya Pradesh,Bijapur,State PWD,508.62,528.02,567.52,528.02,55.97,37.69,113.32,2012-10-01,2019-02-27,2019-03-20,2019-08-08,2012,99.5,100.0,9,12,Under Implementation,3.81,0,,0,0,2026-03-03
PRJ-NH-0053,Expressway - Shillong to Ahmedabad Section (Andhra Pradesh),Ministry of Road Transport & Highways,National Highways,Expressway,Andhra Pradesh,Bokaro,BRO,430.52,442.21,451.86,442.21,0,43.96,25.25,2011-04-01,2014-05-15,2018-07-23,2018-09-07,2011,100.0,100.0,11,11,Completed,2.72,51,Change in project scope; Right-of-Way (RoW) issues; Regulatory approvals pending,0,1,2026-03-19
PRJ-NH-0054,"Construction of National Highway in Central, Mizoram",Ministry of Road Transport & Highways,National Highways,National Highway,Mizoram,Raichur,UPEIDA,1764.24,1787.11,1846.16,1539.55,145.31,166.85,184.57,2019-01-01,2024-02-04,2024-08-02,2024-11-22,2019,99.9,86.1,17,19,Under Implementation,1.3,6,Utility shifting delays,0,3,2026-03-28
PRJ-NH-0055,Ring Road - Visakhapatnam to Kanpur Section (Jharkhand),Ministry of Road Transport & Highways,National Highways,Ring Road,Jharkhand,Anand,NHIDCL,1579.34,1658.23,1773.7,1355.8,213.67,201.49,136.96,2019-07-01,2026-01-25,2029-07-08,2029-12-22,2019,83.5,81.8,12,15,Under Implementation,5.0,42,Court stay orders,0,2,2026-03-05
PRJ-NH-0056,Ring Road Project on NH-24 (Madhya Pradesh),Ministry of Road Transport & Highways,National Highways,Ring Road,Madhya Pradesh,Hassan,BRO,493.04,769.98,789.98,769.98,200.28,144.08,44.4,2010-01-01,2014-01-10,2014-04-02,2014-05-25,2010,91.0,100.0,13,15,Under Implementation,56.17,0,,2,0,2026-03-13
PRJ-NH-0057,Bridge/Flyover Project on NH-193 (Uttarakhand),Ministry of Road Transport & Highways,National Highways,Bridge/Flyover,Uttarakhand,Central,NHAI,3657.17,4303.85,4522.04,3901.64,1035.88,1003.58,287.65,2008-10-01,2011-04-19,2013-04-08,2013-01-18,2008,99.9,90.7,19,20,Under Implementation,17.68,24,Adverse weather conditions,4,3,2026-03-26
PRJ-NH-0058,"Construction of Bridge/Flyover in North, Rajasthan",Ministry of Road Transport & Highways,National Highways,Bridge/Flyover,Rajasthan,South,MSRDC,509.44,512.14,548.86,512.14,0,35.57,24.45,2009-04-01,2015-10-27,2019-05-09,2019-07-19,2009,100.0,100.0,5,5,Completed,0.53,43,Geological surprises during construction; Equipment delivery delays; Design changes during execution,0,1,2026-03-26
PRJ-NH-0059,Bypass - Amritsar to Ludhiana Section (Haryana),Ministry of Road Transport & Highways,National Highways,Bypass,Haryana,Korba,NHIDCL,4736.19,5182.65,5484.62,5182.65,0,290.58,176.83,2010-10-01,2016-09-29,2016-11-22,2016-10-26,2010,100.0,100.0,15,15,Completed,9.43,0,,1,0,2026-03-31
PRJ-NH-0060,Bridge/Flyover - Coimbatore to Mumbai Section (Karnataka),Ministry of Road Transport & Highways,National Highways,Bridge/Flyover,Karnataka,Rourkela,MSRDC,1133.8,1290.99,1284.2,1177.22,180.38,199.79,142.73,2014-04-01,2020-11-25,2020-11-30,2021-03-01,2014,98.8,91.2,15,16,Under Implementation,13.86,0,,2,0,2026-03-23
PRJ-NH-0061,Bridge/Flyover - Indore to Ludhiana Section (Punjab),Ministry of Road Transport & Highways,National Highways,Bridge/Flyover,Punjab,Dharwad,BRO,3528.42,3528.42,3535.31,3391.52,819.43,591.49,314.15,2010-10-01,2013-07-17,2013-09-25,2014-01-04,2010,99.9,96.1,14,17,Under Implementation,0,0,,2,0,2026-03-26
PRJ-NH-0062,"Construction of Ring Road in Meerut, Odisha",Ministry of Road Transport & Highways,National Highways,Ring Road,Odisha,Korba,State PWD,990.32,1195.28,1243.57,906.2,69.44,70.5,72.55,2019-01-01,2025-08-27,2029-09-05,2030-02-18,2019,86.2,75.8,12,15,Under Implementation,20.7,49,Regulatory approvals pending; Adverse weather conditions,2,3,2026-03-28
PRJ-NH-0063,Ring Road Project on NH-296 (Chhattisgarh),Ministry of Road Transport & Highways,National Highways,Ring Road,Chhattisgarh,Guntur,NHIDCL,1271.61,1522.07,1560.67,1472.98,300.39,178.04,291.73,2019-10-01,2023-10-10,2025-02-01,2025-06-16,2019,97.3,96.8,12,14,Under Implementation,19.7,16,Fund release delays; Adverse weather conditions; State government coordination issues,4,2,2026-03-20
PRJ-NH-0064,Bypass - Mumbai to Imphal Section (Assam),Ministry of Road Transport & Highways,National Highways,Bypass,Assam,Raichur,UPEIDA,1260.66,1437.23,1474.24,1437.23,0,118.34,257.28,2017-04-01,2020-09-12,2020-12-01,2021-03-22,2017,100.0,100.0,6,6,Completed,14.01,0,,3,0,2026-03-27
PRJ-NH-0065,"Construction of Expressway in East, Uttar Pradesh",Ministry of Road Transport & Highways,National Highways,Expressway,Uttar Pradesh,Chittoor,MSRDC,2271.64,2945.71,3045.34,2766.73,720.53,743.52,397.57,2016-01-01,2022-05-29,2025-03-14,2025-03-11,2016,99.9,93.9,17,19,Under Implementation,29.67,34,Labour shortage; Equipment delivery delays; Utility shifting delays,3,3,2026-03-26
PRJ-NH-0066,Bridge/Flyover - Varanasi to Bhopal Section (Chhattisgarh),Ministry of Road Transport & Highways,National Highways,Bridge/Flyover,Chhattisgarh,Tumkur,BRO,2502.07,2611.79,2571.0,2611.79,0,254.44,493.95,2014-10-01,2017-09-15,2017-08-05,2017-10-29,2014,100.0,100.0,9,9,Completed,4.39,0,,0,0,2026-03-26
PRJ-NH-0067,"Construction of Expressway in South, Uttar Pradesh",Ministry of Road Transport & Highways,National Highways,Expressway,Uttar Pradesh,Rourkela,State PWD,2718.24,3726.72,3979.82,3593.6,729.09,546.45,191.62,2014-10-01,2020-07-31,2020-10-15,2021-04-05,2014,99.9,96.4,8,10,Under Implementation,37.1,0,,1,0,2026-03-07
PRJ-NH-0068,Expressway - Thiruvananthapuram to Ludhiana Section (Bihar),Ministry of Road Transport & Highways,National Highways,Expressway,Bihar,Dharwad,NHIDCL,1875.89,1917.59,2024.91,1689.38,496.0,484.5,60.15,2020-01-01,2023-12-11,2028-08-16,2028-06-09,2020,94.7,88.1,7,8,Under Implementation,2.22,57,Forest clearance pending; Change in project scope; Slow mobilization by contractor,0,2,2026-03-04
PRJ-NH-0069,"Construction of Bridge/Flyover in Khammam, Rajasthan",Ministry of Road Transport & Highways,National Highways,Bridge/Flyover,Rajasthan,East,NHIDCL,150,150.0,152.13,75.87,12.72,9.76,28.0,2021-04-01,2025-09-07,2030-02-13,2030-06-19,2021,57.8,50.6,9,18,Under Implementation,0,54,Adverse weather conditions; Fund release delays; Environmental clearance pending,1,2,2026-03-08
PRJ-NH-0070,Ring Road - Shimla to Agra Section (Himachal Pradesh),Ministry of Road Transport & Highways,National Highways,Ring Road,Himachal Pradesh,Central,NHIDCL,6306.05,6414.1,6533.14,5673.76,520.2,840.43,1183.62,2020-01-01,2022-01-20,2026-03-30,2026-06-13,2020,99.0,88.5,11,11,Under Implementation,1.71,51,Utility shifting delays; Geological surprises during construction; Court stay orders,0,1,2026-03-13
PRJ-NH-0071,Bridge/Flyover Project on NH-214 (Karnataka),Ministry of Road Transport & Highways,National Highways,Bridge/Flyover,Karnataka,Khammam,NHIDCL,1815.08,1815.08,1884.11,1773.92,255.22,142.81,277.63,2013-10-01,2017-09-10,2018-10-05,2019-04-02,2013,99.9,97.7,15,18,Under Implementation,0,13,Inter-departmental coordination delays,3,1,2026-03-21
PRJ-NH-0072,"Construction of Bypass in Bellary, Tamil Nadu",Ministry of Road Transport & Highways,National Highways,Bypass,Tamil Nadu,Barmer,MSRDC,4732.84,5162.4,5430.4,5162.4,0,606.93,1029.37,2014-04-01,2018-12-06,2019-02-10,2019-01-20,2014,100.0,100.0,14,14,Completed,9.08,0,,3,0,2026-03-03
PRJ-NH-0073,"Construction of National Highway in Rourkela, Karnataka",Ministry of Road Transport & Highways,National Highways,National Highway,Karnataka,Chittoor,MSRDC,2098.01,2152.61,2170.57,2152.61,0,166.87,241.02,2013-04-01,2017-11-06,2019-03-31,2019-09-09,2013,100.0,100.0,8,8,Completed,2.6,17,Design changes during execution; Slow mobilization by contractor,0,1,2026-03-29
PRJ-NH-0074,Ring Road - Kanpur to Kochi Section (Manipur),Ministry of Road Transport & Highways,National Highways,Ring Road,Manipur,Satna,BRO,1739.61,2436.5,2398.72,2373.7,643.88,371.76,323.34,2012-07-01,2016-04-11,2018-09-28,2018-12-02,2012,97.9,97.4,11,13,Under Implementation,40.06,30,Utility shifting delays; Rehabilitation and resettlement issues; Law and order issues,4,1,2026-03-05
PRJ-NH-0075,Ring Road - Agra to Ahmedabad Section (Himachal Pradesh),Ministry of Road Transport & Highways,National Highways,Ring Road,Himachal Pradesh,Nellore,NHAI,1375.58,1350.91,1402.53,1262.95,112.57,165.03,285.99,2013-01-01,2016-08-13,2016-09-18,2016-08-27,2013,99.9,93.5,8,11,Under Implementation,-1.79,0,,0,0,2026-03-12
PRJ-NH-0076,Ring Road - Shillong to Amritsar Section (Tamil Nadu),Ministry of Road Transport & Highways,National Highways,Ring Road,Tamil Nadu,Tumkur,NHIDCL,157.34,163.02,166.12,141.64,17.22,23.6,5.5,2022-10-01,2026-12-09,2027-03-04,2027-01-13,2022,98.7,86.9,13,14,Under Implementation,3.61,0,,0,0,2026-03-21
PRJ-NH-0077,"Construction of Bypass in Karnal, West Bengal",Ministry of Road Transport & Highways,National Highways,Bypass,West Bengal,Meerut,UPEIDA,7835.65,7922.36,7902.15,7383.65,1239.19,793.15,545.02,2008-01-01,2012-04-09,2014-08-27,2014-11-28,2008,99.9,93.2,12,13,Under Implementation,1.11,29,Slow mobilization by contractor; Geological surprises during construction,0,3,2026-03-05
PRJ-NH-0078,Bridge/Flyover - Ludhiana to Kochi Section (Gujarat),Ministry of Road Transport & Highways,National Highways,Bridge/Flyover,Gujarat,Latur,UPEIDA,1620.88,2003.51,1972.38,1902.42,335.68,248.26,395.77,2014-07-01,2018-02-10,2018-03-28,2018-02-02,2014,99.9,95.0,3,5,Under Implementation,23.61,0,,3,0,2026-03-03
PRJ-NH-0079,Bridge/Flyover Project on NH-194 (Gujarat),Ministry of Road Transport & Highways,National Highways,Bridge/Flyover,Gujarat,Khammam,UPEIDA,2893.93,2851.94,3054.73,2851.94,589.04,451.56,288.6,2010-04-01,2017-01-24,2017-04-21,2017-08-23,2010,99.9,100.0,10,11,Under Implementation,-1.45,0,,0,0,2026-03-22
PRJ-NH-0080,Expressway Project on NH-215 (Tamil Nadu),Ministry of Road Transport & Highways,National Highways,Expressway,Tamil Nadu,Tirunelveli,BRO,3723.39,3856.35,4114.52,3856.35,222.0,218.09,565.98,2018-01-01,2021-08-13,2021-08-13,2022-01-23,2018,99.9,100.0,17,20,Under Implementation,3.57,0,,0,1,2026-03-06
PRJ-NH-0081,National Highway Project on NH-136 (Maharashtra),Ministry of Road Transport & Highways,National Highways,National Highway,Maharashtra,North,NHIDCL,1456.97,1610.35,1706.45,1610.35,237.57,224.4,213.74,2010-04-01,2017-02-23,2019-02-13,2018-12-19,2010,99.6,100.0,9,10,Under Implementation,10.53,24,Right-of-Way (RoW) issues,4,2,2026-03-20
PRJ-NH-0082,"Construction of Expressway in Latur, Gujarat",Ministry of Road Transport & Highways,National Highways,Expressway,Gujarat,Rourkela,NHIDCL,1324.35,1375.75,1459.54,755.74,215.96,149.4,236.39,2023-10-01,2028-11-03,2028-09-11,2028-11-08,2023,49.7,54.9,9,18,Under Implementation,3.88,0,,0,0,2026-03-19
PRJ-NH-0083,Ring Road - Kanpur to Chandigarh Section (Uttar Pradesh),Ministry of Road Transport & Highways,National Highways,Ring Road,Uttar Pradesh,Central,NHIDCL,1567.4,1551.4,1553.05,1374.74,377.03,221.03,147.09,2021-01-01,2025-01-10,2026-12-31,2027-05-12,2021,93.6,88.6,10,11,Under Implementation,-1.02,24,Inter-departmental coordination delays; Adverse weather conditions; Labour shortage,0,2,2026-03-22
PRJ-NH-0084,Bypass - Shimla to Pune Section (Tamil Nadu),Ministry of Road Transport & Highways,National Highways,Bypass,Tamil Nadu,Raichur,NHAI,1356.29,1416.73,1421.86,117.58,180.33,161.76,237.21,2024-04-01,2027-03-17,2031-01-25,2031-04-15,2024,9.3,8.3,0,11,Under Implementation,4.46,47,Right-of-Way (RoW) issues; Forest clearance pending,0,1,2026-03-26
PRJ-NH-0085,"Construction of Bypass in Warangal, Maharashtra",Ministry of Road Transport & Highways,National Highways,Bypass,Maharashtra,Meerut,State PWD,712.4,775.54,793.46,775.54,0,80.27,41.13,2011-01-01,2014-10-12,2014-11-22,2014-12-29,2011,100.0,100.0,9,9,Completed,8.86,0,,4,0,2026-03-24
PRJ-NH-0086,National Highway Project on NH-41 (Tamil Nadu),Ministry of Road Transport & Highways,National Highways,National Highway,Tamil Nadu,East,MSRDC,776.24,1067.51,1127.37,1003.48,229.33,119.83,159.73,2020-04-01,2022-04-21,2022-04-26,2022-03-07,2020,99.9,94.0,16,16,Under Implementation,37.52,0,,2,0,2026-03-19
PRJ-NH-0087,National Highway Project on NH-350 (Uttarakhand),Ministry of Road Transport & Highways,National Highways,National Highway,Uttarakhand,Burdwan,State PWD,13818.59,14376.2,14662.9,14376.2,2804.39,1203.89,2882.08,2010-10-01,2016-10-29,2017-01-14,2016-12-16,2010,96.3,100.0,5,6,Under Implementation,4.04,0,,0,0,2026-03-03
PRJ-NH-0088,"Construction of National Highway in Guntur, Rajasthan",Ministry of Road Transport & Highways,National Highways,National Highway,Rajasthan,Bellary,BRO,951.26,937.17,985.32,416.02,57.44,69.8,33.97,2023-04-01,2029-02-28,2029-03-27,2029-05-27,2023,47.6,44.4,7,16,Under Implementation,-1.48,0,,0,0,2026-03-23
PRJ-NH-0089,Ring Road Project on NH-135 (Uttar Pradesh),Ministry of Road Transport & Highways,National Highways,Ring Road,Uttar Pradesh,Tumkur,UPEIDA,1167.09,1479.71,1573.31,1225.88,247.01,132.27,152.32,2019-07-01,2025-10-27,2028-10-11,2029-02-15,2019,95.6,82.8,10,13,Under Implementation,26.79,36,Change in project scope; Regulatory approvals pending; Equipment delivery delays,3,2,2026-04-01
PRJ-NH-0090,Bypass Project on NH-49 (Odisha),Ministry of Road Transport & Highways,National Highways,Bypass,Odisha,Central,State PWD,708.52,1018.33,1059.16,1018.33,236.83,140.68,127.34,2017-07-01,2020-02-16,2020-02-16,2019-12-30,2017,99.9,100.0,3,5,Under Implementation,43.73,0,,3,3,2026-03-28
PRJ-NH-0091,"Construction of National Highway in Raichur, Maharashtra",Ministry of Road Transport & Highways,National Highways,National Highway,Maharashtra,Raigad,NHIDCL,2360.68,2865.86,2897.72,2865.86,0,184.11,213.89,2016-10-01,2019-05-19,2020-11-09,2020-10-27,2016,100.0,100.0,15,15,Completed,21.4,18,Change in technology specifications,1,3,2026-03-29
PRJ-NH-0092,"Construction of Expressway in Raigad, Gujarat",Ministry of Road Transport & Highways,National Highways,Expressway,Gujarat,Chittoor,UPEIDA,18823.66,23385.96,24921.59,20122.55,5280.82,3902.16,3632.12,2015-10-01,2019-02-12,2019-03-07,2019-07-29,2015,95.8,86.0,14,16,Under Implementation,24.24,0,,4,0,2026-03-22
PRJ-NH-0093,Ring Road - Kanpur to Indore Section (Madhya Pradesh),Ministry of Road Transport & Highways,National Highways,Ring Road,Madhya Pradesh,Korba,BRO,772.06,791.33,801.13,791.33,72.31,61.99,45.76,2017-04-01,2023-03-01,2024-09-21,2024-08-08,2017,96.8,100.0,14,17,Under Implementation,2.5,19,Right-of-Way (RoW) issues; Inter-departmental coordination delays; Rehabilitation and resettlement issues,0,1,2026-03-25
PRJ-NH-0094,"Construction of Bridge/Flyover in Karnal, Uttar Pradesh",Ministry of Road Transport & Highways,National Highways,Bridge/Flyover,Uttar Pradesh,Guntur,UPEIDA,4977.61,6222.41,6431.64,5596.88,811.46,1326.46,684.31,2014-10-01,2020-12-28,2021-08-25,2021-06-01,2014,98.1,89.9,9,10,Under Implementation,25.01,8,Adverse weather conditions,4,2,2026-03-23
PRJ-NH-0095,"Construction of Bridge/Flyover in Meerut, Jharkhand",Ministry of Road Transport & Highways,National Highways,Bridge/Flyover,Jharkhand,Dharwad,BRO,956.0,973.21,992.86,497.62,144.8,150.76,148.01,2022-10-01,2026-04-13,2029-11-23,2029-12-14,2022,52.2,51.1,5,10,Under Implementation,1.8,44,Regulatory approvals pending; Rehabilitation and resettlement issues; Slow mobilization by contractor,0,3,2026-03-07
PRJ-NH-0096,Expressway - Visakhapatnam to Agra Section (Madhya Pradesh),Ministry of Road Transport & Highways,National Highways,Expressway,Madhya Pradesh,Tirunelveli,NHAI,1860.9,2218.37,2374.25,2218.37,424.32,444.64,158.86,2018-04-01,2024-02-29,2025-02-23,2025-04-25,2018,98.8,100.0,7,10,Under Implementation,19.21,12,Forest clearance pending,4,2,2026-03-31
PRJ-NH-0097,Bypass - Patna to Shillong Section (Himachal Pradesh),Ministry of Road Transport & Highways,National Highways,Bypass,Himachal Pradesh,Karnal,State PWD,1642.72,2061.86,2215.84,2061.86,359.05,352.09,290.34,2013-07-01,2019-12-27,2023-04-10,2023-06-26,2013,98.4,100.0,9,12,Under Implementation,25.51,40,Contractual issues with EPC contractor; Land acquisition delays; Inter-departmental coordination delays,1,1,2026-03-03
PRJ-NH-0098,Ring Road Project on NH-18 (Maharashtra),Ministry of Road Transport & Highways,National Highways,Ring Road,Maharashtra,Barmer,State PWD,842.65,852.41,912.27,852.41,104.1,148.25,154.72,2021-01-01,2023-06-20,2023-04-28,2023-10-14,2021,92.3,100.0,17,20,Under Implementation,1.16,0,,0,0,2026-03-23
PRJ-NH-0099,National Highway - Kochi to Vadodara Section (Gujarat),Ministry of Road Transport & Highways,National Highways,National Highway,Gujarat,Khammam,MSRDC,1680.26,1680.26,1767.14,1485.82,284.0,229.38,271.51,2012-07-01,2018-08-29,2021-08-13,2021-11-16,2012,99.9,88.4,13,15,Under Implementation,0,36,Labour shortage; Law and order issues; Geological surprises during construction,4,2,2026-03-03
PRJ-NH-0100,Bypass - Dehradun to Thiruvananthapuram Section (Karnataka),Ministry of Road Transport & Highways,National Highways,Bypass,Karnataka,Latur,State PWD,655.43,711.61,734.76,711.61,156.38,181.08,32.64,2019-07-01,2026-03-26,2029-08-07,2030-01-28,2019,97.6,100.0,7,10,Under Implementation,8.57,41,Equipment delivery delays; Court stay orders; Environmental clearance pending,3,1,2026-03-24
PRJ-NH-0101,Ring Road Project on NH-31 (Tamil Nadu),Ministry of Road Transport & Highways,National Highways,Ring Road,Tamil Nadu,Guntur,NHIDCL,1880.08,2488.7,2529.57,2488.7,622.81,544.89,444.14,2022-04-01,2024-11-16,2024-11-28,2025-02-16,2022,98.2,100.0,11,11,Under Implementation,32.37,0,,1,0,2026-03-20
PRJ-NH-0102,"Construction of Expressway in Tirunelveli, Punjab",Ministry of Road Transport & Highways,National Highways,Expressway,Punjab,Latur,BRO,900.17,930.9,915.67,930.9,0,106.36,66.44,2010-04-01,2016-01-30,2016-04-05,2016-08-27,2010,100.0,100.0,6,6,Completed,3.41,0,,0,0,2026-03-26
PRJ-NH-0103,Ring Road - Pune to Chandigarh Section (Kerala),Ministry of Road Transport & Highways,National Highways,Ring Road,Kerala,Khammam,NHAI,498.18,513.53,506.08,513.53,0,67.9,47.11,2018-01-01,2020-07-19,2020-08-09,2020-09-13,2018,100.0,100.0,8,8,Completed,3.08,0,,0,0,2026-03-23
PRJ-NH-0104,Expressway - Jaipur to Kanpur Section (Delhi),Ministry of Road Transport & Highways,National Highways,Expressway,Delhi,Barmer,State PWD,1684.58,1742.43,1707.83,1742.43,277.67,179.92,278.97,2014-04-01,2018-10-07,2020-09-26,2020-10-14,2014,99.9,100.0,8,8,Under Implementation,3.43,24,Change in technology specifications; Inter-departmental coordination delays,0,2,2026-03-29
PRJ-NH-0105,National Highway - Dehradun to Raipur Section (Madhya Pradesh),Ministry of Road Transport & Highways,National Highways,National Highway,Madhya Pradesh,Salem,NHAI,2030.49,2339.63,2327.72,2047.21,614.22,492.88,309.27,2011-07-01,2014-11-12,2014-09-18,2014-07-22,2011,93.6,87.5,10,10,Under Implementation,15.22,0,,1,0,2026-04-01
PRJ-NH-0106,Ring Road Project on NH-195 (Haryana),Ministry of Road Transport & Highways,National Highways,Ring Road,Haryana,Dharwad,UPEIDA,1512.18,1988.81,2055.43,1036.29,255.44,128.41,333.65,2023-04-01,2029-02-28,2029-05-05,2029-05-31,2023,49.3,52.1,6,11,Under Implementation,31.52,0,,4,0,2026-03-09
PRJ-NH-0107,Expressway Project on NH-85 (Tamil Nadu),Ministry of Road Transport & Highways,National Highways,Expressway,Tamil Nadu,East,NHAI,14061.63,13861.73,14516.25,13861.73,0,1567.55,3418.4,2014-01-01,2018-06-09,2020-11-25,2021-03-05,2014,100.0,100.0,5,5,Completed,-1.42,30,Slow mobilization by contractor; Law and order issues; Utility shifting delays,0,2,2026-03-07
PRJ-NH-0108,Ring Road - Chandigarh to Kolkata Section (Gujarat),Ministry of Road Transport & Highways,National Highways,Ring Road,Gujarat,Dharwad,UPEIDA,446.22,473.1,504.96,453.95,98.35,62.49,43.78,2020-07-01,2025-09-03,2025-11-15,2026-01-21,2020,99.9,96.0,10,13,Under Implementation,6.02,0,,4,0,2026-03-06
PRJ-NH-0109,"Construction of Bypass in Bokaro, Uttar Pradesh",Ministry of Road Transport & Highways,National Highways,Bypass,Uttar Pradesh,South,NHAI,1934.87,2464.91,2614.59,2397.38,451.73,521.8,402.3,2012-07-01,2016-07-10,2016-06-17,2016-10-27,2012,93.6,97.3,6,8,Under Implementation,27.39,0,,2,0,2026-03-22
PRJ-NH-0110,Bridge/Flyover Project on NH-85 (Telangana),Ministry of Road Transport & Highways,National Highways,Bridge/Flyover,Telangana,Guntur,BRO,1529.96,1719.4,1749.52,477.54,121.72,149.73,323.1,2024-10-01,2028-12-09,2029-01-17,2028-11-20,2024,30.5,27.8,0,5,Under Implementation,12.38,0,,1,0,2026-03-31
PRJ-NH-0111,Ring Road Project on NH-136 (Uttar Pradesh),Ministry of Road Transport & Highways,National Highways,Ring Road,Uttar Pradesh,Dibrugarh,NHAI,2766.46,3108.31,3119.66,3108.31,0,409.51,345.41,2018-04-01,2020-06-19,2020-07-04,2020-12-22,2018,100.0,100.0,14,14,Completed,12.36,0,,1,0,2026-03-26
PRJ-NH-0112,Expressway Project on NH-208 (Sikkim),Ministry of Road Transport & Highways,National Highways,Expressway,Sikkim,Meerut,BRO,2437.13,2519.76,2709.09,2317.29,484.33,491.29,538.55,2013-04-01,2015-07-20,2016-03-16,2016-01-06,2013,99.9,92.0,8,10,Under Implementation,3.39,8,Utility shifting delays,0,1,2026-03-10
PRJ-NH-0113,Bridge/Flyover Project on NH-178 (Uttar Pradesh),Ministry of Road Transport & Highways,National Highways,Bridge/Flyover,Uttar Pradesh,Korba,MSRDC,1348.0,1397.5,1454.86,1397.5,210.38,127.5,153.27,2009-10-01,2015-05-03,2018-03-18,2018-07-11,2009,98.2,100.0,4,7,Under Implementation,3.67,35,Change in technology specifications; Regulatory approvals pending; Material supply chain disruption,0,2,2026-03-17
PRJ-NH-0114,National Highway Project on NH-20 (Odisha),Ministry of Road Transport & Highways,National Highways,National Highway,Odisha,Bokaro,BRO,4377.24,4289.9,4372.77,3674.32,426.45,656.67,293.02,2013-04-01,2018-10-02,2019-08-28,2019-11-30,2013,90.2,85.7,9,10,Under Implementation,-2.0,11,Adverse weather conditions; Fund release delays,0,3,2026-03-14
PRJ-NH-0115,National Highway - Indore to Nagpur Section (Uttar Pradesh),Ministry of Road Transport & Highways,National Highways,National Highway,Uttar Pradesh,Raichur,BRO,365.53,368.13,395.72,368.13,0,53.44,50.34,2011-01-01,2014-02-14,2014-03-26,2014-07-03,2011,100.0,100.0,13,13,Completed,0.71,0,,4,0,2026-03-15
PRJ-NH-0116,Bridge/Flyover - Chennai to Visakhapatnam Section (Kerala),Ministry of Road Transport & Highways,National Highways,Bridge/Flyover,Kerala,Siliguri,State PWD,1124.6,1108.88,1105.94,1108.88,0,67.37,238.5,2019-10-01,2022-10-15,2023-04-13,2023-06-28,2019,100.0,100.0,11,11,Completed,-1.4,6,Change in project scope,0,3,2026-03-13
PRJ-NH-0117,Bypass Project on NH-86 (Bihar),Ministry of Road Transport & Highways,National Highways,Bypass,Bihar,Central,NHIDCL,1025.26,1061.41,1104.25,1061.41,185.72,123.45,89.64,2014-07-01,2018-02-10,2021-09-22,2022-02-16,2014,99.9,100.0,13,13,Under Implementation,3.53,44,Equipment delivery delays; Contractual issues with EPC contractor; Fund release delays,0,2,2026-03-05
PRJ-NH-0118,National Highway - Nagpur to Udaipur Section (Karnataka),Ministry of Road Transport & Highways,National Highways,National Highway,Karnataka,Korba,MSRDC,1080.81,1387.82,1459.39,1387.82,246.86,325.34,204.0,2020-04-01,2025-07-04,2025-05-07,2025-07-23,2020,99.4,100.0,4,7,Under Implementation,28.41,0,,2,0,2026-03-14
PRJ-NH-0119,"Construction of Bridge/Flyover in Siliguri, Kerala",Ministry of Road Transport & Highways,National Highways,Bridge/Flyover,Kerala,Hassan,NHAI,3914.58,4426.64,4357.2,4426.64,551.91,361.94,929.79,2010-04-01,2017-01-24,2017-04-01,2017-05-19,2010,98.6,100.0,17,20,Under Implementation,13.08,0,,3,0,2026-03-21
PRJ-NH-0120,Bridge/Flyover Project on NH-328 (Punjab),Ministry of Road Transport & Highways,National Highways,Bridge/Flyover,Punjab,Satna,UPEIDA,1125.16,1132.3,1110.97,1132.3,0,114.55,71.3,2015-07-01,2021-03-31,2021-05-19,2021-03-03,2015,100.0,100.0,19,19,Completed,0.63,0,,0,0,2026-03-15
PRJ-NH-0121,Expressway Project on NH-352 (Nagaland),Ministry of Road Transport & Highways,National Highways,Expressway,Nagaland,West,NHAI,485.94,500.99,521.0,500.99,0,73.94,83.81,2015-10-01,2022-01-27,2023-06-21,2023-08-30,2015,100.0,100.0,8,8,Completed,3.1,17,Rehabilitation and resettlement issues; Adverse weather conditions; Utility shifting delays,0,2,2026-03-20
PRJ-NH-0122,"Construction of Bypass in West, Uttar Pradesh",Ministry of Road Transport & Highways,National Highways,Bypass,Uttar Pradesh,Hassan,UPEIDA,583.08,583.08,604.53,583.08,0,63.89,36.36,2010-04-01,2014-09-07,2016-09-26,2016-12-09,2010,100.0,100.0,19,19,Completed,0,25,COVID-19 pandemic impact; Regulatory approvals pending; Adverse weather conditions,4,3,2026-03-19
PRJ-NH-0123,"Construction of Bypass in Durg, Telangana",Ministry of Road Transport & Highways,National Highways,Bypass,Telangana,Nellore,NHIDCL,1349.06,1504.52,1552.23,1504.52,0,213.63,87.1,2011-01-01,2013-09-17,2013-12-06,2014-05-20,2011,100.0,100.0,11,11,Completed,11.52,0,,2,0,2026-03-16
PRJ-NH-0124,Ring Road - Bangalore to Mumbai Section (Odisha),Ministry of Road Transport & Highways,National Highways,Ring Road,Odisha,Satna,State PWD,5247.79,5391.43,5767.61,5391.43,0,699.19,490.82,2020-01-01,2022-07-19,2022-08-03,2022-08-09,2020,100.0,100.0,12,12,Completed,2.74,0,,0,0,2026-03-23
PRJ-NH-0125,Ring Road - Jaipur to Varanasi Section (Karnataka),Ministry of Road Transport & Highways,National Highways,Ring Road,Karnataka,West,NHIDCL,1703.51,1775.26,1763.94,1775.26,0,211.05,319.85,2016-01-01,2017-12-21,2017-12-21,2018-06-13,2016,100.0,100.0,12,12,Completed,4.21,0,,0,1,2026-03-19
PRJ-NH-0126,Expressway - Udaipur to Pune Section (Uttar Pradesh),Ministry of Road Transport & Highways,National Highways,Expressway,Uttar Pradesh,Meerut,MSRDC,150,147.56,156.38,147.56,36.64,36.35,23.44,2012-01-01,2014-12-16,2016-06-08,2016-04-15,2012,99.7,100.0,13,14,Under Implementation,-1.63,18,Right-of-Way (RoW) issues; Geological surprises during construction; Change in technology specifications,0,1,2026-03-16
PRJ-NH-0127,"Construction of Ring Road in Dibrugarh, Odisha",Ministry of Road Transport & Highways,National Highways,Ring Road,Odisha,Bokaro,NHIDCL,518.51,607.66,631.25,547.72,99.96,120.74,61.83,2020-04-01,2023-05-16,2026-01-30,2026-05-04,2020,97.7,90.1,13,13,Under Implementation,17.19,33,Design changes during execution,4,1,2026-03-25
PRJ-NH-0128,National Highway - Surat to Gangtok Section (Uttar Pradesh),Ministry of Road Transport & Highways,National Highways,National Highway,Uttar Pradesh,West,MSRDC,4068.93,4232.57,4451.37,4232.57,856.76,1042.88,255.69,2011-10-01,2014-01-18,2014-02-19,2014-03-01,2011,98.5,100.0,7,9,Under Implementation,4.02,0,,0,0,2026-03-17
PRJ-NH-0129,"Construction of Expressway in Hassan, Punjab",Ministry of Road Transport & Highways,National Highways,Expressway,Punjab,Tirunelveli,State PWD,341.57,342.97,362.45,342.97,0,37.2,56.17,2015-10-01,2022-07-26,2022-07-26,2022-10-26,2015,100.0,100.0,12,12,Completed,0.41,0,,0,1,2026-03-11
PRJ-NH-0130,"Construction of Bypass in Salem, Andhra Pradesh",Ministry of Road Transport & Highways,National Highways,Bypass,Andhra Pradesh,Khammam,MSRDC,993.41,1014.47,1016.5,1014.47,305.09,173.01,99.02,2011-04-01,2014-08-13,2017-08-27,2017-10-11,2011,98.0,100.0,12,14,Under Implementation,2.12,37,Environmental clearance pending; Material supply chain disruption; Rehabilitation and resettlement issues,0,2,2026-03-08
PRJ-NH-0131,"Construction of Expressway in Dibrugarh, Maharashtra",Ministry of Road Transport & Highways,National Highways,Expressway,Maharashtra,Salem,MSRDC,7137.92,7083.21,7262.39,0.0,854.14,817.96,253.89,2024-10-01,2030-11-29,2034-01-12,2034-06-26,2024,0,0.0,0,18,Under Implementation,-0.77,38,Slow mobilization by contractor; Geological surprises during construction; Material supply chain disruption,0,2,2026-03-14
PRJ-NH-0132,"Construction of National Highway in Latur, Tamil Nadu",Ministry of Road Transport & Highways,National Highways,National Highway,Tamil Nadu,Bijapur,State PWD,1515.83,1515.83,1586.5,1302.08,87.41,97.12,163.6,2022-04-01,2024-05-20,2024-05-20,2024-11-04,2022,99.7,85.9,10,12,Under Implementation,0,0,,1,2,2026-03-06
PRJ-NH-0133,Bypass Project on NH-104 (West Bengal),Ministry of Road Transport & Highways,National Highways,Bypass,West Bengal,Raigad,NHIDCL,3070.94,4298.21,4454.25,4298.21,0,466.83,329.92,2018-04-01,2021-02-14,2022-06-09,2022-04-03,2018,100.0,100.0,5,5,Completed,39.96,16,Labour shortage; State government coordination issues,3,2,2026-03-18
PRJ-NH-0134,"Construction of Expressway in Dibrugarh, Tamil Nadu",Ministry of Road Transport & Highways,National Highways,Expressway,Tamil Nadu,Siliguri,MSRDC,873.71,1028.48,1075.38,998.91,292.65,128.44,74.01,2020-01-01,2023-02-14,2026-04-29,2026-08-06,2020,99.9,97.1,14,14,Under Implementation,17.71,39,Fund release delays; Adverse weather conditions,4,1,2026-04-01
PRJ-NH-0135,National Highway Project on NH-246 (Maharashtra),Ministry of Road Transport & Highways,National Highways,National Highway,Maharashtra,Nellore,MSRDC,875.68,1153.18,1165.36,785.31,152.6,132.51,205.47,2020-10-01,2026-01-03,2029-08-15,2029-07-16,2020,74.4,68.1,5,9,Under Implementation,31.69,44,Change in project scope,2,1,2026-03-30
PRJ-NH-0136,Bridge/Flyover Project on NH-242 (Madhya Pradesh),Ministry of Road Transport & Highways,National Highways,Bridge/Flyover,Madhya Pradesh,West,State PWD,2089.66,2879.89,3082.17,2879.89,0,315.44,82.58,2011-04-01,2013-06-19,2014-05-15,2014-06-23,2011,100.0,100.0,20,20,Completed,37.82,11,Regulatory approvals pending; Utility shifting delays,4,3,2026-03-20
PRJ-NH-0137,"Construction of Expressway in Nellore, Bihar",Ministry of Road Transport & Highways,National Highways,Expressway,Bihar,Salem,BRO,1977.73,3039.41,3261.44,2655.46,272.08,233.45,103.55,2015-10-01,2020-11-03,2025-01-11,2025-02-08,2015,99.9,87.4,3,6,Under Implementation,53.68,51,Geological surprises during construction; State government coordination issues; Slow mobilization by contractor,2,1,2026-03-30
PRJ-NH-0138,Bridge/Flyover Project on NH-108 (Gujarat),Ministry of Road Transport & Highways,National Highways,Bridge/Flyover,Gujarat,Latur,UPEIDA,491.77,649.17,676.01,649.17,77.56,49.38,52.26,2018-10-01,2025-03-28,2027-03-18,2027-05-16,2018,99.5,100.0,5,8,Under Implementation,32.01,24,Right-of-Way (RoW) issues; Geological surprises during construction,4,3,2026-03-11
PRJ-NH-0139,Expressway Project on NH-133 (Madhya Pradesh),Ministry of Road Transport & Highways,National Highways,Expressway,Madhya Pradesh,West,MSRDC,1195.6,1253.43,1277.63,1253.43,0,100.37,49.11,2011-01-01,2015-12-06,2016-02-29,2016-02-05,2011,100.0,100.0,11,11,Completed,4.84,0,,0,0,2026-03-02
PRJ-NH-0140,"Construction of Ring Road in Bokaro, Gujarat",Ministry of Road Transport & Highways,National Highways,Ring Road,Gujarat,Tumkur,BRO,268.91,277.51,288.95,16.75,0.08,0.63,50.33,2008-07-01,2012-04-11,2015-01-26,2015-02-11,2008,6.0,6.0,2,17,Shelved,3.2,34,Rehabilitation and resettlement issues,0,1,2026-04-01
PRJ-NH-0141,Expressway - Ranchi to Delhi Section (Punjab),Ministry of Road Transport & Highways,National Highways,Expressway,Punjab,Anand,BRO,750.24,778.32,792.99,778.32,133.8,189.88,179.46,2012-10-01,2018-04-03,2018-04-03,2018-08-26,2012,99.9,100.0,18,18,Under Implementation,3.74,0,,0,2,2026-03-31
PRJ-NH-0142,"Construction of National Highway in Dharwad, Gujarat",Ministry of Road Transport & Highways,National Highways,National Highway,Gujarat,Tirunelveli,MSRDC,150,164.77,168.59,164.77,0,23.78,24.54,2015-10-01,2019-02-12,2022-01-27,2022-06-14,2015,100.0,100.0,13,13,Completed,9.85,36,Rehabilitation and resettlement issues; Equipment delivery delays,3,2,2026-03-28
PRJ-NH-0143,National Highway - Bhopal to Bhubaneswar Section (Madhya Pradesh),Ministry of Road Transport & Highways,National Highways,National Highway,Madhya Pradesh,Anand,MSRDC,196.34,196.58,207.42,140.8,36.49,24.52,10.66,2023-04-01,2026-10-12,2028-04-04,2028-04-21,2023,73.4,71.6,5,7,Under Implementation,0.12,18,Design changes during execution; Adverse weather conditions; Inter-departmental coordination delays,0,3,2026-03-27
PRJ-NH-0144,National Highway - Ranchi to Nagpur Section (Bihar),Ministry of Road Transport & Highways,National Highways,National Highway,Bihar,Jharsuguda,NHIDCL,1331.36,1360.88,1345.83,553.48,4.84,33.99,111.97,2020-07-01,2025-05-06,2025-05-12,2025-09-02,2020,42.5,40.7,5,16,Stalled,2.22,0,,0,0,2026-03-31
PRJ-NH-0145,Bridge/Flyover - Jodhpur to Kanpur Section (Delhi),Ministry of Road Transport & Highways,National Highways,Bridge/Flyover,Delhi,Nellore,NHIDCL,1387.68,1412.37,1399.48,1412.37,0,195.04,229.62,2009-10-01,2015-08-01,2015-08-24,2015-10-06,2009,100.0,100.0,15,15,Completed,1.78,0,,0,0,2026-03-13
PRJ-NH-0146,"Construction of Ring Road in Korba, Karnataka",Ministry of Road Transport & Highways,National Highways,Ring Road,Karnataka,Bijapur,UPEIDA,1462.52,1469.71,1560.25,1469.71,0,179.71,206.58,2014-10-01,2019-10-05,2019-10-05,2020-01-14,2014,100.0,100.0,18,18,Completed,0.49,0,,0,2,2026-03-19
PRJ-NH-0147,Expressway Project on NH-169 (Haryana),Ministry of Road Transport & Highways,National Highways,Expressway,Haryana,Latur,NHAI,7272.2,9501.54,10101.71,9501.54,1211.53,1833.74,260.81,2017-04-01,2022-11-01,2022-11-03,2022-11-11,2017,94.4,100.0,9,12,Under Implementation,30.66,0,,2,0,2026-03-07
PRJ-NH-0148,"Construction of Expressway in Hassan, Uttar Pradesh",Ministry of Road Transport & Highways,National Highways,Expressway,Uttar Pradesh,Salem,NHIDCL,2013.44,2141.05,2247.0,2141.05,171.83,256.1,101.88,2009-04-01,2011-04-21,2011-03-04,2011-01-16,2009,99.9,100.0,12,12,Under Implementation,6.34,0,,1,0,2026-03-19
PRJ-NH-0149,Bypass Project on NH-8 (Uttarakhand),Ministry of Road Transport & Highways,National Highways,Bypass,Uttarakhand,Raichur,NHIDCL,1863.37,2191.83,2178.07,2191.83,243.0,230.02,162.07,2021-04-01,2026-09-02,2026-08-01,2026-08-16,2021,99.9,100.0,7,7,Under Implementation,17.63,0,,3,0,2026-03-26
PRJ-NH-0150,Bridge/Flyover - Coimbatore to Gangtok Section (Madhya Pradesh),Ministry of Road Transport & Highways,National Highways,Bridge/Flyover,Madhya Pradesh,Nellore,NHIDCL,1969.48,1962.07,2047.23,154.09,274.82,330.92,431.72,2024-07-01,2030-05-01,2030-05-03,2030-03-01,2024,9.0,7.9,1,5,Under Implementation,-0.38,0,,0,0,2026-03-02
PRJ-NH-0151,Bypass Project on NH-337 (Maharashtra),Ministry of Road Transport & Highways,National Highways,Bypass,Maharashtra,North,UPEIDA,3483.98,3557.11,3716.83,3557.11,0,501.36,541.32,2012-10-01,2015-11-15,2023-02-06,2022-11-12,2012,100.0,100.0,17,17,Completed,2.1,88,Environmental clearance pending; Geological surprises during construction; Inter-departmental coordination delays,0,2,2026-03-18
PRJ-NH-0152,Expressway - Dehradun to Visakhapatnam Section (Rajasthan),Ministry of Road Transport & Highways,National Highways,Expressway,Rajasthan,Raichur,NHAI,1306.59,1306.59,1317.91,1289.47,173.9,156.57,284.04,2013-04-01,2015-05-21,2015-08-18,2015-06-25,2013,99.9,98.7,13,14,Under Implementation,0,0,,4,0,2026-03-13
PRJ-NH-0153,Ring Road - Imphal to Kochi Section (Tamil Nadu),Ministry of Road Transport & Highways,National Highways,Ring Road,Tamil Nadu,Central,UPEIDA,496.59,580.2,620.54,580.2,0,49.1,95.96,2016-01-01,2018-02-19,2018-03-21,2018-09-07,2016,100.0,100.0,8,8,Completed,16.84,0,,3,0,2026-03-18
PRJ-NH-0154,"Construction of Expressway in North, Odisha",Ministry of Road Transport & Highways,National Highways,Expressway,Odisha,Siliguri,NHAI,1045.01,1096.14,1117.16,1096.14,118.58,141.99,158.87,2015-04-01,2020-05-04,2023-09-16,2023-06-30,2015,97.7,100.0,10,13,Under Implementation,4.89,41,Material supply chain disruption; Court stay orders; Land acquisition delays,0,1,2026-03-27
PRJ-NH-0155,National Highway Project on NH-291 (Gujarat),Ministry of Road Transport & Highways,National Highways,National Highway,Gujarat,Central,NHIDCL,432.07,445.57,479.63,445.57,110.23,105.29,73.53,2019-01-01,2022-01-15,2022-02-05,2022-07-04,2019,99.9,100.0,17,17,Under Implementation,3.12,0,,0,0,2026-03-03
PRJ-NH-0156,Ring Road - Bangalore to Ludhiana Section (Uttar Pradesh),Ministry of Road Transport & Highways,National Highways,Ring Road,Uttar Pradesh,North,NHIDCL,6911.47,9270.43,9323.91,8438.19,1349.49,1523.32,538.19,2020-07-01,2027-01-26,2026-12-15,2027-02-07,2020,88.5,91.0,17,20,Under Implementation,34.13,0,,1,0,2026-03-03
PRJ-NH-0157,"Construction of National Highway in Siliguri, Karnataka",Ministry of Road Transport & Highways,National Highways,National Highway,Karnataka,Bokaro,NHIDCL,1361.29,1427.52,1444.13,1427.52,0,187.37,269.32,2013-10-01,2016-11-14,2017-02-08,2016-12-08,2013,100.0,100.0,18,18,Completed,4.87,0,,0,0,2026-03-24
PRJ-NH-0158,Ring Road - Udaipur to Shimla Section (Telangana),Ministry of Road Transport & Highways,National Highways,Ring Road,Telangana,East,UPEIDA,1951.54,1988.71,2068.78,1644.4,129.87,176.82,92.58,2017-10-01,2021-08-11,2023-12-29,2024-02-11,2017,96.5,82.7,12,12,Under Implementation,1.9,29,Contractual issues with EPC contractor; Fund release delays; Change in technology specifications,0,3,2026-03-12
PRJ-NH-0159,"Construction of Ring Road in Bijapur, Uttar Pradesh",Ministry of Road Transport & Highways,National Highways,Ring Road,Uttar Pradesh,Khammam,NHIDCL,222.81,327.47,321.8,320.21,21.75,21.55,46.6,2009-04-01,2011-07-20,2011-09-06,2011-09-29,2009,99.2,97.8,7,8,Under Implementation,46.97,0,,3,0,2026-03-27
PRJ-NH-0160,Expressway Project on NH-66 (Rajasthan),Ministry of Road Transport & Highways,National Highways,Expressway,Rajasthan,Nellore,NHAI,1298.67,1340.92,1322.62,1073.59,139.48,66.57,303.89,2020-07-01,2027-02-25,2028-11-16,2028-11-06,2020,86.2,80.1,10,15,Under Implementation,3.25,21,Utility shifting delays,0,2,2026-03-09
PRJ-NH-0161,National Highway Project on NH-177 (Tamil Nadu),Ministry of Road Transport & Highways,National Highways,National Highway,Tamil Nadu,Jalgaon,UPEIDA,2667.67,2725.96,2783.67,2602.61,281.31,343.82,501.77,2022-07-01,2025-02-15,2026-11-07,2027-02-27,2022,90.9,95.5,15,19,Under Implementation,2.19,21,Design changes during execution; Material supply chain disruption; Regulatory approvals pending,0,1,2026-03-04
PRJ-NH-0162,Expressway - Raipur to Shimla Section (Ladakh),Ministry of Road Transport & Highways,National Highways,Expressway,Ladakh,Jalgaon,NHIDCL,258.19,267.09,267.87,218.61,19.61,22.85,17.32,2011-01-01,2017-07-28,2020-04-13,2020-08-11,2011,93.0,81.8,5,8,Under Implementation,3.45,33,Regulatory approvals pending; Fund release delays,0,1,2026-03-15
PRJ-NH-0163,"Construction of Expressway in Korba, Jammu & Kashmir",Ministry of Road Transport & Highways,National Highways,Expressway,Jammu & Kashmir,South,NHAI,696.11,688.34,701.11,202.3,155.32,124.68,47.73,2024-01-01,2029-11-30,2029-12-07,2030-02-02,2024,29.8,29.4,1,12,Under Implementation,-1.12,0,,0,0,2026-03-08
PRJ-NH-0164,"Construction of National Highway in Jalgaon, Maharashtra",Ministry of Road Transport & Highways,National Highways,National Highway,Maharashtra,Warangal,MSRDC,1406.95,1439.6,1479.17,399.37,6.14,29.68,153.39,2010-04-01,2014-07-09,2016-03-30,2016-03-11,2010,27.4,27.7,2,12,Shelved,2.32,21,State government coordination issues; Inter-departmental coordination delays,0,1,2026-03-06
PRJ-NH-0165,Expressway - Patna to Kanpur Section (Uttar Pradesh),Ministry of Road Transport & Highways,National Highways,Expressway,Uttar Pradesh,Latur,NHIDCL,371.96,364.72,360.52,364.72,0,26.97,31.09,2012-10-01,2014-11-20,2017-09-05,2017-07-01,2012,100.0,100.0,16,16,Completed,-1.95,34,Geological surprises during construction; Labour shortage; Inter-departmental coordination delays,0,2,2026-03-31
PRJ-NH-0166,"Construction of National Highway in Bijapur, Chhattisgarh",Ministry of Road Transport & Highways,National Highways,National Highway,Chhattisgarh,Bokaro,NHAI,533.21,539.92,547.48,506.32,85.25,104.78,123.03,2010-07-01,2013-12-12,2014-10-08,2014-11-12,2010,99.9,93.8,7,7,Under Implementation,1.26,10,Design changes during execution; Equipment delivery delays,0,2,2026-03-21
PRJ-NH-0167,Ring Road - Guwahati to Kolkata Section (Maharashtra),Ministry of Road Transport & Highways,National Highways,Ring Road,Maharashtra,Khammam,MSRDC,482.27,503.93,521.02,503.93,0,32.81,87.04,2008-10-01,2012-09-10,2012-09-02,2012-11-22,2008,100.0,100.0,8,8,Completed,4.49,0,,0,0,2026-03-14
PRJ-NH-0168,Bypass Project on NH-21 (Odisha),Ministry of Road Transport & Highways,National Highways,Bypass,Odisha,Anand,NHIDCL,1428.82,1457.23,1483.46,1457.23,0,136.59,231.29,2012-04-01,2018-09-27,2018-08-16,2018-09-01,2012,100.0,100.0,17,17,Completed,1.99,0,,0,0,2026-03-26
PRJ-NH-0169,Bypass Project on NH-95 (Uttarakhand),Ministry of Road Transport & Highways,National Highways,Bypass,Uttarakhand,Nellore,NHIDCL,696.45,725.01,748.86,695.05,142.96,81.9,92.79,2019-04-01,2021-07-19,2021-07-30,2021-10-09,2019,99.9,95.9,17,18,Under Implementation,4.1,0,,0,0,2026-03-16
PRJ-NH-0170,"Construction of Bridge/Flyover in Meerut, West Bengal",Ministry of Road Transport & Highways,National Highways,Bridge/Flyover,West Bengal,Hassan,BRO,457.65,609.85,604.26,609.85,0,80.8,111.3,2014-07-01,2017-03-17,2017-02-08,2017-02-28,2014,100.0,100.0,5,5,Completed,33.26,0,,1,0,2026-03-22
PRJ-NH-0171,Bridge/Flyover - Chandigarh to Shimla Section (Himachal Pradesh),Ministry of Road Transport & Highways,National Highways,Bridge/Flyover,Himachal Pradesh,West,NHAI,1045.81,1231.45,1321.52,1191.24,122.14,104.22,147.72,2020-07-01,2024-06-10,2026-11-27,2026-12-16,2020,96.3,96.7,8,11,Under Implementation,17.75,30,Change in technology specifications; Land acquisition delays; Contractual issues with EPC contractor,4,3,2026-03-20
PRJ-NH-0172,Bridge/Flyover - Chandigarh to Patna Section (Maharashtra),Ministry of Road Transport & Highways,National Highways,Bridge/Flyover,Maharashtra,Karnal,NHAI,5591.12,5723.91,5809.08,5436.44,1088.89,838.83,1165.02,2009-04-01,2014-06-04,2016-08-22,2016-10-05,2009,98.1,95.0,7,9,Under Implementation,2.38,27,Change in technology specifications; Design changes during execution; COVID-19 pandemic impact,0,1,2026-03-05
PRJ-NH-0173,Expressway - Kochi to Imphal Section (Tamil Nadu),Ministry of Road Transport & Highways,National Highways,Expressway,Tamil Nadu,Durg,NHAI,2916.13,2946.12,2928.42,2946.12,0,319.52,167.54,2014-10-01,2019-11-04,2019-11-18,2019-10-30,2014,100.0,100.0,14,14,Completed,1.03,0,,0,0,2026-03-19
PRJ-NH-0174,Expressway Project on NH-44 (Kerala),Ministry of Road Transport & Highways,National Highways,Expressway,Kerala,Tirunelveli,MSRDC,1128.79,1153.8,1241.44,1000.37,168.46,131.83,107.47,2008-07-01,2012-11-07,2012-11-08,2013-01-19,2008,96.8,86.7,10,11,Under Implementation,2.22,0,,0,0,2026-03-15
PRJ-NH-0175,Bridge/Flyover - Kochi to Ranchi Section (Telangana),Ministry of Road Transport & Highways,National Highways,Bridge/Flyover,Telangana,Dharwad,NHAI,1768.31,1837.11,1918.41,366.49,4.68,18.83,227.02,2017-10-01,2022-06-07,2026-03-18,2026-06-20,2017,19.4,19.9,3,20,Shelved,3.89,46,Material supply chain disruption; Environmental clearance pending; Change in technology specifications,0,1,2026-03-08
PRJ-NH-0176,Ring Road Project on NH-209 (Uttar Pradesh),Ministry of Road Transport & Highways,National Highways,Ring Road,Uttar Pradesh,Siliguri,NHAI,404.1,422.5,418.19,376.65,93.12,78.85,55.61,2012-07-01,2016-06-10,2016-08-04,2016-08-23,2012,99.9,89.1,7,9,Under Implementation,4.55,0,,0,0,2026-03-15
PRJ-NH-0177,Bypass Project on NH-1 (Uttar Pradesh),Ministry of Road Transport & Highways,National Highways,Bypass,Uttar Pradesh,South,NHIDCL,1401.75,1446.37,1545.74,1446.37,0,184.57,158.4,2010-04-01,2014-02-09,2015-12-31,2015-12-31,2010,100.0,100.0,12,12,Completed,3.18,23,Labour shortage; Court stay orders; Inter-departmental coordination delays,0,1,2026-03-09
PRJ-NH-0178,Ring Road Project on NH-321 (Haryana),Ministry of Road Transport & Highways,National Highways,Ring Road,Haryana,Jalgaon,UPEIDA,1724.71,2126.62,2134.07,2126.62,0,158.34,194.14,2015-04-01,2021-07-28,2026-03-04,2026-05-13,2015,100.0,100.0,8,8,Completed,23.3,56,Right-of-Way (RoW) issues; Fund release delays; Slow mobilization by contractor,1,1,2026-03-11
PRJ-NH-0179,Expressway Project on NH-319 (Punjab),Ministry of Road Transport & Highways,National Highways,Expressway,Punjab,Guntur,State PWD,2527.51,2579.45,2754.17,2579.45,475.42,402.33,308.55,2022-07-01,2025-02-15,2024-12-25,2024-12-25,2022,99.9,100.0,4,7,Under Implementation,2.05,0,,0,0,2026-03-26
PRJ-NH-0180,Expressway Project on NH-108 (Uttarakhand),Ministry of Road Transport & Highways,National Highways,Expressway,Uttarakhand,Siliguri,NHIDCL,1164.74,1174.45,1262.48,1174.45,0,63.14,186.62,2009-10-01,2013-01-13,2018-03-18,2018-09-11,2009,100.0,100.0,15,15,Completed,0.83,63,Slow mobilization by contractor; Court stay orders,0,3,2026-03-26
PRJ-NH-0181,Bridge/Flyover - Agra to Jodhpur Section (West Bengal),Ministry of Road Transport & Highways,National Highways,Bridge/Flyover,West Bengal,Rourkela,NHAI,3078.11,3170.78,3172.18,311.66,2.63,6.61,157.3,2022-07-01,2024-12-17,2027-08-04,2027-10-19,2022,9.2,9.8,1,20,Stalled,3.01,32,Rehabilitation and resettlement issues; Regulatory approvals pending,0,1,2026-03-10
PRJ-NH-0182,"Construction of Expressway in Anand, West Bengal",Ministry of Road Transport & Highways,National Highways,Expressway,West Bengal,North,BRO,622.04,640.86,632.95,640.86,41.38,68.05,87.41,2019-10-01,2025-12-28,2025-12-28,2026-06-12,2019,94.9,100.0,18,19,Under Implementation,3.03,0,,4,2,2026-03-09
PRJ-NH-0183,Expressway Project on NH-5 (Uttar Pradesh),Ministry of Road Transport & Highways,National Highways,Expressway,Uttar Pradesh,South,NHAI,5992.87,6152.15,6614.02,4938.33,1639.08,1828.72,605.18,2022-01-01,2028-08-27,2028-07-01,2028-07-20,2022,86.6,80.3,9,12,Under Implementation,2.66,0,,0,0,2026-03-14
PRJ-NH-0184,Ring Road - Shillong to Pune Section (Punjab),Ministry of Road Transport & Highways,National Highways,Ring Road,Punjab,South,BRO,1428.34,1798.54,1855.62,1798.54,0,107.97,331.21,2016-01-01,2019-07-14,2019-06-26,2019-09-17,2016,100.0,100.0,10,10,Completed,25.92,0,,2,0,2026-03-12
PRJ-NH-0185,"Construction of National Highway in Warangal, Chhattisgarh",Ministry of Road Transport & Highways,National Highways,National Highway,Chhattisgarh,Hassan,UPEIDA,2125.39,2202.01,2304.18,2028.88,438.32,375.99,280.63,2013-04-01,2020-02-24,2020-05-23,2020-07-08,2013,99.9,92.1,5,8,Under Implementation,3.6,0,,0,0,2026-03-29
PRJ-NH-0186,"Construction of Expressway in Dibrugarh, Punjab",Ministry of Road Transport & Highways,National Highways,Expressway,Punjab,Hassan,NHIDCL,5786.84,5792.86,6145.85,5792.86,0,856.81,1025.87,2022-07-01,2024-12-17,2024-12-17,2024-11-06,2022,100.0,100.0,20,20,Completed,0.1,0,,0,3,2026-03-06
PRJ-NH-0187,"Construction of Ring Road in Barmer, Jharkhand",Ministry of Road Transport & Highways,National Highways,Ring Road,Jharkhand,Dibrugarh,UPEIDA,2994.42,2951.36,3034.49,2039.9,473.62,556.79,446.69,2020-04-01,2025-09-02,2030-11-05,2030-09-14,2020,60.5,69.1,8,17,Under Implementation,-1.44,63,Land acquisition delays,0,3,2026-03-08
PRJ-NH-0188,Expressway Project on NH-175 (Gujarat),Ministry of Road Transport & Highways,National Highways,Expressway,Gujarat,Durg,State PWD,689.84,929.65,933.87,929.65,0,82.05,163.39,2012-07-01,2017-08-04,2018-05-31,2018-03-26,2012,100.0,100.0,13,13,Completed,34.76,10,Court stay orders; Utility shifting delays; Right-of-Way (RoW) issues,4,2,2026-03-29
PRJ-NH-0189,Bypass - Amritsar to Imphal Section (Sikkim),Ministry of Road Transport & Highways,National Highways,Bypass,Sikkim,Bijapur,BRO,5500.91,5401.45,5780.61,5401.45,0,749.57,1274.85,2013-04-01,2015-05-21,2015-04-24,2015-04-20,2013,100.0,100.0,6,6,Completed,-1.81,0,,0,0,2026-03-30
PRJ-NH-0190,Bridge/Flyover Project on NH-266 (Andhra Pradesh),Ministry of Road Transport & Highways,National Highways,Bridge/Flyover,Andhra Pradesh,Bijapur,State PWD,1557.19,1553.47,1595.57,1553.47,142.58,104.24,113.42,2013-07-01,2019-08-29,2019-10-12,2019-10-10,2013,99.9,100.0,7,10,Under Implementation,-0.24,0,,0,0,2026-04-01
PRJ-NH-0191,Ring Road Project on NH-88 (Karnataka),Ministry of Road Transport & Highways,National Highways,Ring Road,Karnataka,Bijapur,BRO,992.31,991.62,1024.83,885.71,157.95,205.21,60.72,2009-10-01,2012-11-14,2012-11-14,2013-01-12,2009,98.1,89.3,10,12,Under Implementation,-0.07,0,,0,2,2026-03-12
PRJ-NH-0192,Expressway Project on NH-187 (Telangana),Ministry of Road Transport & Highways,National Highways,Expressway,Telangana,Tirunelveli,MSRDC,1208.61,1225.33,1312.27,1109.17,135.87,140.67,257.31,2012-04-01,2014-04-21,2015-11-12,2015-11-01,2012,98.6,90.5,11,11,Under Implementation,1.38,19,Utility shifting delays; COVID-19 pandemic impact; Fund release delays,0,3,2026-03-22
PRJ-NH-0193,"Construction of Bypass in Chittoor, Mizoram",Ministry of Road Transport & Highways,National Highways,Bypass,Mizoram,Satna,State PWD,1928.73,2042.55,2036.8,2042.55,665.27,504.13,157.85,2019-01-01,2024-02-04,2024-04-23,2024-05-24,2019,99.9,100.0,18,18,Under Implementation,5.9,0,,4,0,2026-03-08
PRJ-NH-0194,"Construction of Expressway in Khammam, Gujarat",Ministry of Road Transport & Highways,National Highways,Expressway,Gujarat,Bijapur,NHAI,1115.05,1144.23,1126.4,235.96,129.55,50.93,221.23,2024-07-01,2030-08-29,2030-10-15,2031-03-02,2024,18.1,20.6,0,6,Under Implementation,2.62,0,,0,0,2026-03-03
PRJ-NH-0195,Bypass - Shimla to Chennai Section (Kerala),Ministry of Road Transport & Highways,National Highways,Bypass,Kerala,Dibrugarh,NHIDCL,1893.53,1873.51,1938.62,0.0,192.84,209.6,257.19,2024-07-01,2030-10-28,2033-02-14,2033-03-05,2024,0,0.0,1,10,Under Implementation,-1.06,28,Law and order issues,0,2,2026-03-11
PRJ-NH-0196,"Construction of Bridge/Flyover in East, Andhra Pradesh",Ministry of Road Transport & Highways,National Highways,Bridge/Flyover,Andhra Pradesh,Solapur,MSRDC,2535.14,3069.28,3230.17,3069.28,0,201.13,156.78,2018-10-01,2021-05-18,2022-06-12,2022-08-05,2018,100.0,100.0,13,13,Completed,21.07,13,Court stay orders; Slow mobilization by contractor; Adverse weather conditions,4,1,2026-03-25
PRJ-NH-0197,Ring Road Project on NH-19 (Meghalaya),Ministry of Road Transport & Highways,National Highways,Ring Road,Meghalaya,Durg,BRO,1446.84,1425.39,1436.7,1240.75,185.81,101.13,313.71,2011-10-01,2016-09-04,2016-07-15,2016-09-05,2011,93.0,87.0,17,18,Under Implementation,-1.48,0,,0,0,2026-03-25
PRJ-NH-0198,Bridge/Flyover Project on NH-179 (Punjab),Ministry of Road Transport & Highways,National Highways,Bridge/Flyover,Punjab,Karnal,UPEIDA,753.41,884.46,952.54,830.37,128.96,204.17,154.01,2022-01-01,2025-03-16,2025-03-11,2025-05-15,2022,93.7,93.9,15,16,Under Implementation,17.39,0,,3,0,2026-03-25
PRJ-NH-0199,"Construction of Expressway in Nellore, Telangana",Ministry of Road Transport & Highways,National Highways,Expressway,Telangana,Siliguri,BRO,3223.15,4379.64,4609.5,4379.64,0,399.62,725.18,2012-07-01,2014-07-21,2014-07-21,2014-12-17,2012,100.0,100.0,17,17,Completed,35.88,0,,4,0,2026-03-26
PRJ-NH-0200,Bypass Project on NH-138 (Assam),Ministry of Road Transport & Highways,National Highways,Bypass,Assam,Khammam,NHAI,2200.97,2190.32,2265.46,2190.32,155.83,249.0,207.26,2020-10-01,2027-07-27,2028-07-21,2029-01-17,2020,95.7,100.0,8,10,Under Implementation,-0.48,12,Land acquisition delays,0,1,2026-03-21
PRJ-NH-0201,Bypass Project on NH-263 (Kerala),Ministry of Road Transport & Highways,National Highways,Bypass,Kerala,Tirunelveli,UPEIDA,2753.11,2847.59,2978.42,1432.99,555.3,534.24,523.53,2022-04-01,2026-04-10,2029-10-21,2029-07-25,2022,53.8,50.3,7,14,Under Implementation,3.43,43,Material supply chain disruption; Regulatory approvals pending,0,3,2026-03-05
PRJ-NH-0202,"Construction of Ring Road in Nellore, West Bengal",Ministry of Road Transport & Highways,National Highways,Ring Road,West Bengal,Satna,MSRDC,3646.94,4859.51,5010.6,4478.85,273.44,254.33,444.7,2015-04-01,2021-02-28,2021-01-17,2021-01-07,2015,96.9,92.2,4,6,Under Implementation,33.25,0,,2,0,2026-03-12
PRJ-NH-0203,Bridge/Flyover - Coimbatore to Raipur Section (Uttarakhand),Ministry of Road Transport & Highways,National Highways,Bridge/Flyover,Uttarakhand,Central,State PWD,1806.23,2308.81,2456.22,2008.15,391.79,430.32,197.62,2020-07-01,2024-06-10,2024-09-05,2024-12-12,2020,96.4,87.0,15,16,Under Implementation,27.82,0,,1,0,2026-03-07
PRJ-NH-0204,Ring Road Project on NH-357 (Sikkim),Ministry of Road Transport & Highways,National Highways,Ring Road,Sikkim,Dibrugarh,NHAI,1280.51,1346.94,1384.45,1346.94,0,180.53,275.47,2014-10-01,2018-01-13,2018-03-26,2018-01-08,2014,100.0,100.0,14,14,Completed,5.19,0,,3,0,2026-03-25
PRJ-NH-0205,"Construction of Bypass in Khammam, Madhya Pradesh",Ministry of Road Transport & Highways,National Highways,Bypass,Madhya Pradesh,Raigad,MSRDC,2939.48,2930.34,2959.13,2930.34,0,267.79,507.69,2009-10-01,2012-10-15,2012-09-30,2013-03-10,2009,100.0,100.0,14,14,Completed,-0.31,0,,0,0,2026-03-05
PRJ-NH-0206,"Construction of Bypass in Korba, Karnataka",Ministry of Road Transport & Highways,National Highways,Bypass,Karnataka,Central,UPEIDA,1299.85,1338.33,1423.2,1338.33,0,77.09,88.0,2017-01-01,2019-05-21,2022-09-02,2022-09-02,2017,100.0,100.0,17,17,Completed,2.96,40,Rehabilitation and resettlement issues; Environmental clearance pending,0,2,2026-03-13
PRJ-NH-0207,Expressway Project on NH-112 (Tamil Nadu),Ministry of Road Transport & Highways,National Highways,Expressway,Tamil Nadu,Central,MSRDC,827.04,829.38,889.59,829.38,0,105.08,37.71,2022-04-01,2024-04-20,2024-06-14,2024-11-22,2022,100.0,100.0,15,15,Completed,0.28,0,,0,0,2026-03-21
PRJ-NH-0208,Bridge/Flyover Project on NH-79 (Uttar Pradesh),Ministry of Road Transport & Highways,National Highways,Bridge/Flyover,Uttar Pradesh,Bellary,NHAI,657.55,815.33,871.41,733.54,105.95,135.63,21.37,2014-10-01,2017-03-19,2017-03-18,2017-07-26,2014,84.6,90.0,7,11,Under Implementation,23.99,0,,1,0,2026-03-07
PRJ-NH-0209,Bypass Project on NH-253 (Maharashtra),Ministry of Road Transport & Highways,National Highways,Bypass,Maharashtra,Guntur,BRO,1496.5,1821.1,1903.47,1227.86,261.52,195.26,109.37,2023-07-01,2027-11-07,2027-10-17,2028-01-18,2023,70.0,67.4,12,20,Under Implementation,21.69,0,,1,0,2026-03-05
PRJ-NH-0210,Ring Road - Varanasi to Mumbai Section (Jammu & Kashmir),Ministry of Road Transport & Highways,National Highways,Ring Road,Jammu & Kashmir,Durg,State PWD,10599.86,10621.41,11047.3,10621.41,0,1585.22,2303.03,2018-07-01,2024-11-26,2025-01-13,2024-10-29,2018,100.0,100.0,7,7,Completed,0.2,0,,0,0,2026-03-19
PRJ-NH-0211,Bypass - Thiruvananthapuram to Amritsar Section (Kerala),Ministry of Road Transport & Highways,National Highways,Bypass,Kerala,Raichur,State PWD,2193.15,2173.87,2202.97,2173.87,0,308.57,85.27,2011-07-01,2015-10-08,2016-01-03,2016-04-01,2011,100.0,100.0,14,14,Completed,-0.88,0,,0,0,2026-03-28
PRJ-NH-0212,Expressway Project on NH-21 (Madhya Pradesh),Ministry of Road Transport & Highways,National Highways,Expressway,Madhya Pradesh,Guntur,MSRDC,2605.33,3335.14,3509.68,1883.2,597.62,494.55,92.33,2024-04-01,2027-12-12,2027-12-21,2028-05-17,2024,55.5,56.5,7,16,Under Implementation,28.01,0,,4,0,2026-03-08
PRJ-NH-0213,"Construction of Bridge/Flyover in Anand, Andhra Pradesh",Ministry of Road Transport & Highways,National Highways,Bridge/Flyover,Andhra Pradesh,Meerut,UPEIDA,2179.67,2179.67,2258.03,2077.97,452.42,376.89,342.08,2020-10-01,2024-12-09,2025-02-21,2025-06-18,2020,95.5,95.3,16,18,Under Implementation,0,0,,2,0,2026-03-21
PRJ-NH-0214,Bridge/Flyover Project on NH-9 (West Bengal),Ministry of Road Transport & Highways,National Highways,Bridge/Flyover,West Bengal,Bokaro,NHIDCL,1341.65,1487.08,1528.42,1487.08,0,126.85,324.11,2015-04-01,2018-04-15,2020-08-02,2020-08-11,2015,100.0,100.0,6,6,Completed,10.84,28,Adverse weather conditions; Environmental clearance pending; Regulatory approvals pending,1,1,2026-03-11
PRJ-NH-0215,"Construction of Bridge/Flyover in Latur, West Bengal",Ministry of Road Transport & Highways,National Highways,Bridge/Flyover,West Bengal,Raichur,NHAI,629.25,639.52,644.2,639.52,146.98,108.27,33.03,2020-07-01,2026-07-30,2026-10-20,2026-07-28,2020,99.3,100.0,4,6,Under Implementation,1.63,0,,0,0,2026-03-14
PRJ-NH-0216,"Construction of National Highway in Warangal, Haryana",Ministry of Road Transport & Highways,National Highways,National Highway,Haryana,Karnal,BRO,951.06,1051.21,1125.11,1008.05,189.54,128.71,124.01,2010-01-01,2015-10-02,2015-12-02,2016-05-22,2010,99.9,95.9,10,12,Under Implementation,10.53,0,,4,0,2026-03-14
PRJ-NH-0217,National Highway - Vadodara to Chandigarh Section (Maharashtra),Ministry of Road Transport & Highways,National Highways,National Highway,Maharashtra,Salem,UPEIDA,1823.44,1896.55,1930.24,1896.55,0,257.86,448.65,2016-10-01,2018-09-21,2020-08-11,2020-12-05,2016,100.0,100.0,16,16,Completed,4.01,23,Land acquisition delays; Regulatory approvals pending,0,2,2026-03-10
PRJ-NH-0218,Bridge/Flyover - Kolkata to Ludhiana Section (Chhattisgarh),Ministry of Road Transport & Highways,National Highways,Bridge/Flyover,Chhattisgarh,Meerut,BRO,323.45,327.09,334.69,204.73,42.83,51.94,14.9,2022-10-01,2026-12-09,2028-11-28,2029-03-05,2022,56.9,62.6,8,16,Under Implementation,1.13,24,Land acquisition delays; Court stay orders; Change in technology specifications,3,1,2026-03-17
PRJ-NH-0219,"Construction of Ring Road in Jalgaon, Kerala",Ministry of Road Transport & Highways,National Highways,Ring Road,Kerala,South,NHIDCL,675.13,935.85,1009.17,935.85,156.33,94.55,152.57,2016-01-01,2022-04-29,2028-03-28,2028-01-21,2016,99.9,100.0,17,17,Under Implementation,38.62,72,Change in technology specifications; Design changes during execution,3,3,2026-03-07
PRJ-NH-0220,"Construction of Expressway in Korba, Karnataka",Ministry of Road Transport & Highways,National Highways,Expressway,Karnataka,Hassan,State PWD,2648.5,3001.96,3050.13,3001.96,210.88,262.71,610.42,2019-04-01,2024-04-04,2027-01-19,2027-06-08,2019,96.7,100.0,9,9,Under Implementation,13.35,34,Regulatory approvals pending,4,2,2026-03-07
PRJ-NH-0221,"Construction of National Highway in Bokaro, Jharkhand",Ministry of Road Transport & Highways,National Highways,National Highway,Jharkhand,Bellary,NHAI,391.52,392.98,401.38,392.98,0,29.31,64.25,2014-10-01,2020-12-28,2024-01-12,2024-01-01,2014,100.0,100.0,19,19,Completed,0.37,37,Geological surprises during construction; Forest clearance pending,0,1,2026-03-19
PRJ-NH-0222,Bridge/Flyover - Bangalore to Kochi Section (Karnataka),Ministry of Road Transport & Highways,National Highways,Bridge/Flyover,Karnataka,Bellary,NHIDCL,1208.84,1255.23,1275.7,779.19,162.56,213.54,175.87,2022-07-01,2028-08-28,2028-08-12,2028-11-10,2022,70.4,62.1,13,20,Under Implementation,3.84,0,,0,0,2026-03-29
PRJ-NH-0223,Ring Road Project on NH-198 (Odisha),Ministry of Road Transport & Highways,National Highways,Ring Road,Odisha,Anand,NHIDCL,1307.64,1338.63,1321.84,1338.63,314.68,121.5,205.53,2018-07-01,2024-10-27,2028-11-05,2029-03-08,2018,97.8,100.0,13,16,Under Implementation,2.37,49,Change in project scope; Utility shifting delays,0,1,2026-03-12
PRJ-NH-0224,Bypass - Kolkata to Kanpur Section (Uttarakhand),Ministry of Road Transport & Highways,National Highways,Bypass,Uttarakhand,Salem,NHIDCL,5632.27,5715.98,6068.32,5715.98,0,850.55,1281.27,2014-01-01,2016-04-20,2018-02-09,2018-02-24,2014,100.0,100.0,17,17,Completed,1.49,22,Geological surprises during construction,0,1,2026-03-09
PRJ-NH-0225,"Construction of Expressway in Anand, Odisha",Ministry of Road Transport & Highways,National Highways,Expressway,Odisha,Karnal,UPEIDA,347.59,342.16,344.07,213.53,31.69,32.87,31.85,2023-10-01,2028-07-06,2028-06-25,2028-06-29,2023,55.5,62.4,8,14,Under Implementation,-1.56,0,,0,0,2026-03-09
PRJ-NH-0226,Bridge/Flyover - Jaipur to Pune Section (Manipur),Ministry of Road Transport & Highways,National Highways,Bridge/Flyover,Manipur,Tumkur,MSRDC,1471.86,1537.78,1569.9,1537.78,172.21,71.99,331.61,2008-07-01,2014-06-30,2014-05-18,2014-04-21,2008,99.9,100.0,14,14,Under Implementation,4.48,0,,0,0,2026-03-30
PRJ-NH-0227,Ring Road - Ludhiana to Kanpur Section (Uttar Pradesh),Ministry of Road Transport & Highways,National Highways,Ring Road,Uttar Pradesh,Satna,NHAI,6886.6,6856.91,7270.24,6856.91,1559.37,676.71,530.5,2008-04-01,2012-08-08,2015-07-24,2015-11-03,2008,93.6,100.0,5,6,Under Implementation,-0.43,36,COVID-19 pandemic impact,0,1,2026-03-18
PRJ-NH-0228,Bypass - Surat to Chandigarh Section (Karnataka),Ministry of Road Transport & Highways,National Highways,Bypass,Karnataka,Burdwan,State PWD,370.74,370.81,372.37,324.32,35.1,56.61,15.76,2012-01-01,2015-03-16,2015-04-16,2015-07-29,2012,97.2,87.5,11,12,Under Implementation,0.02,0,,0,0,2026-03-08
PRJ-NH-0229,Expressway Project on NH-38 (Tamil Nadu),Ministry of Road Transport & Highways,National Highways,Expressway,Tamil Nadu,Khammam,UPEIDA,3229.82,3190.89,3211.79,3054.28,214.62,316.07,285.04,2008-04-01,2013-07-04,2016-02-19,2016-06-13,2008,99.9,95.7,18,18,Under Implementation,-1.21,32,Geological surprises during construction; Law and order issues; Change in project scope,0,3,2026-03-28
PRJ-NH-0230,National Highway Project on NH-274 (Uttarakhand),Ministry of Road Transport & Highways,National Highways,National Highway,Uttarakhand,Warangal,State PWD,3867.02,5601.45,5666.51,5601.45,1361.43,648.92,556.59,2012-07-01,2015-06-16,2015-06-14,2015-09-10,2012,99.9,100.0,12,15,Under Implementation,44.85,0,,4,0,2026-03-05
PRJ-NH-0231,"Construction of Ring Road in Jalgaon, Rajasthan",Ministry of Road Transport & Highways,National Highways,Ring Road,Rajasthan,Siliguri,State PWD,675.59,772.07,765.99,743.16,208.12,142.08,108.51,2009-10-01,2011-12-20,2015-01-03,2015-06-23,2009,97.5,96.3,15,16,Under Implementation,14.28,37,State government coordination issues; Land acquisition delays; Rehabilitation and resettlement issues,1,1,2026-03-04
PRJ-NH-0232,"Construction of Ring Road in Raichur, West Bengal",Ministry of Road Transport & Highways,National Highways,Ring Road,West Bengal,Hassan,NHAI,8119.44,9440.17,9887.62,9440.17,0,1084.76,656.46,2011-10-01,2017-04-02,2017-03-28,2017-03-05,2011,100.0,100.0,14,14,Completed,16.27,0,,2,0,2026-03-13
PRJ-NH-0233,Bridge/Flyover Project on NH-60 (Tamil Nadu),Ministry of Road Transport & Highways,National Highways,Bridge/Flyover,Tamil Nadu,Karnal,UPEIDA,233.28,236.67,232.66,215.45,52.87,55.79,13.64,2017-04-01,2022-10-02,2025-07-18,2025-07-02,2017,99.6,91.0,14,17,Under Implementation,1.45,34,Design changes during execution; Adverse weather conditions,0,3,2026-03-11
PRJ-NH-0234,National Highway Project on NH-137 (Tamil Nadu),Ministry of Road Transport & Highways,National Highways,National Highway,Tamil Nadu,Dharwad,MSRDC,2885.47,2917.4,3071.9,1829.92,457.02,183.85,118.86,2022-01-01,2028-03-30,2028-02-10,2028-06-17,2022,67.2,62.7,6,13,Under Implementation,1.11,0,,0,0,2026-03-11
PRJ-NH-0235,"Construction of Bypass in Bellary, Himachal Pradesh",Ministry of Road Transport & Highways,National Highways,Bypass,Himachal Pradesh,Warangal,NHIDCL,6440.14,6565.86,6943.95,6565.86,1746.34,1468.49,459.39,2009-01-01,2011-05-21,2012-07-14,2012-12-24,2009,99.9,100.0,17,19,Under Implementation,1.95,14,Slow mobilization by contractor,0,1,2026-03-07
PRJ-NH-0236,Expressway - Surat to Visakhapatnam Section (Gujarat),Ministry of Road Transport & Highways,National Highways,Expressway,Gujarat,Latur,MSRDC,724.05,757.94,799.86,708.08,193.72,79.97,162.56,2008-01-01,2011-03-16,2011-04-05,2011-06-14,2008,99.9,93.4,12,14,Under Implementation,4.68,0,,0,0,2026-03-21
PRJ-NH-0237,"Construction of National Highway in Dharwad, Haryana",Ministry of Road Transport & Highways,National Highways,National Highway,Haryana,South,BRO,1511.39,1506.09,1559.92,1386.93,222.07,193.71,120.24,2018-04-01,2023-11-01,2023-10-05,2024-03-13,2018,95.0,92.1,14,15,Under Implementation,-0.35,0,,0,0,2026-03-29
PRJ-NH-0238,"Construction of Bypass in West, Madhya Pradesh",Ministry of Road Transport & Highways,National Highways,Bypass,Madhya Pradesh,Dibrugarh,State PWD,1622.35,1831.75,1901.22,1786.41,396.08,310.17,371.83,2020-07-01,2024-06-10,2024-06-06,2024-10-14,2020,97.0,97.5,4,5,Under Implementation,12.91,0,,3,0,2026-03-22
PRJ-NH-0239,National Highway - Coimbatore to Visakhapatnam Section (Meghalaya),Ministry of Road Transport & Highways,National Highways,National Highway,Meghalaya,North,BRO,1387.0,1780.27,1802.05,403.04,4.9,14.86,64.27,2017-10-01,2020-02-18,2020-03-15,2020-03-31,2017,24.9,22.6,1,15,Shelved,28.35,0,,4,0,2026-03-22
PRJ-NH-0240,Expressway - Visakhapatnam to Agra Section (Maharashtra),Ministry of Road Transport & Highways,National Highways,Expressway,Maharashtra,Barmer,NHIDCL,1698.94,1669.66,1747.85,1669.66,0,196.09,289.45,2008-07-01,2011-05-17,2011-10-14,2011-12-24,2008,100.0,100.0,13,13,Completed,-1.72,5,Forest clearance pending; Material supply chain disruption,0,1,2026-03-24
PRJ-NH-0241,"Construction of Bypass in Guntur, Chhattisgarh",Ministry of Road Transport & Highways,National Highways,Bypass,Chhattisgarh,South,UPEIDA,6888.55,8201.3,8383.5,7046.58,946.61,535.75,940.06,2018-10-01,2024-05-02,2024-06-13,2024-11-07,2018,90.3,85.9,6,9,Under Implementation,19.06,0,,4,0,2026-03-22
PRJ-NH-0242,Bypass - Agra to Ranchi Section (Maharashtra),Ministry of Road Transport & Highways,National Highways,Bypass,Maharashtra,Anand,BRO,1246.9,1413.94,1484.97,1412.31,248.39,186.91,166.48,2021-07-01,2023-10-19,2023-10-02,2024-03-25,2021,94.0,99.9,15,18,Under Implementation,13.4,0,,4,0,2026-03-13
PRJ-NH-0243,Expressway Project on NH-97 (Himachal Pradesh),Ministry of Road Transport & Highways,National Highways,Expressway,Himachal Pradesh,Central,MSRDC,1345.93,1403.99,1488.85,1403.99,0,204.2,59.91,2014-04-01,2019-09-02,2019-07-14,2019-09-08,2014,100.0,100.0,7,7,Completed,4.31,0,,0,0,2026-03-07
PRJ-NH-0244,Ring Road Project on NH-45 (Rajasthan),Ministry of Road Transport & Highways,National Highways,Ring Road,Rajasthan,Raigad,NHAI,2040.3,2009.04,2019.12,2009.04,256.53,205.4,338.37,2015-10-01,2022-07-26,2022-09-09,2023-02-21,2015,90.4,100.0,4,6,Under Implementation,-1.53,0,,0,0,2026-03-02
PRJ-NH-0245,"Construction of Bridge/Flyover in Anand, Uttarakhand",Ministry of Road Transport & Highways,National Highways,Bridge/Flyover,Uttarakhand,Bijapur,State PWD,2653.32,2697.03,2895.05,2280.16,428.48,371.16,255.6,2024-07-01,2026-10-19,2026-10-19,2027-01-23,2024,96.7,84.5,4,6,Under Implementation,1.65,0,,0,2,2026-03-25
PRJ-NH-0246,Ring Road - Bhopal to Jaipur Section (Maharashtra),Ministry of Road Transport & Highways,National Highways,Ring Road,Maharashtra,Burdwan,NHIDCL,618.65,649.02,636.25,649.02,0,68.59,112.54,2014-07-01,2020-04-30,2021-10-22,2022-02-20,2014,100.0,100.0,9,9,Completed,4.91,18,Geological surprises during construction,0,3,2026-03-06
PRJ-NH-0247,Expressway - Gangtok to Thiruvananthapuram Section (Arunachal Pradesh),Ministry of Road Transport & Highways,National Highways,Expressway,Arunachal Pradesh,Raichur,UPEIDA,500.38,522.44,554.16,522.44,157.37,96.83,118.03,2010-07-01,2016-01-31,2016-03-13,2016-07-28,2010,99.9,100.0,11,11,Under Implementation,4.41,0,,0,0,2026-03-03
PRJ-NH-0248,National Highway Project on NH-325 (Telangana),Ministry of Road Transport & Highways,National Highways,National Highway,Telangana,Salem,NHAI,3436.43,3594.66,3801.12,3594.66,0,186.01,592.13,2013-10-01,2015-09-21,2015-09-21,2016-02-04,2013,100.0,100.0,12,12,Completed,4.6,0,,0,2,2026-03-16
PRJ-NH-0249,"Construction of Bridge/Flyover in Khammam, Uttarakhand",Ministry of Road Transport & Highways,National Highways,Bridge/Flyover,Uttarakhand,Dharwad,State PWD,1160.81,1143.76,1127.53,1140.96,328.41,149.55,125.17,2016-01-01,2021-10-01,2021-10-28,2021-12-15,2016,99.9,99.8,15,18,Under Implementation,-1.47,0,,0,0,2026-03-27
PRJ-NH-0250,Ring Road - Jaipur to Imphal Section (Kerala),Ministry of Road Transport & Highways,National Highways,Ring Road,Kerala,Raichur,State PWD,5152.23,5061.27,5132.94,1300.85,849.93,1191.77,689.74,2024-04-01,2029-06-04,2029-06-04,2029-03-12,2024,29.1,25.7,3,10,Under Implementation,-1.77,0,,0,2,2026-03-04
PRJ-NH-0251,Ring Road Project on NH-13 (Meghalaya),Ministry of Road Transport & Highways,National Highways,Ring Road,Meghalaya,Hassan,State PWD,552.99,552.73,541.73,107.03,152.77,63.21,113.21,2022-04-01,2028-02-29,2033-10-30,2033-11-05,2022,21.6,19.4,1,10,Under Implementation,-0.05,69,COVID-19 pandemic impact,0,3,2026-03-02
PRJ-NH-0252,National Highway - Shimla to Imphal Section (Uttar Pradesh),Ministry of Road Transport & Highways,National Highways,National Highway,Uttar Pradesh,Chittoor,NHAI,2818.94,2932.17,2922.27,2932.17,0,385.68,343.21,2019-01-01,2021-08-18,2021-09-27,2021-06-30,2019,100.0,100.0,18,18,Completed,4.02,0,,0,0,2026-03-02
PRJ-NH-0253,"Construction of Expressway in Central, Karnataka",Ministry of Road Transport & Highways,National Highways,Expressway,Karnataka,Tumkur,State PWD,959.94,951.27,999.29,743.98,165.29,119.1,66.99,2024-04-01,2027-05-16,2027-05-16,2027-08-17,2024,80.7,78.2,14,19,Under Implementation,-0.9,0,,0,2,2026-04-01
PRJ-NH-0254,Expressway Project on NH-139 (Odisha),Ministry of Road Transport & Highways,National Highways,Expressway,Odisha,Solapur,State PWD,413.7,553.71,582.01,464.12,113.59,127.89,80.59,2011-10-01,2013-12-19,2017-12-28,2017-10-19,2011,93.3,83.8,12,14,Under Implementation,33.84,49,Change in project scope; Adverse weather conditions,3,3,2026-03-14
PRJ-NH-0255,Bridge/Flyover Project on NH-31 (Rajasthan),Ministry of Road Transport & Highways,National Highways,Bridge/Flyover,Rajasthan,Meerut,State PWD,3605.14,3721.01,3932.31,3721.01,0,306.54,675.02,2012-01-01,2015-10-12,2015-12-17,2016-05-10,2012,100.0,100.0,5,5,Completed,3.21,0,,0,0,2026-03-29
PRJ-NH-0256,"Construction of Expressway in Barmer, Uttar Pradesh",Ministry of Road Transport & Highways,National Highways,Expressway,Uttar Pradesh,Nellore,NHAI,10967.81,10861.82,10654.65,10861.82,0,1010.12,2117.7,2008-01-01,2012-04-09,2012-06-02,2012-10-29,2008,100.0,100.0,15,15,Completed,-0.97,0,,0,0,2026-03-05
PRJ-NH-0257,Expressway Project on NH-37 (Assam),Ministry of Road Transport & Highways,National Highways,Expressway,Assam,Salem,NHIDCL,1005.26,1055.21,1099.57,1055.21,0,82.6,208.61,2016-10-01,2023-04-28,2025-06-16,2025-10-18,2016,100.0,100.0,10,10,Completed,4.97,26,Environmental clearance pending; Regulatory approvals pending; Change in project scope,0,2,2026-03-20
PRJ-NH-0258,"Construction of Bridge/Flyover in Chittoor, Uttar Pradesh",Ministry of Road Transport & Highways,National Highways,Bridge/Flyover,Uttar Pradesh,Rourkela,State PWD,3102.94,3247.63,3476.62,3247.63,250.5,333.38,573.48,2021-04-01,2026-11-01,2028-02-24,2028-06-25,2021,90.3,100.0,14,16,Under Implementation,4.66,16,Labour shortage; Court stay orders; Environmental clearance pending,0,1,2026-03-07
PRJ-NH-0259,National Highway - Guwahati to Hyderabad Section (Delhi),Ministry of Road Transport & Highways,National Highways,National Highway,Delhi,Central,MSRDC,884.1,1068.03,1088.33,1068.03,0,153.34,82.9,2016-04-01,2020-09-07,2020-08-01,2020-12-24,2016,100.0,100.0,12,12,Completed,20.8,0,,3,0,2026-03-16
PRJ-NH-0260,Bypass - Hyderabad to Bhopal Section (Manipur),Ministry of Road Transport & Highways,National Highways,Bypass,Manipur,West,MSRDC,11129.31,11398.92,11840.99,11398.92,1620.2,1652.37,1153.23,2015-10-01,2020-11-03,2022-09-24,2022-09-15,2015,99.9,100.0,11,14,Under Implementation,2.42,23,Forest clearance pending; Fund release delays,0,3,2026-03-13
PRJ-NH-0261,Ring Road - Raipur to Thiruvananthapuram Section (Karnataka),Ministry of Road Transport & Highways,National Highways,Ring Road,Karnataka,Karnal,UPEIDA,2694.96,2739.91,2947.92,2739.91,0,168.02,455.41,2017-07-01,2022-02-05,2022-03-09,2022-07-28,2017,100.0,100.0,13,13,Completed,1.67,0,,0,0,2026-03-24
PRJ-NH-0262,Bridge/Flyover Project on NH-260 (Haryana),Ministry of Road Transport & Highways,National Highways,Bridge/Flyover,Haryana,Khammam,NHAI,2384.66,2455.79,2578.14,2455.79,0,250.88,528.19,2014-01-01,2019-08-03,2021-06-23,2021-11-24,2014,100.0,100.0,16,16,Completed,2.98,23,Material supply chain disruption,0,3,2026-04-01
PRJ-NH-0263,"Construction of Bypass in Bijapur, Maharashtra",Ministry of Road Transport & Highways,National Highways,Bypass,Maharashtra,Karnal,MSRDC,1973.07,2012.43,2000.38,1999.64,211.39,325.63,401.47,2009-10-01,2016-07-26,2019-04-12,2019-06-18,2009,95.1,99.4,15,17,Under Implementation,1.99,33,Change in project scope; State government coordination issues; Right-of-Way (RoW) issues,0,2,2026-03-27
PRJ-NH-0264,Ring Road - Bangalore to Agra Section (West Bengal),Ministry of Road Transport & Highways,National Highways,Ring Road,West Bengal,Raigad,UPEIDA,25000,24978.14,24605.79,24978.14,0,2686.03,1352.19,2021-04-01,2025-10-07,2025-09-03,2025-11-06,2021,100.0,100.0,19,19,Completed,-0.09,0,,0,0,2026-03-14
PRJ-NH-0265,Ring Road - Lucknow to Vadodara Section (Maharashtra),Ministry of Road Transport & Highways,National Highways,Ring Road,Maharashtra,Bokaro,UPEIDA,2074.84,2172.66,2329.79,2172.66,142.7,154.6,97.57,2011-04-01,2016-07-03,2016-08-21,2016-07-12,2011,90.9,100.0,19,20,Under Implementation,4.71,0,,0,0,2026-04-01
PRJ-NH-0266,"Construction of Ring Road in Tumkur, Uttar Pradesh",Ministry of Road Transport & Highways,National Highways,Ring Road,Uttar Pradesh,East,NHIDCL,1027.54,1064.17,1090.66,1064.17,0,137.93,139.87,2012-01-01,2014-01-20,2014-08-18,2014-12-06,2012,100.0,100.0,10,10,Completed,3.56,7,Right-of-Way (RoW) issues; Labour shortage; COVID-19 pandemic impact,3,3,2026-03-16
PRJ-NH-0267,"Construction of National Highway in Hassan, Kerala",Ministry of Road Transport & Highways,National Highways,National Highway,Kerala,Chittoor,MSRDC,342.16,341.28,368.14,329.04,38.33,33.14,53.47,2017-07-01,2022-01-06,2022-11-02,2023-02-25,2017,95.1,96.4,13,13,Under Implementation,-0.26,10,State government coordination issues,0,2,2026-03-06
PRJ-NH-0268,National Highway - Ahmedabad to Pune Section (Maharashtra),Ministry of Road Transport & Highways,National Highways,National Highway,Maharashtra,Barmer,UPEIDA,881.01,1044.46,1116.98,141.26,96.63,86.29,38.8,2024-01-01,2029-04-04,2032-04-18,2032-06-29,2024,11.9,13.5,1,15,Under Implementation,18.55,37,State government coordination issues,1,3,2026-03-18
PRJ-NH-0269,"Construction of Bridge/Flyover in Bellary, Gujarat",Ministry of Road Transport & Highways,National Highways,Bridge/Flyover,Gujarat,North,NHIDCL,1006.1,1017.51,1071.43,1017.51,0,86.5,234.19,2008-07-01,2014-05-01,2018-08-08,2018-11-07,2008,100.0,100.0,9,9,Completed,1.13,52,Forest clearance pending; COVID-19 pandemic impact; Adverse weather conditions,0,2,2026-03-20
PRJ-NH-0270,Bypass Project on NH-263 (Maharashtra),Ministry of Road Transport & Highways,National Highways,Bypass,Maharashtra,Latur,NHAI,14456.89,17594.71,17851.97,17594.71,2334.77,1133.56,1201.54,2009-04-01,2013-04-10,2017-11-15,2017-10-16,2009,99.9,100.0,5,7,Under Implementation,21.7,56,State government coordination issues; Labour shortage,4,1,2026-03-06
PRJ-NH-0271,"Construction of National Highway in Anand, Karnataka",Ministry of Road Transport & Highways,National Highways,National Highway,Karnataka,Rourkela,UPEIDA,1037.77,1052.94,1043.67,941.77,144.6,156.08,85.58,2012-07-01,2015-06-16,2015-06-15,2015-11-22,2012,99.9,89.4,19,20,Under Implementation,1.46,0,,0,0,2026-03-12
PRJ-NH-0272,Ring Road Project on NH-344 (Bihar),Ministry of Road Transport & Highways,National Highways,Ring Road,Bihar,Solapur,MSRDC,3931.68,3948.89,4130.42,3948.89,0,256.12,324.98,2012-01-01,2015-02-14,2015-02-14,2014-12-22,2012,100.0,100.0,8,8,Completed,0.44,0,,0,1,2026-03-12
PRJ-NH-0273,Bridge/Flyover Project on NH-109 (Uttarakhand),Ministry of Road Transport & Highways,National Highways,Bridge/Flyover,Uttarakhand,Raichur,BRO,184.94,256.49,265.77,105.47,34.93,49.34,9.81,2023-04-01,2029-04-29,2029-05-21,2029-10-20,2023,38.1,41.1,5,20,Under Implementation,38.69,0,,3,0,2026-03-18
PRJ-NH-0274,National Highway Project on NH-51 (Madhya Pradesh),Ministry of Road Transport & Highways,National Highways,National Highway,Madhya Pradesh,South,BRO,2508.64,2607.7,2665.02,2522.81,253.8,399.78,218.92,2016-07-01,2019-11-13,2022-01-01,2022-05-19,2016,98.3,96.7,13,16,Under Implementation,3.95,26,Equipment delivery delays; Regulatory approvals pending,0,2,2026-03-07
PRJ-NH-0275,Expressway Project on NH-279 (Telangana),Ministry of Road Transport & Highways,National Highways,Expressway,Telangana,Karnal,NHAI,821.29,850.6,878.77,850.6,172.44,125.16,128.02,2012-07-01,2017-11-02,2018-01-09,2018-06-21,2012,96.1,100.0,11,11,Under Implementation,3.57,0,,0,0,2026-03-22
PRJ-NH-0276,Ring Road Project on NH-187 (Madhya Pradesh),Ministry of Road Transport & Highways,National Highways,Ring Road,Madhya Pradesh,Rourkela,NHAI,382.46,380.45,391.29,358.66,41.89,41.48,48.17,2022-10-01,2026-12-09,2026-10-13,2027-01-12,2022,99.7,94.3,11,11,Under Implementation,-0.53,0,,0,0,2026-03-11
PRJ-NH-0277,National Highway Project on NH-243 (Bihar),Ministry of Road Transport & Highways,National Highways,National Highway,Bihar,Jharsuguda,MSRDC,2557.6,2619.22,2683.0,2619.22,526.71,429.24,610.59,2018-04-01,2020-06-19,2021-11-11,2021-11-12,2018,99.9,100.0,14,15,Under Implementation,2.41,17,Fund release delays,0,2,2026-03-13
PRJ-NH-0278,National Highway Project on NH-43 (Nagaland),Ministry of Road Transport & Highways,National Highways,National Highway,Nagaland,Jalgaon,BRO,324.9,341.01,363.6,341.01,105.77,74.3,13.9,2009-07-01,2013-01-11,2016-11-21,2016-09-27,2009,94.7,100.0,9,9,Under Implementation,4.96,47,Inter-departmental coordination delays; Change in project scope,0,3,2026-03-07
PRJ-NH-0279,Ring Road - Varanasi to Kanpur Section (Tamil Nadu),Ministry of Road Transport & Highways,National Highways,Ring Road,Tamil Nadu,Khammam,BRO,1287.4,1398.4,1422.05,836.19,182.96,86.34,71.42,2024-01-01,2028-02-09,2028-04-14,2028-07-05,2024,55.8,59.8,5,8,Under Implementation,8.62,0,,1,0,2026-03-15
PRJ-NH-0280,National Highway - Kochi to Varanasi Section (Bihar),Ministry of Road Transport & Highways,National Highways,National Highway,Bihar,Barmer,UPEIDA,1008.84,1177.32,1247.03,999.53,69.36,101.11,38.77,2008-04-01,2010-08-19,2010-08-01,2010-10-25,2008,92.8,84.9,15,16,Under Implementation,16.7,0,,1,0,2026-03-05
PRJ-NH-0281,Ring Road Project on NH-204 (Punjab),Ministry of Road Transport & Highways,National Highways,Ring Road,Punjab,Rourkela,NHIDCL,631.87,635.85,647.75,635.85,0,49.34,25.35,2023-04-01,2026-03-16,2026-02-21,2026-02-22,2023,100.0,100.0,5,5,Completed,0.63,0,,0,0,2026-03-24
PRJ-NH-0282,Bridge/Flyover Project on NH-275 (Gujarat),Ministry of Road Transport & Highways,National Highways,Bridge/Flyover,Gujarat,Dibrugarh,BRO,725.59,755.25,792.48,755.25,0,60.89,139.77,2021-04-01,2024-10-12,2024-11-10,2024-11-19,2021,100.0,100.0,15,15,Completed,4.09,0,,0,0,2026-03-13
PRJ-NH-0283,Bypass - Coimbatore to Jodhpur Section (Jharkhand),Ministry of Road Transport & Highways,National Highways,Bypass,Jharkhand,Raichur,NHAI,1249.71,1512.06,1502.27,862.08,298.19,201.32,86.61,2023-07-01,2028-02-05,2028-03-03,2028-02-06,2023,60.0,57.0,4,6,Under Implementation,20.99,0,,2,0,2026-03-10
PRJ-NH-0284,"Construction of Ring Road in Khammam, Tamil Nadu",Ministry of Road Transport & Highways,National Highways,Ring Road,Tamil Nadu,Warangal,BRO,1054.27,1314.37,1370.52,1314.37,0,189.46,200.6,2018-04-01,2021-01-15,2020-11-28,2020-10-19,2018,100.0,100.0,5,5,Completed,24.67,0,,2,0,2026-03-28
PRJ-NH-0285,Ring Road - Shimla to Mumbai Section (Rajasthan),Ministry of Road Transport & Highways,National Highways,Ring Road,Rajasthan,West,UPEIDA,853.08,850.27,915.92,666.6,197.8,100.52,83.5,2022-07-01,2027-04-06,2027-02-10,2027-07-11,2022,87.2,78.4,5,9,Under Implementation,-0.33,0,,0,0,2026-03-16
PRJ-NH-0286,National Highway - Ahmedabad to Mumbai Section (Bihar),Ministry of Road Transport & Highways,National Highways,National Highway,Bihar,Warangal,BRO,2481.33,2481.33,2489.91,2438.22,581.04,534.68,603.21,2008-07-01,2012-12-07,2012-12-17,2013-02-07,2008,90.0,98.3,11,15,Under Implementation,0,0,,3,0,2026-04-01
PRJ-NH-0287,National Highway - Amritsar to Vadodara Section (Karnataka),Ministry of Road Transport & Highways,National Highways,National Highway,Karnataka,Satna,UPEIDA,1005.95,1334.33,1411.19,1327.09,104.72,63.69,113.22,2008-04-01,2014-04-30,2018-09-06,2019-01-12,2008,99.9,99.5,13,15,Under Implementation,32.64,53,Geological surprises during construction; Land acquisition delays,3,1,2026-03-05
PRJ-R-0001,Dedicated Freight Corridor Project - Ranchi to Ahmedabad Section,Ministry of Railways,Railways,Dedicated Freight Corridor,Maharashtra,Bellary,Indian Railways,675.32,664.54,706.23,643.05,152.26,85.57,158.44,2009-01-01,2013-05-10,2014-08-03,2014-12-31,2009,94.1,96.8,13,17,Under Implementation,-1.6,15,Material supply chain disruption; Adverse weather conditions; Inter-departmental coordination delays,0,2,2026-03-05
PRJ-R-0002,Doubling Project - Chandigarh to Ranchi Section,Ministry of Railways,Railways,Doubling,Punjab,Satna,NHSRCL,2172.53,2269.08,2417.03,2269.08,0,187.08,298.48,2013-04-01,2021-02-18,2023-08-07,2023-12-20,2013,100.0,100.0,15,15,Completed,4.44,30,Law and order issues; Land acquisition delays; Contractual issues with EPC contractor,0,1,2026-03-07
PRJ-R-0003,Gauge Conversion Project - Nagpur to Bhubaneswar Section,Ministry of Railways,Railways,Gauge Conversion,Madhya Pradesh,Warangal,NHSRCL,2215.49,2215.49,2391.32,2108.07,479.3,226.18,136.46,2022-10-01,2025-10-15,2025-09-25,2025-12-28,2022,99.1,95.2,8,11,Under Implementation,0,0,,4,0,2026-03-21
PRJ-R-0004,High-Speed Rail of Pune-Ahmedabad Railway Line,Ministry of Railways,Railways,High-Speed Rail,Uttar Pradesh,Anand,DFCCIL,1153.42,1489.77,1541.08,1489.77,0,191.67,38.91,2014-04-01,2017-09-12,2020-02-29,2020-08-27,2014,100.0,100.0,10,10,Completed,29.16,30,Geological surprises during construction; Slow mobilization by contractor; Labour shortage,3,3,2026-03-30
PRJ-R-0005,Dedicated Freight Corridor of Udaipur-Dehradun Railway Line,Ministry of Railways,Railways,Dedicated Freight Corridor,Karnataka,Guntur,KRCL,527.4,803.97,821.75,803.97,0,56.83,18.98,2008-04-01,2013-06-04,2013-07-03,2013-07-30,2008,100.0,100.0,17,17,Completed,52.44,0,,2,0,2026-03-22
PRJ-R-0006,Doubling Project - Vadodara to Hyderabad Section,Ministry of Railways,Railways,Doubling,Uttarakhand,Bokaro,Indian Railways,3542.59,4668.92,4751.65,4274.25,388.5,387.14,653.84,2015-01-01,2019-03-11,2019-11-06,2020-04-28,2015,99.9,91.5,4,5,Under Implementation,31.79,8,State government coordination issues,2,3,2026-03-21
PRJ-R-0007,Gauge Conversion of Pune-Raipur Railway Line,Ministry of Railways,Railways,Gauge Conversion,Andhra Pradesh,Bijapur,RVNL,3610.25,3640.64,3890.17,3516.85,832.24,636.2,124.91,2008-01-01,2015-04-24,2015-05-23,2015-03-10,2008,99.9,96.6,14,17,Under Implementation,0.84,0,,0,0,2026-03-12
PRJ-R-0008,New Line of Agra-Imphal Railway Line,Ministry of Railways,Railways,New Line,Haryana,Burdwan,RVNL,1379.26,1465.63,1457.59,341.38,305.15,191.26,131.38,2023-07-01,2028-06-04,2030-08-23,2031-01-20,2023,20.6,23.3,3,16,Under Implementation,6.26,27,Court stay orders,1,1,2026-03-13
PRJ-R-0009,Doubling of Thiruvananthapuram-Amritsar Railway Line,Ministry of Railways,Railways,Doubling,Maharashtra,Tumkur,Indian Railways,4145.76,4231.65,4484.91,4231.65,777.55,880.19,146.72,2011-01-01,2017-10-26,2020-09-10,2021-02-17,2011,99.9,100.0,15,18,Under Implementation,2.07,35,Geological surprises during construction; COVID-19 pandemic impact,0,2,2026-03-17
PRJ-R-0010,Electrification of Mumbai-Jodhpur Railway Line,Ministry of Railways,Railways,Electrification,Chhattisgarh,Jharsuguda,KRCL,2206.66,2197.89,2293.96,2043.65,278.49,259.47,314.69,2019-01-01,2023-07-09,2029-09-05,2030-01-06,2019,82.2,93.0,11,15,Under Implementation,-0.4,75,State government coordination issues; Geological surprises during construction,0,2,2026-04-01
PRJ-R-0011,Dedicated Freight Corridor Project - Kolkata to Coimbatore Section,Ministry of Railways,Railways,Dedicated Freight Corridor,Karnataka,Nellore,Indian Railways,2115.22,2097.28,2137.8,2097.28,593.73,542.84,216.16,2017-07-01,2024-01-26,2024-01-26,2024-06-21,2017,99.9,100.0,14,15,Under Implementation,-0.85,0,,0,2,2026-04-01
PRJ-R-0012,High-Speed Rail of Railway Line between Ludhiana and Agra,Ministry of Railways,Railways,High-Speed Rail,Bihar,Central,RVNL,4811.97,4914.2,5110.11,4914.2,0,420.11,699.76,2008-04-01,2013-01-05,2013-01-27,2012-11-11,2008,100.0,100.0,18,18,Completed,2.12,0,,0,0,2026-03-31
PRJ-R-0013,Electrification of Railway Line between Shillong and Visakhapatnam,Ministry of Railways,Railways,Electrification,Assam,Chittoor,KRCL,1308.42,1338.63,1409.76,1338.63,366.48,302.48,281.4,2012-01-01,2015-01-15,2015-01-20,2015-04-04,2012,99.9,100.0,13,16,Under Implementation,2.31,0,,0,0,2026-03-23
PRJ-R-0014,Doubling of Railway Line between Kolkata and Jaipur,Ministry of Railways,Railways,Doubling,Karnataka,Meerut,KRCL,6441.98,6498.64,6833.37,6498.64,1722.46,1625.22,1585.1,2013-07-01,2018-09-03,2024-04-04,2024-09-23,2013,99.9,100.0,14,15,Under Implementation,0.88,68,Utility shifting delays,0,3,2026-03-06
PRJ-R-0015,Electrification Project - Varanasi to Amritsar Section,Ministry of Railways,Railways,Electrification,Gujarat,Karnal,DFCCIL,968.28,968.28,975.2,145.25,178.09,120.75,161.26,2023-10-01,2031-06-21,2034-08-04,2034-07-29,2023,16.7,15.0,0,6,Under Implementation,0,38,Contractual issues with EPC contractor; Material supply chain disruption; Environmental clearance pending,3,2,2026-03-12
PRJ-R-0016,New Line Project - Ludhiana to Kochi Section,Ministry of Railways,Railways,New Line,Rajasthan,Karnal,IRCON,2826.93,2828.14,2962.86,2828.14,369.66,458.96,105.96,2013-04-01,2017-12-06,2018-11-01,2019-04-11,2013,99.9,100.0,8,10,Under Implementation,0.04,11,Labour shortage; Land acquisition delays; Contractual issues with EPC contractor,0,2,2026-04-01
PRJ-R-0017,High-Speed Rail of Railway Line between Patna and Lucknow,Ministry of Railways,Railways,High-Speed Rail,Punjab,Nellore,DFCCIL,4074.09,4417.46,4647.01,4136.62,869.09,773.31,853.89,2010-01-01,2016-07-28,2020-11-04,2021-01-29,2010,99.9,93.6,5,5,Under Implementation,8.43,52,Court stay orders,1,2,2026-03-09
PRJ-R-0018,Electrification of Railway Line between Nagpur and Jaipur,Ministry of Railways,Railways,Electrification,Jammu & Kashmir,Satna,IRCON,6513.75,6812.12,7113.49,6812.12,0,411.66,727.88,2011-04-01,2016-05-04,2019-07-18,2019-10-25,2011,100.0,100.0,9,9,Completed,4.58,39,Court stay orders; Right-of-Way (RoW) issues; Utility shifting delays,0,2,2026-04-01
PRJ-R-0019,New Line Project - Thiruvananthapuram to Bangalore Section,Ministry of Railways,Railways,New Line,Telangana,Guntur,RVNL,4398.54,4477.04,4433.7,4477.04,1280.29,736.44,603.41,2012-07-01,2020-03-21,2022-06-09,2022-08-04,2012,97.6,100.0,15,16,Under Implementation,1.78,27,Contractual issues with EPC contractor; Adverse weather conditions,0,1,2026-03-08
PRJ-R-0020,Station Redevelopment Project - Bhopal to Mumbai Section,Ministry of Railways,Railways,Station Redevelopment,Maharashtra,Khammam,KRCL,2031.33,2085.87,2244.06,2085.87,397.6,341.05,183.76,2009-07-01,2016-07-24,2020-03-05,2020-08-01,2009,99.9,100.0,10,13,Under Implementation,2.68,44,Court stay orders,0,3,2026-03-17
PRJ-R-0021,New Line Project - Imphal to Ahmedabad Section,Ministry of Railways,Railways,New Line,Andhra Pradesh,North,Indian Railways,1975.0,1976.06,2072.71,1920.22,236.62,214.35,81.24,2017-10-01,2024-10-24,2024-08-26,2024-08-05,2017,98.7,97.2,16,16,Under Implementation,0.05,0,,0,0,2026-03-04
PRJ-R-0022,Station Redevelopment of Raipur-Chennai Railway Line,Ministry of Railways,Railways,Station Redevelopment,Maharashtra,Karnal,IRCON,1120.54,1399.97,1490.36,1399.97,379.87,175.25,123.74,2018-07-01,2026-04-20,2026-04-20,2026-02-12,2018,99.9,100.0,9,9,Under Implementation,24.94,0,,3,0,2026-03-27
PRJ-R-0023,Dedicated Freight Corridor of Lucknow-Mumbai Railway Line,Ministry of Railways,Railways,Dedicated Freight Corridor,Uttar Pradesh,Jharsuguda,IRCON,619.08,747.03,786.37,615.75,112.87,87.63,101.48,2021-01-01,2027-03-31,2030-04-14,2030-04-30,2021,73.8,82.4,12,15,Under Implementation,20.67,37,Geological surprises during construction; Change in technology specifications; Land acquisition delays,3,1,2026-03-02
PRJ-R-0024,New Line Project - Kochi to Mumbai Section,Ministry of Railways,Railways,New Line,Ladakh,Rourkela,DFCCIL,3725.92,4219.49,4403.33,3919.42,270.76,250.06,165.74,2009-01-01,2015-07-29,2017-03-20,2017-06-27,2009,99.2,92.9,5,6,Under Implementation,13.25,20,Equipment delivery delays,2,3,2026-03-02
PRJ-R-0025,High-Speed Rail of Railway Line between Gangtok and Bhopal,Ministry of Railways,Railways,High-Speed Rail,West Bengal,Bellary,IRCON,2743.22,3559.47,3717.73,2839.94,798.73,372.11,195.92,2010-10-01,2016-01-03,2019-09-14,2019-08-15,2010,93.1,79.8,18,20,Under Implementation,29.76,45,Change in project scope; Contractual issues with EPC contractor; Utility shifting delays,4,2,2026-03-11
PRJ-R-0026,Dedicated Freight Corridor of Bhopal-Dehradun Railway Line,Ministry of Railways,Railways,Dedicated Freight Corridor,Madhya Pradesh,East,DFCCIL,4885.12,7190.24,7679.21,0.0,1163.41,874.32,1002.92,2024-04-01,2027-12-12,2032-12-15,2032-11-04,2024,0,0.0,1,8,Under Implementation,47.19,61,Forest clearance pending; Rehabilitation and resettlement issues,1,2,2026-03-24
PRJ-R-0027,Station Redevelopment of Railway Line between Kanpur and Vadodara,Ministry of Railways,Railways,Station Redevelopment,Uttarakhand,Tirunelveli,KRCL,6173.16,6173.16,6421.74,3352.71,12.98,244.8,454.76,2018-01-01,2022-04-10,2022-04-26,2022-06-25,2018,53.5,54.3,7,13,Shelved,0,0,,4,0,2026-04-01
PRJ-R-0028,Doubling of Railway Line between Patna and Raipur,Ministry of Railways,Railways,Doubling,Kerala,Rourkela,RVNL,1778.51,1785.4,1872.14,1756.29,285.84,258.07,170.11,2016-04-01,2019-03-17,2019-06-14,2019-12-02,2016,99.9,98.4,8,10,Under Implementation,0.39,0,,0,0,2026-03-05
PRJ-R-0029,New Line of Railway Line between Udaipur and Raipur,Ministry of Railways,Railways,New Line,Gujarat,North,NHSRCL,2570.94,2675.4,2705.03,695.04,644.75,566.9,585.38,2024-01-01,2029-04-04,2029-05-04,2029-10-26,2024,30.3,26.0,3,12,Under Implementation,4.06,0,,0,0,2026-03-05
PRJ-R-0030,Dedicated Freight Corridor Project - Udaipur to Amritsar Section,Ministry of Railways,Railways,Dedicated Freight Corridor,Manipur,Salem,Indian Railways,6896.77,6896.77,6999.38,6896.77,0,480.32,814.19,2011-10-01,2018-10-24,2018-11-09,2019-01-18,2011,100.0,100.0,14,14,Completed,0,0,,2,0,2026-04-01
PRJ-R-0031,Station Redevelopment of Railway Line between Kochi and Shillong,Ministry of Railways,Railways,Station Redevelopment,Andhra Pradesh,Jharsuguda,NHSRCL,1765.46,1944.16,2075.35,1944.16,0,172.71,408.13,2010-07-01,2018-02-19,2018-02-14,2018-05-03,2010,100.0,100.0,11,11,Completed,10.12,0,,4,0,2026-03-13
PRJ-R-0032,New Line Project - Visakhapatnam to Jaipur Section,Ministry of Railways,Railways,New Line,Andhra Pradesh,Bellary,DFCCIL,6784.16,6827.51,6752.12,6827.51,0,757.74,412.68,2008-04-01,2012-08-08,2012-11-04,2013-01-03,2008,100.0,100.0,7,7,Completed,0.64,0,,0,0,2026-03-06
PRJ-R-0033,Gauge Conversion of Railway Line between Bhopal and Shimla,Ministry of Railways,Railways,Gauge Conversion,Bihar,Warangal,Indian Railways,6235.23,7369.12,7934.27,0.0,1064.19,1337.82,270.61,2024-01-01,2027-12-11,2032-07-17,2032-10-23,2024,0,0.0,0,17,Under Implementation,18.19,56,Environmental clearance pending,3,3,2026-04-01
PRJ-R-0034,New Line of Railway Line between Shillong and Bhopal,Ministry of Railways,Railways,New Line,Bihar,Jharsuguda,Indian Railways,3365.82,3568.95,3502.57,2707.66,902.18,865.96,381.42,2020-10-01,2027-12-24,2028-09-19,2028-07-04,2020,75.7,75.9,4,6,Under Implementation,6.03,9,Change in project scope; Inter-departmental coordination delays; Adverse weather conditions,2,3,2026-03-07
PRJ-R-0035,Gauge Conversion of Surat-Lucknow Railway Line,Ministry of Railways,Railways,Gauge Conversion,Maharashtra,Central,KRCL,1507.16,1575.3,1660.15,1575.3,0,219.75,360.21,2012-01-01,2016-01-10,2016-01-09,2016-01-27,2012,100.0,100.0,18,18,Completed,4.52,0,,4,0,2026-03-13
PRJ-R-0036,New Line of Railway Line between Bhubaneswar and Chandigarh,Ministry of Railways,Railways,New Line,Delhi,Solapur,IRCON,1170.83,1689.23,1805.61,1612.37,145.61,227.35,127.08,2017-07-01,2022-03-07,2022-06-03,2022-06-18,2017,94.0,95.4,15,19,Under Implementation,44.28,0,,1,0,2026-03-06
PRJ-R-0037,Gauge Conversion Project - Ahmedabad to Udaipur Section,Ministry of Railways,Railways,Gauge Conversion,Karnataka,Guntur,Indian Railways,3451.1,3597.22,3576.86,3597.22,396.04,211.76,321.28,2021-07-01,2024-07-15,2026-08-04,2026-09-21,2021,98.2,100.0,4,7,Under Implementation,4.23,25,Material supply chain disruption; Fund release delays,0,1,2026-03-18
PRJ-R-0038,Dedicated Freight Corridor Project - Jaipur to Nagpur Section,Ministry of Railways,Railways,Dedicated Freight Corridor,Karnataka,Jalgaon,IRCON,3043.01,3993.96,4058.46,3170.07,774.22,936.61,216.88,2023-04-01,2027-02-09,2027-01-06,2027-03-18,2023,83.9,79.4,9,10,Under Implementation,31.25,0,,3,0,2026-03-30
PRJ-R-0039,Gauge Conversion Project - Kochi to Udaipur Section,Ministry of Railways,Railways,Gauge Conversion,Telangana,East,NHSRCL,3116.02,3075.51,3141.41,1305.1,321.68,484.25,755.94,2024-10-01,2028-02-13,2028-03-18,2028-05-17,2024,39.7,42.4,2,8,Under Implementation,-1.3,0,,0,0,2026-03-10
PRJ-R-0040,Gauge Conversion of Railway Line between Chennai and Kochi,Ministry of Railways,Railways,Gauge Conversion,Rajasthan,Hassan,IRCON,1419.62,1615.46,1733.58,5.42,278.42,274.44,260.99,2024-04-01,2031-02-24,2034-11-05,2034-11-22,2024,0.3,0.3,0,16,Under Implementation,13.8,45,Material supply chain disruption; Design changes during execution; Geological surprises during construction,3,3,2026-03-10
PRJ-R-0041,Electrification of Railway Line between Lucknow and Shillong,Ministry of Railways,Railways,Electrification,Uttar Pradesh,Central,Indian Railways,716.84,965.4,994.75,948.74,114.91,132.64,79.88,2019-01-01,2022-02-14,2022-01-08,2022-03-14,2019,99.9,98.3,7,9,Under Implementation,34.67,0,,4,0,2026-03-10
PRJ-R-0042,New Line of Railway Line between Amritsar and Patna,Ministry of Railways,Railways,New Line,West Bengal,Anand,KRCL,5882.68,9365.52,9691.29,9365.52,0,1044.94,1088.0,2017-01-01,2022-10-02,2022-10-18,2023-02-04,2017,100.0,100.0,12,12,Completed,59.21,0,,3,0,2026-03-09
PRJ-R-0043,Electrification of Indore-Pune Railway Line,Ministry of Railways,Railways,Electrification,Karnataka,Bijapur,KRCL,2159.31,2159.31,2315.27,2159.31,379.2,343.2,172.64,2010-01-01,2014-08-08,2015-11-01,2016-02-08,2010,97.0,100.0,11,14,Under Implementation,0,15,Rehabilitation and resettlement issues; Law and order issues,2,2,2026-03-12
PRJ-R-0044,Dedicated Freight Corridor Project - Ludhiana to Kolkata Section,Ministry of Railways,Railways,Dedicated Freight Corridor,Odisha,Karnal,NHSRCL,1013.97,1199.23,1290.63,1199.23,0,179.32,102.3,2011-01-01,2018-10-21,2021-06-07,2021-03-10,2011,100.0,100.0,17,17,Completed,18.27,32,Contractual issues with EPC contractor; Inter-departmental coordination delays; Change in technology specifications,4,3,2026-03-31
PRJ-R-0045,New Line of Patna-Amritsar Railway Line,Ministry of Railways,Railways,New Line,Odisha,Anand,DFCCIL,6252.24,7740.15,7719.0,7129.26,1581.59,1710.98,1075.97,2022-10-01,2025-09-15,2025-08-11,2025-07-26,2022,99.9,92.1,5,7,Under Implementation,23.8,0,,2,0,2026-03-31
PRJ-R-0046,Doubling of Agra-Ahmedabad Railway Line,Ministry of Railways,Railways,Doubling,Uttar Pradesh,Meerut,RVNL,2645.43,2626.97,2815.33,1076.8,301.34,355.98,109.6,2023-04-01,2026-11-11,2030-05-24,2030-10-14,2023,41.2,41.0,6,18,Under Implementation,-0.7,43,Geological surprises during construction,0,3,2026-03-13
PRJ-R-0047,Dedicated Freight Corridor of Railway Line between Hyderabad and Gangtok,Ministry of Railways,Railways,Dedicated Freight Corridor,Gujarat,Jalgaon,KRCL,2590.9,3477.21,3560.89,2970.6,641.08,328.98,573.91,2013-01-01,2018-12-31,2021-09-16,2021-09-24,2013,97.3,85.4,4,7,Under Implementation,34.21,33,State government coordination issues,2,1,2026-03-21
PRJ-R-0048,Doubling Project - Surat to Kanpur Section,Ministry of Railways,Railways,Doubling,Telangana,Siliguri,RVNL,904.09,906.68,909.63,151.17,170.32,122.73,186.65,2024-10-01,2029-01-08,2029-03-24,2029-06-09,2024,14.8,16.7,1,10,Under Implementation,0.29,0,,0,0,2026-03-08
PRJ-R-0049,Station Redevelopment Project - Patna to Amritsar Section,Ministry of Railways,Railways,Station Redevelopment,Madhya Pradesh,West,KRCL,811.87,803.77,798.33,803.77,146.31,108.04,24.65,2019-04-01,2025-05-29,2027-06-18,2027-10-17,2019,97.0,100.0,16,19,Under Implementation,-1.0,25,COVID-19 pandemic impact,0,1,2026-03-12
PRJ-R-0050,New Line of Shimla-Visakhapatnam Railway Line,Ministry of Railways,Railways,New Line,Haryana,Nellore,IRCON,2031.77,2089.34,2117.28,2063.44,354.46,333.51,277.44,2018-07-01,2026-03-21,2026-04-21,2026-06-15,2018,99.1,98.8,9,10,Under Implementation,2.83,0,,0,0,2026-03-13
PRJ-R-0051,High-Speed Rail of Kochi-Coimbatore Railway Line,Ministry of Railways,Railways,High-Speed Rail,Mizoram,Solapur,KRCL,2039.36,2282.54,2435.12,1855.85,442.45,246.51,372.2,2021-10-01,2028-08-25,2028-09-20,2028-08-17,2021,82.4,81.3,13,18,Under Implementation,11.92,0,,1,0,2026-03-02
PRJ-R-0052,Gauge Conversion of Chennai-Bangalore Railway Line,Ministry of Railways,Railways,Gauge Conversion,Rajasthan,Meerut,Indian Railways,2856.5,3699.63,3685.74,3227.61,535.67,347.47,269.42,2016-10-01,2020-03-14,2020-03-14,2020-07-09,2016,99.9,87.2,16,19,Under Implementation,29.52,0,,4,2,2026-03-30
PRJ-R-0053,Electrification of Railway Line between Udaipur and Ahmedabad,Ministry of Railways,Railways,Electrification,Odisha,Salem,Indian Railways,3344.84,4555.19,4694.47,4555.19,762.15,497.14,303.92,2010-10-01,2016-04-02,2016-06-03,2016-03-05,2010,98.5,100.0,13,15,Under Implementation,36.19,0,,4,0,2026-03-05
PRJ-R-0054,High-Speed Rail Project - Gangtok to Vadodara Section,Ministry of Railways,Railways,High-Speed Rail,Rajasthan,Anand,NHSRCL,5696.05,6977.64,7290.36,6977.64,0,948.25,675.47,2013-04-01,2016-03-16,2016-02-21,2016-02-16,2013,100.0,100.0,20,20,Completed,22.5,0,,1,0,2026-03-26
PRJ-R-0055,New Line of Jaipur-Kanpur Railway Line,Ministry of Railways,Railways,New Line,Nagaland,Meerut,IRCON,1634.98,1685.93,1724.45,1476.05,383.65,246.29,285.62,2008-07-01,2014-05-31,2014-06-20,2014-09-27,2008,97.8,87.6,20,20,Under Implementation,3.12,0,,0,0,2026-03-26
PRJ-R-0056,Dedicated Freight Corridor of Ludhiana-Shimla Railway Line,Ministry of Railways,Railways,Dedicated Freight Corridor,Uttarakhand,Durg,NHSRCL,3202.06,3185.15,3322.69,2931.98,675.64,468.61,196.13,2020-04-01,2025-12-01,2028-08-17,2028-07-20,2020,91.0,92.1,11,15,Under Implementation,-0.53,33,Change in technology specifications; Inter-departmental coordination delays,0,3,2026-03-25
PRJ-R-0057,Electrification of Railway Line between Bhubaneswar and Raipur,Ministry of Railways,Railways,Electrification,Delhi,West,KRCL,749.92,896.37,919.83,0.0,142.45,101.16,121.79,2024-07-01,2031-11-22,2032-01-18,2032-05-26,2024,0,0.0,0,20,Under Implementation,19.53,0,,2,0,2026-03-04
PRJ-R-0058,Station Redevelopment of Surat-Chandigarh Railway Line,Ministry of Railways,Railways,Station Redevelopment,Jharkhand,Jalgaon,DFCCIL,877.06,907.84,938.37,755.68,269.11,159.35,53.62,2011-07-01,2015-12-07,2015-12-07,2015-10-25,2011,97.8,83.2,17,17,Under Implementation,3.51,0,,0,2,2026-03-21
PRJ-R-0059,Dedicated Freight Corridor of Thiruvananthapuram-Nagpur Railway Line,Ministry of Railways,Railways,Dedicated Freight Corridor,Haryana,Durg,NHSRCL,2125.87,2174.71,2206.35,2174.71,501.85,267.54,371.64,2011-10-01,2017-06-01,2020-07-15,2020-10-30,2011,99.9,100.0,5,7,Under Implementation,2.3,38,Regulatory approvals pending,0,1,2026-03-29
PRJ-R-0060,Doubling of Jaipur-Surat Railway Line,Ministry of Railways,Railways,Doubling,Andhra Pradesh,Hassan,IRCON,10591.29,12348.16,13335.19,12348.16,0,1741.24,1026.75,2010-01-01,2015-03-06,2015-01-17,2015-05-01,2010,100.0,100.0,15,15,Completed,16.59,0,,2,0,2026-03-17
PRJ-R-0061,Doubling of Railway Line between Hyderabad and Visakhapatnam,Ministry of Railways,Railways,Doubling,Himachal Pradesh,Tumkur,Indian Railways,3865.43,5272.29,5456.32,4795.94,1334.28,867.33,774.85,2008-01-01,2013-07-03,2013-09-04,2013-07-28,2008,97.4,91.0,18,20,Under Implementation,36.4,0,,4,0,2026-03-02
PRJ-R-0062,Electrification Project - Raipur to Varanasi Section,Ministry of Railways,Railways,Electrification,Andhra Pradesh,East,Indian Railways,626.97,856.48,900.55,856.48,0,45.27,86.81,2009-01-01,2014-08-03,2014-10-04,2014-11-01,2009,100.0,100.0,17,17,Completed,36.61,0,,2,0,2026-03-28
PRJ-R-0063,Dedicated Freight Corridor Project - Agra to Bhopal Section,Ministry of Railways,Railways,Dedicated Freight Corridor,Uttar Pradesh,Raigad,DFCCIL,6437.42,6688.76,7033.24,6688.76,0,615.91,1090.24,2011-07-01,2015-06-10,2015-09-08,2016-01-18,2011,100.0,100.0,6,6,Completed,3.9,0,,0,0,2026-03-13
PRJ-R-0064,New Line Project - Hyderabad to Kolkata Section,Ministry of Railways,Railways,New Line,Gujarat,Guntur,KRCL,1135.62,1698.4,1696.59,1698.4,0,155.02,168.98,2013-07-01,2020-01-26,2020-01-10,2020-05-18,2013,100.0,100.0,10,10,Completed,49.56,0,,2,0,2026-03-24
PRJ-R-0065,Electrification of Agra-Nagpur Railway Line,Ministry of Railways,Railways,Electrification,West Bengal,Tumkur,IRCON,1210.8,1215.04,1303.98,1215.04,149.67,129.13,267.43,2018-10-01,2025-08-25,2028-01-12,2028-06-29,2018,93.5,100.0,8,11,Under Implementation,0.35,29,Change in project scope; Utility shifting delays; Equipment delivery delays,0,1,2026-03-22
PRJ-R-0066,Station Redevelopment of Bhubaneswar-Visakhapatnam Railway Line,Ministry of Railways,Railways,Station Redevelopment,Punjab,Latur,KRCL,2465.99,3059.36,3041.31,2630.14,572.05,831.24,267.54,2008-04-01,2012-03-11,2015-10-22,2016-02-04,2008,98.8,86.0,16,18,Under Implementation,24.06,44,Right-of-Way (RoW) issues; Court stay orders; Equipment delivery delays,3,1,2026-03-12
PRJ-R-0067,Electrification of Bhopal-Ranchi Railway Line,Ministry of Railways,Railways,Electrification,Kerala,Nellore,KRCL,810.22,1263.53,1266.21,1263.53,214.78,127.74,69.88,2013-04-01,2017-02-09,2021-05-19,2021-07-26,2013,94.3,100.0,16,18,Under Implementation,55.95,52,Material supply chain disruption; Utility shifting delays,2,3,2026-03-27
PRJ-R-0068,High-Speed Rail Project - Chandigarh to Bangalore Section,Ministry of Railways,Railways,High-Speed Rail,Himachal Pradesh,Burdwan,IRCON,2876.73,2996.09,3207.0,2996.09,0,190.95,220.83,2015-10-01,2020-03-08,2020-01-26,2019-12-07,2015,100.0,100.0,9,9,Completed,4.15,0,,0,0,2026-03-05
PRJ-R-0069,High-Speed Rail of Railway Line between Surat and Nagpur,Ministry of Railways,Railways,High-Speed Rail,Gujarat,North,NHSRCL,26616.51,27641.99,27228.35,23989.85,2372.16,1662.85,4758.34,2018-07-01,2021-12-12,2023-01-06,2023-02-18,2018,96.8,86.8,11,14,Under Implementation,3.85,13,COVID-19 pandemic impact; Equipment delivery delays; Material supply chain disruption,0,1,2026-03-06
PRJ-R-0070,Dedicated Freight Corridor of Jodhpur-Guwahati Railway Line,Ministry of Railways,Railways,Dedicated Freight Corridor,Goa,South,Indian Railways,1330.46,1607.85,1688.7,1607.85,0,151.67,153.76,2010-01-01,2016-05-29,2021-02-02,2020-11-26,2010,100.0,100.0,17,17,Completed,20.85,57,Labour shortage,1,2,2026-03-29
PRJ-R-0071,Dedicated Freight Corridor of Railway Line between Thiruvananthapuram and Dehradun,Ministry of Railways,Railways,Dedicated Freight Corridor,Punjab,Dharwad,IRCON,374.78,414.23,430.5,414.23,88.98,81.73,27.01,2019-04-01,2022-04-15,2026-02-23,2026-08-14,2019,99.9,100.0,4,5,Under Implementation,10.53,47,Adverse weather conditions,2,1,2026-03-05
PRJ-R-0072,New Line of Chandigarh-Gangtok Railway Line,Ministry of Railways,Railways,New Line,Andhra Pradesh,Central,RVNL,2411.65,2526.94,2529.28,1385.95,620.87,404.52,585.88,2021-10-01,2028-02-27,2030-04-17,2030-04-16,2021,51.7,54.8,7,17,Under Implementation,4.78,26,Forest clearance pending,0,2,2026-03-08
PRJ-R-0073,High-Speed Rail of Amritsar-Gangtok Railway Line,Ministry of Railways,Railways,High-Speed Rail,Chhattisgarh,Burdwan,RVNL,5779.16,5845.84,5919.43,5845.84,0,709.03,610.16,2009-10-01,2015-02-02,2015-01-20,2015-03-24,2009,100.0,100.0,20,20,Completed,1.15,0,,0,0,2026-03-13
PRJ-R-0074,Gauge Conversion of Delhi-Shillong Railway Line,Ministry of Railways,Railways,Gauge Conversion,Rajasthan,Tirunelveli,DFCCIL,9485.95,12814.51,12877.84,4371.93,2136.68,1475.07,1841.21,2023-10-01,2027-05-13,2030-11-23,2031-02-20,2023,32.8,34.1,2,10,Under Implementation,35.09,43,Material supply chain disruption; Fund release delays; COVID-19 pandemic impact,1,2,2026-03-19
PRJ-R-0075,Doubling of Railway Line between Gangtok and Patna,Ministry of Railways,Railways,Doubling,Meghalaya,Bokaro,DFCCIL,1476.75,1842.3,1873.45,1842.3,0,155.18,82.84,2012-04-01,2019-09-22,2019-09-30,2019-12-17,2012,100.0,100.0,20,20,Completed,24.75,0,,4,0,2026-03-15
PRJ-R-0076,Station Redevelopment Project - Dehradun to Coimbatore Section,Ministry of Railways,Railways,Station Redevelopment,Maharashtra,South,KRCL,469.68,585.49,631.63,585.49,0,68.36,79.29,2016-07-01,2020-11-07,2023-10-23,2024-01-04,2016,100.0,100.0,7,7,Completed,24.66,36,COVID-19 pandemic impact,3,3,2026-03-11
PRJ-R-0077,New Line Project - Gangtok to Raipur Section,Ministry of Railways,Railways,New Line,Tamil Nadu,Rourkela,NHSRCL,904.66,923.31,982.39,923.31,128.33,150.78,86.14,2020-04-01,2026-12-26,2027-02-21,2027-07-12,2020,95.7,100.0,17,18,Under Implementation,2.06,0,,0,0,2026-03-18
PRJ-R-0078,High-Speed Rail of Railway Line between Vadodara and Kochi,Ministry of Railways,Railways,High-Speed Rail,Punjab,Satna,RVNL,5296.04,6520.37,6575.69,672.1,692.16,1084.71,625.14,2022-10-01,2029-02-26,2032-08-09,2032-08-07,2022,11.0,10.3,0,17,Under Implementation,23.12,42,Labour shortage; Land acquisition delays; Change in project scope,4,3,2026-03-05
PRJ-R-0079,New Line of Railway Line between Udaipur and Surat,Ministry of Railways,Railways,New Line,Karnataka,Nellore,Indian Railways,764.25,1168.62,1161.06,1168.62,298.44,149.28,124.18,2009-10-01,2013-12-09,2018-09-14,2018-10-21,2009,96.2,100.0,17,18,Under Implementation,52.91,58,Equipment delivery delays; Change in project scope; Adverse weather conditions,2,3,2026-03-14
PRJ-R-0080,New Line Project - Jodhpur to Dehradun Section,Ministry of Railways,Railways,New Line,Himachal Pradesh,Solapur,NHSRCL,2355.85,2431.05,2540.22,2195.14,415.71,312.6,115.59,2009-07-01,2013-08-09,2015-01-31,2015-04-29,2009,99.9,90.3,15,15,Under Implementation,3.19,18,Geological surprises during construction; Contractual issues with EPC contractor,0,3,2026-03-11
PRJ-R-0081,Doubling of Railway Line between Coimbatore and Ahmedabad,Ministry of Railways,Railways,Doubling,West Bengal,Nellore,DFCCIL,690.63,738.2,735.17,638.37,95.6,48.87,45.73,2010-10-01,2014-10-10,2014-08-16,2014-05-18,2010,97.7,86.5,12,13,Under Implementation,6.89,0,,2,0,2026-03-21
PRJ-R-0082,Station Redevelopment Project - Surat to Ludhiana Section,Ministry of Railways,Railways,Station Redevelopment,Tamil Nadu,Salem,Indian Railways,3962.11,4131.99,4213.62,4131.99,214.06,322.41,468.16,2016-07-01,2021-05-06,2023-06-25,2023-08-19,2016,98.2,100.0,5,7,Under Implementation,4.29,26,Change in project scope,0,1,2026-03-14
PRJ-R-0083,High-Speed Rail of Chennai-Kanpur Railway Line,Ministry of Railways,Railways,High-Speed Rail,Gujarat,Bijapur,DFCCIL,1321.9,1362.35,1381.35,239.61,89.51,105.8,242.38,2023-07-01,2030-03-26,2033-07-08,2033-11-27,2023,19.2,17.6,2,12,Under Implementation,3.06,40,Fund release delays; Court stay orders,0,2,2026-03-11
PRJ-R-0084,High-Speed Rail of Mumbai-Visakhapatnam Railway Line,Ministry of Railways,Railways,High-Speed Rail,Telangana,Raichur,IRCON,2202.68,3248.97,3337.71,1728.43,767.75,926.02,356.14,2024-04-01,2028-05-10,2028-03-13,2028-03-08,2024,52.5,53.2,9,18,Under Implementation,47.5,0,,4,0,2026-03-20
PRJ-R-0085,Gauge Conversion of Railway Line between Vadodara and Gangtok,Ministry of Railways,Railways,Gauge Conversion,Tamil Nadu,Salem,NHSRCL,2559.46,2555.77,2525.94,2555.77,647.23,310.57,206.32,2012-07-01,2017-11-02,2021-12-11,2021-10-18,2012,99.3,100.0,7,8,Under Implementation,-0.14,50,Law and order issues; Design changes during execution,0,2,2026-03-05
PRJ-R-0086,Electrification of Railway Line between Chandigarh and Delhi,Ministry of Railways,Railways,Electrification,Telangana,Raigad,NHSRCL,1488.7,1551.59,1621.82,1551.59,0,110.37,370.8,2013-07-01,2019-03-02,2021-03-21,2021-05-30,2013,100.0,100.0,8,8,Completed,4.22,25,Contractual issues with EPC contractor; Design changes during execution,0,1,2026-04-01
PRJ-R-0087,Gauge Conversion Project - Pune to Raipur Section,Ministry of Railways,Railways,Gauge Conversion,Telangana,Raigad,DFCCIL,1525.14,1504.71,1523.47,1376.59,221.81,246.57,137.31,2020-07-01,2027-08-24,2027-09-28,2027-09-08,2020,97.3,91.5,9,11,Under Implementation,-1.34,0,,0,0,2026-04-01
PRJ-R-0088,Electrification of Hyderabad-Amritsar Railway Line,Ministry of Railways,Railways,Electrification,Uttarakhand,Guntur,RVNL,966.04,1129.62,1186.21,1129.62,152.16,129.69,136.97,2020-10-01,2026-02-02,2026-04-05,2026-05-11,2020,99.9,100.0,6,6,Under Implementation,16.93,0,,1,0,2026-03-17
PRJ-R-0089,Dedicated Freight Corridor Project - Patna to Dehradun Section,Ministry of Railways,Railways,Dedicated Freight Corridor,Uttar Pradesh,Tirunelveli,IRCON,567.67,811.07,827.08,811.07,0,120.06,84.58,2012-01-01,2015-03-16,2020-08-16,2020-08-21,2012,100.0,100.0,8,8,Completed,42.88,66,Right-of-Way (RoW) issues,4,3,2026-03-19
PRJ-R-0090,High-Speed Rail of Railway Line between Kanpur and Nagpur,Ministry of Railways,Railways,High-Speed Rail,Tamil Nadu,Guntur,Indian Railways,426.73,435.22,451.04,399.41,76.44,99.23,54.27,2019-07-01,2027-04-20,2027-04-23,2027-01-29,2019,93.8,91.8,17,20,Under Implementation,1.99,0,,0,0,2026-03-02
PRJ-R-0091,Station Redevelopment of Delhi-Hyderabad Railway Line,Ministry of Railways,Railways,Station Redevelopment,Gujarat,Korba,IRCON,610.13,790.27,777.43,790.27,0,51.19,143.11,2017-07-01,2021-10-08,2022-01-06,2021-11-28,2017,100.0,100.0,5,5,Completed,29.53,0,,2,0,2026-03-08
PRJ-R-0092,High-Speed Rail of Chandigarh-Amritsar Railway Line,Ministry of Railways,Railways,High-Speed Rail,Gujarat,Raigad,Indian Railways,1201.38,1560.43,1623.32,267.02,393.03,345.83,118.43,2024-07-01,2030-11-27,2031-05-26,2031-10-08,2024,18.0,17.1,0,9,Under Implementation,29.89,6,Labour shortage; Utility shifting delays,1,1,2026-03-28
PRJ-R-0093,Doubling of Dehradun-Vadodara Railway Line,Ministry of Railways,Railways,Doubling,Tamil Nadu,Latur,Indian Railways,2972.17,3094.35,3267.12,2571.54,216.58,228.54,228.97,2011-07-01,2014-11-12,2014-09-20,2014-07-24,2011,97.5,83.1,7,8,Under Implementation,4.11,0,,0,0,2026-03-27
PRJ-R-0094,Electrification of Coimbatore-Varanasi Railway Line,Ministry of Railways,Railways,Electrification,Karnataka,Siliguri,NHSRCL,14202.3,14798.5,15891.12,14798.5,2207.81,3670.44,1567.92,2022-01-01,2025-05-15,2025-05-18,2025-05-16,2022,99.9,100.0,6,9,Under Implementation,4.2,0,,0,0,2026-03-25
PRJ-R-0095,Station Redevelopment of Railway Line between Shillong and Amritsar,Ministry of Railways,Railways,Station Redevelopment,Odisha,Karnal,Indian Railways,1097.33,1099.16,1103.98,1099.16,181.82,162.1,154.47,2018-07-01,2025-03-26,2028-07-08,2028-12-19,2018,99.9,100.0,14,17,Under Implementation,0.17,40,Design changes during execution; State government coordination issues,0,1,2026-03-23
PRJ-R-0096,Station Redevelopment of Railway Line between Jaipur and Nagpur,Ministry of Railways,Railways,Station Redevelopment,Punjab,Dibrugarh,RVNL,2370.77,2414.46,2367.82,2117.19,250.26,234.41,437.06,2013-01-01,2020-08-22,2026-02-22,2026-07-10,2013,99.9,87.7,11,11,Under Implementation,1.84,67,Labour shortage; Equipment delivery delays; Law and order issues,0,3,2026-03-27
PRJ-R-0097,Gauge Conversion of Railway Line between Gangtok and Mumbai,Ministry of Railways,Railways,Gauge Conversion,Maharashtra,Burdwan,Indian Railways,2773.02,3730.43,3662.62,3509.34,607.09,718.59,467.18,2012-07-01,2017-10-03,2017-12-02,2017-12-06,2012,97.9,94.1,3,6,Under Implementation,34.53,2,Adverse weather conditions; Environmental clearance pending; Material supply chain disruption,2,2,2026-03-18
PRJ-R-0098,New Line of Imphal-Patna Railway Line,Ministry of Railways,Railways,New Line,Bihar,West,DFCCIL,5210.52,5312.34,5341.76,4634.31,751.04,934.18,1228.7,2014-01-01,2017-11-11,2020-08-27,2020-09-19,2014,95.8,87.2,14,17,Under Implementation,1.95,34,Regulatory approvals pending,0,1,2026-04-01
PRJ-R-0099,High-Speed Rail of Railway Line between Amritsar and Surat,Ministry of Railways,Railways,High-Speed Rail,Delhi,Bokaro,KRCL,1061.99,1049.03,1035.42,1049.03,0,54.56,159.18,2016-01-01,2022-03-30,2025-11-09,2025-08-21,2016,100.0,100.0,5,5,Completed,-1.22,44,Inter-departmental coordination delays,0,1,2026-03-12
PRJ-R-0100,Station Redevelopment of Railway Line between Ranchi and Pune,Ministry of Railways,Railways,Station Redevelopment,Punjab,Burdwan,RVNL,5917.88,9203.09,9389.94,7984.37,1544.22,1082.09,1301.88,2022-04-01,2028-02-29,2028-05-17,2028-08-31,2022,88.0,86.8,8,9,Under Implementation,55.51,0,,2,0,2026-04-01
PRJ-R-0101,Electrification Project - Gangtok to Mumbai Section,Ministry of Railways,Railways,Electrification,Telangana,Tumkur,NHSRCL,385.17,532.39,560.62,532.39,0,64.89,54.52,2009-04-01,2013-12-06,2014-02-22,2014-08-06,2009,100.0,100.0,15,15,Completed,38.22,0,,2,0,2026-03-24
PRJ-R-0102,Gauge Conversion of Railway Line between Guwahati and Vadodara,Ministry of Railways,Railways,Gauge Conversion,Meghalaya,Dharwad,DFCCIL,9896.06,9896.06,10392.61,9896.06,1262.72,1265.73,2165.19,2020-04-01,2024-02-10,2024-02-16,2024-07-23,2020,98.2,100.0,18,20,Under Implementation,0,0,,2,0,2026-03-30
PRJ-R-0103,New Line Project - Pune to Ludhiana Section,Ministry of Railways,Railways,New Line,Karnataka,Warangal,Indian Railways,17168.14,25751.5,25500.66,23950.1,2320.32,3039.37,1641.93,2018-01-01,2025-11-20,2025-12-30,2025-10-06,2018,98.7,93.0,13,14,Under Implementation,50.0,0,,1,0,2026-03-30
PRJ-R-0104,Gauge Conversion of Patna-Raipur Railway Line,Ministry of Railways,Railways,Gauge Conversion,Haryana,Khammam,NHSRCL,5759.33,5758.13,5986.3,5757.5,1217.26,482.87,1145.18,2017-01-01,2021-02-09,2024-06-23,2024-06-05,2017,91.7,100.0,15,16,Under Implementation,-0.02,41,Change in technology specifications; Forest clearance pending; Design changes during execution,0,1,2026-03-20
PRJ-R-0105,Gauge Conversion of Railway Line between Bhubaneswar and Mumbai,Ministry of Railways,Railways,Gauge Conversion,Maharashtra,Barmer,Indian Railways,3145.24,3278.93,3315.54,1083.19,323.12,242.91,687.07,2024-01-01,2029-10-31,2029-12-11,2029-09-15,2024,33.6,33.0,3,11,Under Implementation,4.25,0,,0,0,2026-03-07
PRJ-R-0106,High-Speed Rail of Railway Line between Guwahati and Ahmedabad,Ministry of Railways,Railways,High-Speed Rail,Uttar Pradesh,Tumkur,Indian Railways,936.8,965.18,948.36,685.57,188.69,179.39,105.19,2022-04-01,2029-09-21,2029-09-21,2029-11-05,2022,71.8,71.0,7,10,Under Implementation,3.03,0,,0,2,2026-03-09
PRJ-R-0107,Dedicated Freight Corridor of Bhopal-Chennai Railway Line,Ministry of Railways,Railways,Dedicated Freight Corridor,Rajasthan,Raigad,KRCL,2435.3,2517.92,2695.01,1072.69,605.66,495.01,266.64,2023-04-01,2028-01-05,2029-03-30,2029-03-22,2023,44.9,42.6,2,8,Under Implementation,3.39,15,Geological surprises during construction,0,1,2026-03-03
PRJ-R-0108,Electrification of Railway Line between Jodhpur and Ranchi,Ministry of Railways,Railways,Electrification,Gujarat,Hassan,NHSRCL,1725.86,1855.82,1862.42,1473.54,166.01,108.48,136.34,2020-07-01,2027-08-24,2030-11-06,2031-03-02,2020,71.9,79.4,3,5,Under Implementation,7.53,39,Contractual issues with EPC contractor; State government coordination issues,4,1,2026-03-12
PRJ-R-0109,Dedicated Freight Corridor Project - Shimla to Vadodara Section,Ministry of Railways,Railways,Dedicated Freight Corridor,Delhi,Raigad,KRCL,9051.73,9823.93,9938.44,8928.6,1466.82,2091.32,1300.43,2010-04-01,2016-08-27,2018-10-16,2018-12-15,2010,99.9,90.9,13,13,Under Implementation,8.53,26,Geological surprises during construction; COVID-19 pandemic impact; Right-of-Way (RoW) issues,2,3,2026-03-26
PRJ-R-0110,New Line of Ahmedabad-Jaipur Railway Line,Ministry of Railways,Railways,New Line,Uttar Pradesh,Durg,RVNL,4694.7,5125.55,5428.64,5125.55,0,305.05,702.59,2011-04-01,2016-10-01,2018-06-23,2018-09-22,2011,100.0,100.0,19,19,Completed,9.18,21,State government coordination issues; Forest clearance pending; Right-of-Way (RoW) issues,2,2,2026-03-28
PRJ-R-0111,Station Redevelopment Project - Varanasi to Jaipur Section,Ministry of Railways,Railways,Station Redevelopment,Meghalaya,Tumkur,IRCON,2366.57,3297.85,3314.59,490.5,739.76,343.82,231.04,2023-01-01,2029-11-25,2032-08-11,2032-11-12,2023,13.3,14.9,0,7,Under Implementation,39.35,33,Land acquisition delays,1,1,2026-04-01
PRJ-R-0112,Doubling of Railway Line between Hyderabad and Jodhpur,Ministry of Railways,Railways,Doubling,Karnataka,Latur,DFCCIL,2000.24,2021.03,2037.61,2021.03,377.15,507.1,308.3,2011-01-01,2016-06-03,2016-06-03,2016-06-01,2011,99.9,100.0,12,15,Under Implementation,1.04,0,,0,2,2026-03-23
PRJ-R-0113,New Line of Railway Line between Ranchi and Pune,Ministry of Railways,Railways,New Line,Rajasthan,Burdwan,KRCL,3999.13,4038.39,4230.42,4038.39,1075.0,467.17,865.69,2010-01-01,2014-02-09,2016-10-26,2017-04-21,2010,99.1,100.0,7,7,Under Implementation,0.98,33,Design changes during execution; Labour shortage,0,1,2026-03-16
PRJ-R-0114,Gauge Conversion of Railway Line between Bhubaneswar and Udaipur,Ministry of Railways,Railways,Gauge Conversion,Maharashtra,Meerut,DFCCIL,7123.16,7313.02,7889.5,7313.02,0,938.58,1541.83,2008-07-01,2013-07-05,2013-09-03,2013-07-16,2008,100.0,100.0,20,20,Completed,2.67,2,Adverse weather conditions,0,3,2026-03-15
PRJ-R-0115,Station Redevelopment Project - Udaipur to Pune Section,Ministry of Railways,Railways,Station Redevelopment,Punjab,Nellore,NHSRCL,8593.25,9849.7,10257.64,9849.7,0,759.32,1449.08,2009-10-01,2013-03-14,2015-07-02,2015-06-16,2009,100.0,100.0,6,6,Completed,14.62,28,Geological surprises during construction,4,3,2026-03-02
PRJ-R-0116,Station Redevelopment of Railway Line between Nagpur and Thiruvananthapuram,Ministry of Railways,Railways,Station Redevelopment,Maharashtra,North,KRCL,7363.74,7400.46,7521.69,3136.86,811.28,1350.67,921.56,2022-04-01,2027-06-04,2030-06-18,2030-03-22,2022,43.1,42.4,8,19,Under Implementation,0.5,37,Rehabilitation and resettlement issues; Change in technology specifications,0,1,2026-03-14
PRJ-R-0117,New Line of Railway Line between Kolkata and Thiruvananthapuram,Ministry of Railways,Railways,New Line,Chhattisgarh,Siliguri,NHSRCL,1630.82,1627.23,1733.09,1554.25,218.05,193.71,234.63,2010-07-01,2013-12-12,2014-10-08,2014-11-05,2010,92.8,95.5,11,12,Under Implementation,-0.22,10,Material supply chain disruption,0,1,2026-03-25
PRJ-R-0118,High-Speed Rail of Mumbai-Varanasi Railway Line,Ministry of Railways,Railways,High-Speed Rail,Punjab,Raigad,IRCON,4878.52,5826.19,5868.83,3402.97,757.28,768.5,526.15,2019-07-01,2024-09-02,2029-06-08,2029-09-28,2019,66.6,58.4,13,20,Under Implementation,19.43,58,Rehabilitation and resettlement issues; Inter-departmental coordination delays; Equipment delivery delays,4,3,2026-03-18
PRJ-R-0119,Electrification Project - Bhubaneswar to Nagpur Section,Ministry of Railways,Railways,Electrification,Uttar Pradesh,Warangal,NHSRCL,4350.22,4485.21,4638.77,0.0,753.84,1004.32,348.05,2024-04-01,2031-07-24,2037-03-24,2037-02-25,2024,0,0.0,0,14,Under Implementation,3.1,69,Material supply chain disruption; Labour shortage; Fund release delays,1,1,2026-03-23
PRJ-R-0120,Doubling Project - Indore to Surat Section,Ministry of Railways,Railways,Doubling,Uttar Pradesh,Jharsuguda,NHSRCL,5773.57,5860.98,6238.33,2366.58,792.19,687.48,1045.58,2022-04-01,2030-01-19,2030-04-16,2030-03-13,2022,41.6,40.4,5,19,Under Implementation,1.51,0,,0,0,2026-03-19
PRJ-R-0121,New Line of Hyderabad-Bhubaneswar Railway Line,Ministry of Railways,Railways,New Line,Assam,Salem,NHSRCL,4052.07,4022.21,4124.6,4022.21,0,463.43,614.53,2015-07-01,2021-07-29,2021-08-03,2021-08-24,2015,100.0,100.0,15,15,Completed,-0.74,0,,0,0,2026-03-06
PRJ-R-0122,Doubling of Railway Line between Kochi and Kolkata,Ministry of Railways,Railways,Doubling,Tamil Nadu,Warangal,Indian Railways,815.32,1150.45,1230.06,982.52,287.7,127.89,92.22,2023-04-01,2026-11-11,2027-01-23,2026-12-05,2023,95.6,85.4,5,6,Under Implementation,41.1,0,,3,0,2026-03-15
PRJ-R-0123,High-Speed Rail Project - Kolkata to Thiruvananthapuram Section,Ministry of Railways,Railways,High-Speed Rail,Maharashtra,Jharsuguda,KRCL,1344.03,1516.23,1556.05,1516.23,307.36,350.59,335.46,2018-10-01,2022-06-12,2022-06-12,2022-05-15,2018,96.9,100.0,17,18,Under Implementation,12.81,0,,3,2,2026-03-25
PRJ-R-0124,Station Redevelopment of Railway Line between Ahmedabad and Bhopal,Ministry of Railways,Railways,Station Redevelopment,Jharkhand,West,RVNL,508.7,518.09,534.48,518.09,0,57.05,107.37,2009-10-01,2015-05-03,2015-04-27,2015-05-19,2009,100.0,100.0,11,11,Completed,1.85,0,,0,0,2026-03-12
PRJ-R-0125,High-Speed Rail of Railway Line between Ahmedabad and Varanasi,Ministry of Railways,Railways,High-Speed Rail,Telangana,Tirunelveli,Indian Railways,2598.51,2707.17,2830.64,2458.44,216.04,197.42,107.38,2019-01-01,2024-08-02,2026-09-21,2027-03-18,2019,92.6,90.8,12,13,Under Implementation,4.18,26,Adverse weather conditions; Fund release delays,0,1,2026-03-03
PRJ-R-0126,Station Redevelopment of Mumbai-Dehradun Railway Line,Ministry of Railways,Railways,Station Redevelopment,Telangana,Warangal,DFCCIL,3310.6,4079.07,4375.28,4079.07,0,340.32,594.51,2012-01-01,2016-05-09,2017-02-03,2017-02-10,2012,100.0,100.0,17,17,Completed,23.21,9,State government coordination issues; Labour shortage,3,2,2026-03-19
PRJ-R-0127,Station Redevelopment Project - Amritsar to Surat Section,Ministry of Railways,Railways,Station Redevelopment,Kerala,Meerut,IRCON,465.25,460.8,476.26,393.59,61.74,38.25,108.01,2017-04-01,2024-05-24,2024-04-18,2024-06-18,2017,98.4,85.4,11,13,Under Implementation,-0.96,0,,0,0,2026-03-05
PRJ-R-0128,New Line Project - Gangtok to Nagpur Section,Ministry of Railways,Railways,New Line,Punjab,Raigad,IRCON,8319.96,8328.93,8671.63,6590.16,1790.69,1279.96,794.61,2022-01-01,2028-06-28,2028-06-05,2028-05-09,2022,86.3,79.1,7,11,Under Implementation,0.11,0,,0,0,2026-03-28
PRJ-R-0129,Dedicated Freight Corridor Project - Vadodara to Imphal Section,Ministry of Railways,Railways,Dedicated Freight Corridor,Karnataka,Tirunelveli,IRCON,6545.76,6426.6,6561.62,5324.95,1412.0,1247.81,400.47,2020-04-01,2027-10-22,2027-11-03,2027-10-10,2020,91.7,82.9,16,19,Under Implementation,-1.82,0,,0,0,2026-03-09
PRJ-R-0130,Station Redevelopment of Railway Line between Bhopal and Chennai,Ministry of Railways,Railways,Station Redevelopment,Madhya Pradesh,Raichur,RVNL,4992.28,6819.34,7115.08,6819.34,0,522.12,956.97,2018-04-01,2021-04-15,2023-07-04,2023-11-21,2018,100.0,100.0,15,15,Completed,36.6,27,Adverse weather conditions; Fund release delays,2,2,2026-03-15
PRJ-R-0131,Station Redevelopment of Railway Line between Patna and Varanasi,Ministry of Railways,Railways,Station Redevelopment,Maharashtra,Central,RVNL,6733.68,6620.43,7048.91,254.86,1118.75,1004.78,956.15,2024-04-01,2031-10-22,2031-10-22,2032-03-17,2024,4.0,3.8,0,15,Under Implementation,-1.68,0,,0,1,2026-03-23
PRJ-R-0132,High-Speed Rail Project - Jodhpur to Imphal Section,Ministry of Railways,Railways,High-Speed Rail,Delhi,Tumkur,RVNL,1456.64,1510.16,1515.57,1382.17,435.35,278.76,72.03,2010-07-01,2017-10-22,2017-12-04,2017-10-29,2010,89.9,91.5,8,8,Under Implementation,3.67,0,,2,0,2026-03-26
PRJ-R-0133,Dedicated Freight Corridor of Chennai-Mumbai Railway Line,Ministry of Railways,Railways,Dedicated Freight Corridor,Kerala,Chittoor,Indian Railways,3618.29,3619.73,3700.46,2587.68,1128.74,947.23,851.67,2021-07-01,2027-10-28,2028-01-08,2028-03-31,2021,82.5,71.5,5,7,Under Implementation,0.04,0,,0,0,2026-03-26
PRJ-R-0134,Station Redevelopment Project - Udaipur to Delhi Section,Ministry of Railways,Railways,Station Redevelopment,Odisha,Tumkur,RVNL,1526.48,1554.95,1652.92,1534.68,211.96,110.46,276.46,2021-04-01,2027-01-30,2027-04-05,2027-07-04,2021,99.9,98.7,14,15,Under Implementation,1.87,0,,0,0,2026-03-06
PRJ-R-0135,Doubling of Shillong-Kanpur Railway Line,Ministry of Railways,Railways,Doubling,Rajasthan,Anand,IRCON,2150.85,2223.61,2369.01,2036.66,414.9,226.77,510.91,2021-10-01,2025-04-13,2029-05-22,2029-04-03,2021,84.4,91.6,17,20,Under Implementation,3.38,50,Equipment delivery delays; COVID-19 pandemic impact; Change in technology specifications,2,3,2026-03-31
PRJ-R-0136,New Line of Ranchi-Chandigarh Railway Line,Ministry of Railways,Railways,New Line,Uttar Pradesh,Satna,DFCCIL,961.2,1026.0,1067.88,714.89,176.61,146.48,105.62,2021-07-01,2026-05-06,2029-10-17,2029-08-30,2021,70.9,69.7,12,20,Under Implementation,6.74,42,Forest clearance pending,2,2,2026-03-09
PRJ-R-0137,High-Speed Rail of Shillong-Lucknow Railway Line,Ministry of Railways,Railways,High-Speed Rail,Haryana,Anand,NHSRCL,10684.12,10736.84,11413.69,6601.06,1249.33,1030.24,2174.76,2023-04-01,2028-02-04,2029-03-30,2029-09-16,2023,56.9,61.5,4,10,Under Implementation,0.49,14,Material supply chain disruption; Court stay orders,0,2,2026-03-24
PRJ-R-0138,Doubling of Railway Line between Agra and Guwahati,Ministry of Railways,Railways,Doubling,Sikkim,Nellore,DFCCIL,5408.25,5408.25,5548.6,1190.93,973.72,879.74,761.87,2023-04-01,2029-01-29,2034-04-03,2034-01-12,2023,24.3,22.0,2,14,Under Implementation,0,63,Forest clearance pending; Change in project scope; Equipment delivery delays,3,3,2026-03-29
PRJ-R-0139,Dedicated Freight Corridor Project - Jodhpur to Guwahati Section,Ministry of Railways,Railways,Dedicated Freight Corridor,Maharashtra,Nellore,KRCL,412.55,549.84,572.09,549.84,0,61.43,87.95,2017-01-01,2020-11-11,2024-02-24,2024-05-03,2017,100.0,100.0,11,11,Completed,33.28,40,Rehabilitation and resettlement issues; Land acquisition delays; Geological surprises during construction,1,2,2026-03-24
PRJ-R-0140,Doubling of Visakhapatnam-Nagpur Railway Line,Ministry of Railways,Railways,Doubling,Uttar Pradesh,South,DFCCIL,339.14,334.62,349.81,295.51,89.7,61.99,44.97,2017-07-01,2023-06-30,2027-02-09,2027-01-30,2017,99.9,88.3,5,5,Under Implementation,-1.33,44,Rehabilitation and resettlement issues; Adverse weather conditions; Contractual issues with EPC contractor,0,2,2026-03-04
PRJ-R-0141,Gauge Conversion of Railway Line between Chandigarh and Nagpur,Ministry of Railways,Railways,Gauge Conversion,Andhra Pradesh,Barmer,NHSRCL,8732.75,11358.92,11878.48,11358.92,1659.49,833.1,917.96,2010-01-01,2013-06-14,2014-12-06,2015-04-27,2010,99.9,100.0,12,12,Under Implementation,30.07,18,Law and order issues; Inter-departmental coordination delays; State government coordination issues,2,3,2026-03-22
PRJ-R-0142,Electrification Project - Amritsar to Bangalore Section,Ministry of Railways,Railways,Electrification,Gujarat,Dharwad,DFCCIL,995.43,1024.98,1100.18,704.95,156.22,95.88,109.66,2022-04-01,2027-10-02,2029-03-25,2029-01-26,2022,73.1,68.8,10,16,Under Implementation,2.97,18,Environmental clearance pending,0,1,2026-03-19
PRJ-R-0143,Station Redevelopment of Pune-Hyderabad Railway Line,Ministry of Railways,Railways,Station Redevelopment,Chhattisgarh,Satna,NHSRCL,989.05,1018.02,1078.59,540.4,135.69,124.17,194.54,2022-01-01,2029-08-22,2029-11-20,2030-03-30,2022,52.7,53.1,4,7,Under Implementation,2.93,0,,0,0,2026-03-27
PRJ-R-0144,New Line Project - Dehradun to Guwahati Section,Ministry of Railways,Railways,New Line,Bihar,Meerut,KRCL,3535.84,3606.77,3552.83,3458.15,494.21,893.51,660.2,2011-01-01,2015-07-09,2015-07-28,2015-07-23,2011,99.9,95.9,15,18,Under Implementation,2.01,0,,0,0,2026-03-27
PRJ-R-0145,Dedicated Freight Corridor of Railway Line between Bangalore and Gangtok,Ministry of Railways,Railways,Dedicated Freight Corridor,Haryana,Central,IRCON,2785.13,3577.98,3838.06,2984.33,981.38,696.59,381.14,2012-01-01,2018-05-29,2018-08-26,2018-09-18,2012,95.1,83.4,12,13,Under Implementation,28.47,0,,3,0,2026-03-07
PRJ-R-0146,High-Speed Rail Project - Amritsar to Pune Section,Ministry of Railways,Railways,High-Speed Rail,Jharkhand,Khammam,DFCCIL,2186.9,2234.34,2282.27,2234.34,0,186.57,368.15,2013-01-01,2020-10-21,2023-08-07,2023-10-27,2013,100.0,100.0,14,14,Completed,2.17,34,Fund release delays,0,2,2026-03-10
PRJ-R-0147,Dedicated Freight Corridor of Railway Line between Bangalore and Coimbatore,Ministry of Railways,Railways,Dedicated Freight Corridor,Bihar,Korba,KRCL,3564.62,3563.41,3641.29,1737.1,859.02,858.43,401.67,2023-10-01,2028-03-08,2029-02-01,2029-04-24,2023,43.5,48.7,5,12,Under Implementation,-0.03,11,Forest clearance pending; Law and order issues; Slow mobilization by contractor,0,2,2026-03-07
PRJ-R-0148,High-Speed Rail of Railway Line between Patna and Thiruvananthapuram,Ministry of Railways,Railways,High-Speed Rail,Himachal Pradesh,South,NHSRCL,592.88,699.11,725.89,699.11,54.08,62.11,50.38,2019-01-01,2025-07-28,2027-09-16,2028-02-11,2019,99.9,100.0,5,7,Under Implementation,17.92,26,Fund release delays,4,2,2026-03-27
PRJ-R-0149,High-Speed Rail Project - Udaipur to Kolkata Section,Ministry of Railways,Railways,High-Speed Rail,Goa,East,NHSRCL,2726.63,2744.64,2814.83,2216.78,418.65,298.34,315.18,2010-04-01,2017-08-22,2018-04-19,2018-03-22,2010,94.5,80.8,11,11,Under Implementation,0.66,8,State government coordination issues; Forest clearance pending,1,3,2026-03-10
PRJ-R-0150,Electrification of Amritsar-Bangalore Railway Line,Ministry of Railways,Railways,Electrification,Uttar Pradesh,Central,DFCCIL,5934.32,6744.3,6741.33,5646.39,1414.44,1032.69,1015.9,2015-04-01,2022-11-20,2026-04-03,2026-07-27,2015,97.3,83.7,5,6,Under Implementation,13.65,41,Inter-departmental coordination delays,3,1,2026-03-17
PRJ-R-0151,Electrification of Railway Line between Chennai and Imphal,Ministry of Railways,Railways,Electrification,Chhattisgarh,Durg,NHSRCL,4359.34,4281.86,4579.57,329.52,888.53,934.1,1058.27,2023-10-01,2029-04-02,2034-08-04,2034-09-20,2023,7.2,7.7,0,8,Under Implementation,-1.78,65,Labour shortage; Environmental clearance pending; Material supply chain disruption,0,1,2026-03-20
PRJ-R-0152,Electrification of Railway Line between Patna and Indore,Ministry of Railways,Railways,Electrification,Madhya Pradesh,Tumkur,RVNL,547.63,572.49,583.45,561.33,60.11,101.68,38.47,2018-01-01,2023-12-01,2024-04-29,2024-10-20,2018,98.4,98.1,8,11,Under Implementation,4.54,5,Design changes during execution,0,1,2026-03-18
PRJ-R-0153,Station Redevelopment of Delhi-Chandigarh Railway Line,Ministry of Railways,Railways,Station Redevelopment,Delhi,Siliguri,KRCL,3239.55,3585.82,3625.64,3558.42,582.59,238.42,556.62,2016-01-01,2021-09-01,2023-09-21,2023-09-03,2016,99.9,99.2,15,18,Under Implementation,10.69,25,Material supply chain disruption; Change in project scope,4,2,2026-04-01
PRJ-R-0154,Electrification Project - Lucknow to Visakhapatnam Section,Ministry of Railways,Railways,Electrification,Tamil Nadu,Guntur,RVNL,1504.91,1593.27,1630.77,1593.27,0,164.61,166.16,2009-10-01,2016-04-27,2021-05-01,2021-06-04,2009,100.0,100.0,15,15,Completed,5.87,61,Equipment delivery delays,1,3,2026-03-21
PRJ-R-0155,New Line of Railway Line between Bhubaneswar and Thiruvananthapuram,Ministry of Railways,Railways,New Line,Goa,Bellary,IRCON,3130.59,3095.25,3295.23,2489.17,324.44,376.31,197.89,2014-04-01,2019-04-05,2023-07-13,2023-04-19,2014,88.4,80.4,17,19,Under Implementation,-1.13,52,Fund release delays; Regulatory approvals pending; State government coordination issues,0,1,2026-03-05
PRJ-R-0156,High-Speed Rail of Railway Line between Chandigarh and Mumbai,Ministry of Railways,Railways,High-Speed Rail,Tamil Nadu,Khammam,KRCL,1658.56,2273.5,2249.44,2164.76,201.04,204.25,221.76,2013-10-01,2019-01-03,2018-11-08,2019-03-21,2013,99.2,95.2,10,10,Under Implementation,37.08,0,,1,0,2026-03-02
PRJ-R-0157,Electrification of Railway Line between Ludhiana and Ranchi,Ministry of Railways,Railways,Electrification,Gujarat,Dharwad,KRCL,821.24,821.24,840.67,821.24,117.83,192.02,122.03,2023-01-01,2027-06-09,2027-06-06,2027-05-12,2023,94.1,100.0,11,12,Under Implementation,0,0,,3,0,2026-03-27
PRJ-R-0158,Electrification of Gangtok-Delhi Railway Line,Ministry of Railways,Railways,Electrification,Karnataka,Khammam,IRCON,5703.54,5703.54,5615.98,5703.54,0,821.66,293.08,2008-07-01,2016-02-20,2015-12-27,2016-03-16,2008,100.0,100.0,15,15,Completed,0,0,,1,0,2026-03-07
PRJ-R-0159,Doubling of Railway Line between Kanpur and Ludhiana,Ministry of Railways,Railways,Doubling,Kerala,Anand,KRCL,1233.64,1259.15,1281.65,1259.15,0,130.03,151.91,2018-10-01,2024-11-28,2025-01-16,2025-04-02,2018,100.0,100.0,16,16,Completed,2.07,0,,0,0,2026-03-03
PRJ-R-0160,Station Redevelopment Project - Agra to Shillong Section,Ministry of Railways,Railways,Station Redevelopment,Karnataka,Raichur,Indian Railways,4040.5,4006.67,4177.04,4006.67,0,545.18,944.67,2011-01-01,2016-09-01,2019-10-16,2019-08-13,2011,100.0,100.0,20,20,Completed,-0.84,38,Equipment delivery delays,0,1,2026-03-07
PRJ-R-0161,Dedicated Freight Corridor of Delhi-Varanasi Railway Line,Ministry of Railways,Railways,Dedicated Freight Corridor,Uttarakhand,Raigad,NHSRCL,766.3,816.33,875.88,747.84,129.43,71.98,27.21,2013-10-01,2020-03-28,2025-05-31,2025-06-06,2013,98.4,91.6,16,17,Under Implementation,6.53,63,Utility shifting delays,1,3,2026-03-12
PRJ-R-0162,High-Speed Rail Project - Raipur to Nagpur Section,Ministry of Railways,Railways,High-Speed Rail,Gujarat,Bellary,IRCON,701.85,690.66,681.86,690.66,0,85.83,157.09,2017-01-01,2022-02-04,2022-04-03,2022-09-07,2017,100.0,100.0,13,13,Completed,-1.59,0,,0,0,2026-03-29
PRJ-R-0163,High-Speed Rail of Surat-Chandigarh Railway Line,Ministry of Railways,Railways,High-Speed Rail,Telangana,Bijapur,Indian Railways,7370.85,7959.82,8076.24,7645.66,659.58,653.53,1747.04,2020-10-01,2026-07-02,2026-07-24,2026-04-29,2020,86.8,96.1,11,16,Under Implementation,7.99,0,,1,0,2026-03-03
PRJ-R-0164,Dedicated Freight Corridor of Indore-Jaipur Railway Line,Ministry of Railways,Railways,Dedicated Freight Corridor,Karnataka,Durg,DFCCIL,1168.51,1607.72,1709.97,1607.72,0,160.6,234.45,2010-01-01,2014-02-09,2016-04-29,2016-02-03,2010,100.0,100.0,14,14,Completed,37.59,27,Right-of-Way (RoW) issues,2,1,2026-04-01
PRJ-R-0165,New Line of Railway Line between Gangtok and Shimla,Ministry of Railways,Railways,New Line,Uttar Pradesh,Jharsuguda,NHSRCL,4454.78,4674.58,4797.62,4674.58,946.43,949.49,530.85,2010-01-01,2013-09-12,2015-09-02,2015-10-28,2010,99.9,100.0,17,20,Under Implementation,4.93,24,Slow mobilization by contractor,1,3,2026-03-25
PRJ-R-0166,High-Speed Rail of Raipur-Lucknow Railway Line,Ministry of Railways,Railways,High-Speed Rail,Maharashtra,Korba,KRCL,4300.0,4524.63,4453.54,4152.64,1112.96,1028.23,253.96,2021-07-01,2026-03-07,2027-05-01,2027-09-18,2021,99.9,91.8,12,13,Under Implementation,5.22,14,Inter-departmental coordination delays; Regulatory approvals pending,2,2,2026-03-21
PRJ-R-0167,Doubling of Thiruvananthapuram-Imphal Railway Line,Ministry of Railways,Railways,Doubling,Mizoram,Anand,KRCL,796.51,799.43,856.6,771.36,193.63,176.08,167.6,2008-07-01,2012-12-07,2013-04-06,2013-08-06,2008,99.9,96.5,7,10,Under Implementation,0.37,4,Labour shortage; Forest clearance pending; Equipment delivery delays,0,1,2026-03-19
PRJ-R-0168,High-Speed Rail Project - Surat to Indore Section,Ministry of Railways,Railways,High-Speed Rail,Bihar,Solapur,Indian Railways,9683.03,10097.38,10489.04,10097.38,0,1243.39,771.29,2008-10-01,2013-02-07,2012-12-31,2012-10-11,2008,100.0,100.0,20,20,Completed,4.28,0,,0,0,2026-03-29
PRJ-R-0169,Doubling of Imphal-Guwahati Railway Line,Ministry of Railways,Railways,Doubling,Karnataka,East,IRCON,7226.01,7135.55,7167.89,6734.91,1595.5,1416.31,775.42,2017-07-01,2021-10-08,2028-06-03,2028-11-29,2017,99.9,94.4,9,9,Under Implementation,-1.25,81,Material supply chain disruption,0,1,2026-03-08
PRJ-R-0170,Gauge Conversion of Patna-Jodhpur Railway Line,Ministry of Railways,Railways,Gauge Conversion,Arunachal Pradesh,South,RVNL,1912.75,1960.2,1959.81,1960.2,300.27,183.27,356.31,2014-07-01,2020-12-26,2020-10-27,2020-09-16,2014,99.9,100.0,4,6,Under Implementation,2.48,0,,0,0,2026-03-30
PRJ-R-0171,New Line of Kanpur-Indore Railway Line,Ministry of Railways,Railways,New Line,Andhra Pradesh,Guntur,DFCCIL,2663.21,3822.68,3751.78,3822.68,0,423.67,320.93,2012-07-01,2018-12-27,2019-01-04,2019-03-31,2012,100.0,100.0,11,11,Completed,43.54,0,,4,0,2026-03-24
PRJ-R-0172,Station Redevelopment of Shillong-Pune Railway Line,Ministry of Railways,Railways,Station Redevelopment,Rajasthan,Guntur,DFCCIL,1008.7,990.21,985.1,974.15,176.61,156.31,72.43,2012-07-01,2015-09-14,2015-11-19,2016-02-08,2012,99.9,98.4,9,12,Under Implementation,-1.83,0,,0,0,2026-03-07
PRJ-R-0173,Station Redevelopment of Railway Line between Indore and Jodhpur,Ministry of Railways,Railways,Station Redevelopment,Uttar Pradesh,Hassan,KRCL,968.25,963.11,971.85,836.82,89.06,79.7,161.3,2012-01-01,2015-07-14,2019-03-25,2019-01-16,2012,99.9,86.9,9,10,Under Implementation,-0.53,45,Regulatory approvals pending,0,2,2026-03-13
PRJ-R-0174,Electrification of Kochi-Dehradun Railway Line,Ministry of Railways,Railways,Electrification,Gujarat,Bellary,NHSRCL,4944.67,5098.3,5306.78,5098.3,0,621.4,688.83,2016-07-01,2021-02-05,2020-12-19,2021-04-30,2016,100.0,100.0,9,9,Completed,3.11,0,,0,0,2026-03-23
PRJ-R-0175,Electrification of Railway Line between Shimla and Vadodara,Ministry of Railways,Railways,Electrification,Rajasthan,North,Indian Railways,3740.18,5059.67,5304.38,5059.67,432.37,253.03,409.43,2015-04-01,2018-09-12,2018-10-19,2018-08-08,2015,99.9,100.0,18,18,Under Implementation,35.28,0,,4,0,2026-03-03
PRJ-R-0176,High-Speed Rail Project - Dehradun to Kochi Section,Ministry of Railways,Railways,High-Speed Rail,Jammu & Kashmir,North,IRCON,791.83,791.83,813.08,791.83,0,108.95,24.95,2013-01-01,2016-11-11,2017-01-30,2016-12-05,2013,100.0,100.0,7,7,Completed,0,0,,1,0,2026-03-10
PRJ-R-0177,Electrification of Railway Line between Coimbatore and Imphal,Ministry of Railways,Railways,Electrification,Madhya Pradesh,Korba,KRCL,2206.7,2238.14,2369.84,2238.14,450.51,610.86,357.49,2017-07-01,2024-03-26,2025-11-16,2026-02-10,2017,97.2,100.0,9,10,Under Implementation,1.42,20,Forest clearance pending; Change in project scope; Slow mobilization by contractor,0,3,2026-03-29
PRJ-R-0178,Doubling Project - Jaipur to Indore Section,Ministry of Railways,Railways,Doubling,Uttar Pradesh,North,RVNL,2958.45,2969.45,3200.03,2969.45,359.63,441.52,393.92,2010-10-01,2016-01-03,2018-02-21,2018-04-10,2010,95.5,100.0,17,19,Under Implementation,0.37,26,Land acquisition delays; Inter-departmental coordination delays; Slow mobilization by contractor,0,2,2026-03-09
PRJ-R-0179,Gauge Conversion Project - Surat to Kanpur Section,Ministry of Railways,Railways,Gauge Conversion,Rajasthan,Meerut,Indian Railways,3773.04,4188.22,4484.56,4188.22,407.1,293.46,876.13,2018-07-01,2022-10-08,2023-01-06,2022-11-18,2018,99.9,100.0,19,20,Under Implementation,11.0,3,Material supply chain disruption,4,3,2026-03-29
PRJ-R-0180,Station Redevelopment Project - Kolkata to Ahmedabad Section,Ministry of Railways,Railways,Station Redevelopment,Rajasthan,Salem,Indian Railways,1179.78,1454.28,1430.49,1454.28,0,214.94,269.29,2009-10-01,2017-04-22,2017-04-21,2017-06-05,2009,100.0,100.0,7,7,Completed,23.27,0,,2,0,2026-03-21
PRJ-R-0181,Electrification of Guwahati-Jaipur Railway Line,Ministry of Railways,Railways,Electrification,Gujarat,Bellary,KRCL,3197.79,3202.72,3239.6,3202.72,0,448.34,205.38,2010-07-01,2014-12-07,2014-12-10,2015-01-01,2010,100.0,100.0,8,8,Completed,0.15,0,,0,0,2026-03-31
PRJ-R-0182,Electrification of Dehradun-Hyderabad Railway Line,Ministry of Railways,Railways,Electrification,Delhi,Tumkur,NHSRCL,4167.58,4713.0,4899.68,1585.0,461.66,362.42,944.56,2022-10-01,2030-04-22,2030-07-09,2030-04-18,2022,30.2,33.6,2,12,Under Implementation,13.09,0,,4,0,2026-03-14
PRJ-R-0183,High-Speed Rail of Vadodara-Visakhapatnam Railway Line,Ministry of Railways,Railways,High-Speed Rail,Andhra Pradesh,Bijapur,NHSRCL,8495.41,9918.02,9949.6,9918.02,1856.25,1733.78,944.16,2008-01-01,2013-12-30,2014-07-28,2014-09-22,2008,97.3,100.0,15,15,Under Implementation,16.75,7,Labour shortage,2,3,2026-03-31
PRJ-R-0184,Gauge Conversion of Visakhapatnam-Dehradun Railway Line,Ministry of Railways,Railways,Gauge Conversion,Kerala,Tirunelveli,NHSRCL,1362.97,1424.69,1467.44,146.15,166.38,158.9,75.37,2023-01-01,2029-01-29,2033-03-09,2033-04-19,2023,10.9,10.3,2,17,Under Implementation,4.53,50,COVID-19 pandemic impact; Inter-departmental coordination delays; Fund release delays,0,3,2026-03-14
PRJ-R-0185,Gauge Conversion Project - Nagpur to Delhi Section,Ministry of Railways,Railways,Gauge Conversion,Tamil Nadu,Meerut,NHSRCL,1326.27,1422.58,1422.41,1164.15,313.65,142.8,79.4,2021-01-01,2026-05-05,2028-10-21,2028-09-05,2021,76.0,81.8,7,11,Under Implementation,7.26,30,Law and order issues,3,1,2026-03-17
PRJ-R-0186,Electrification of Bhopal-Kochi Railway Line,Ministry of Railways,Railways,Electrification,Gujarat,Satna,IRCON,5249.8,5445.47,5608.29,5097.67,555.32,618.28,180.65,2013-07-01,2019-10-28,2019-10-31,2019-11-10,2013,99.9,93.6,14,15,Under Implementation,3.73,0,,0,0,2026-03-30
PRJ-R-0187,Dedicated Freight Corridor of Railway Line between Indore and Coimbatore,Ministry of Railways,Railways,Dedicated Freight Corridor,Chhattisgarh,North,DFCCIL,1991.35,2075.57,2200.25,2075.57,0,167.28,69.14,2010-07-01,2017-10-22,2021-01-04,2021-05-08,2010,100.0,100.0,14,14,Completed,4.23,39,Geological surprises during construction,2,1,2026-03-08
PRJ-R-0188,High-Speed Rail Project - Kochi to Pune Section,Ministry of Railways,Railways,High-Speed Rail,Arunachal Pradesh,Satna,RVNL,20945.34,21082.56,21237.7,20025.58,2545.19,3609.83,4816.56,2008-01-01,2013-06-03,2013-08-16,2013-09-23,2008,99.9,95.0,10,12,Under Implementation,0.66,0,,0,0,2026-03-29
PRJ-R-0189,Electrification Project - Vadodara to Delhi Section,Ministry of Railways,Railways,Electrification,Uttar Pradesh,North,IRCON,3903.44,5990.45,6022.33,4473.06,604.24,627.26,594.48,2021-07-01,2024-06-15,2029-05-20,2029-03-13,2021,66.4,74.7,7,12,Under Implementation,53.47,60,State government coordination issues; COVID-19 pandemic impact,3,2,2026-03-13
PRJ-R-0190,Station Redevelopment of Railway Line between Shimla and Kanpur,Ministry of Railways,Railways,Station Redevelopment,Maharashtra,Dibrugarh,KRCL,2334.48,3363.5,3469.3,3003.85,621.07,444.69,343.19,2017-10-01,2021-09-10,2025-05-22,2025-10-30,2017,93.3,89.3,12,13,Under Implementation,44.08,45,Equipment delivery delays; State government coordination issues,1,2,2026-03-26
PRJ-R-0191,Electrification of Railway Line between Patna and Raipur,Ministry of Railways,Railways,Electrification,Uttar Pradesh,Burdwan,RVNL,5055.11,5110.71,5168.39,5110.71,608.0,412.15,992.56,2017-04-01,2025-01-19,2025-07-18,2025-05-07,2017,96.3,100.0,3,5,Under Implementation,1.1,6,Equipment delivery delays,0,3,2026-03-04
PRJ-R-0192,New Line of Railway Line between Bhubaneswar and Jaipur,Ministry of Railways,Railways,New Line,Delhi,Siliguri,KRCL,621.01,621.01,667.18,621.01,104.59,71.13,67.54,2015-04-01,2021-07-28,2026-11-29,2027-04-28,2015,97.3,100.0,3,6,Under Implementation,0,65,Design changes during execution; Environmental clearance pending; Change in project scope,1,2,2026-03-12
PRJ-R-0193,Gauge Conversion of Railway Line between Jaipur and Amritsar,Ministry of Railways,Railways,Gauge Conversion,Gujarat,West,IRCON,2323.26,2913.88,3069.18,2913.88,286.48,283.67,380.3,2012-07-01,2016-11-07,2017-01-26,2017-07-07,2012,99.9,100.0,13,14,Under Implementation,25.42,0,,3,0,2026-03-27
PRJ-R-0194,Electrification of Gangtok-Ludhiana Railway Line,Ministry of Railways,Railways,Electrification,Ladakh,Bellary,DFCCIL,2091.08,2193.59,2298.6,2130.86,333.53,213.91,276.01,2016-07-01,2023-06-25,2025-09-12,2025-11-08,2016,99.9,97.1,10,10,Under Implementation,4.9,27,Change in project scope; Utility shifting delays,0,3,2026-03-20
PRJ-R-0195,High-Speed Rail of Pune-Vadodara Railway Line,Ministry of Railways,Railways,High-Speed Rail,Gujarat,Solapur,IRCON,2452.52,3811.77,3852.13,3811.77,0,243.96,342.62,2016-10-01,2023-05-28,2025-04-17,2025-02-08,2016,100.0,100.0,11,11,Completed,55.42,23,Labour shortage; Law and order issues; Right-of-Way (RoW) issues,2,2,2026-03-17
PRJ-R-0196,Electrification Project - Jodhpur to Kanpur Section,Ministry of Railways,Railways,Electrification,Uttar Pradesh,Central,IRCON,1833.93,2589.53,2699.42,180.96,655.23,374.3,109.22,2024-07-01,2030-11-27,2030-12-22,2030-09-26,2024,6.6,7.0,1,17,Under Implementation,41.2,0,,1,0,2026-03-20
PRJ-R-0197,Station Redevelopment of Railway Line between Shimla and Amritsar,Ministry of Railways,Railways,Station Redevelopment,Arunachal Pradesh,Khammam,Indian Railways,6544.14,6667.88,6728.83,6667.88,0,550.64,556.04,2013-01-01,2018-11-01,2018-12-11,2018-10-05,2013,100.0,100.0,13,13,Completed,1.89,0,,0,0,2026-03-05
PRJ-R-0198,Electrification of Railway Line between Dehradun and Nagpur,Ministry of Railways,Railways,Electrification,West Bengal,Dharwad,Indian Railways,928.02,923.87,982.94,923.87,0,110.42,61.12,2009-01-01,2016-08-22,2021-01-28,2021-02-11,2009,100.0,100.0,9,9,Completed,-0.45,54,Land acquisition delays; Environmental clearance pending,0,2,2026-03-28
PRJ-R-0199,Station Redevelopment Project - Bhopal to Visakhapatnam Section,Ministry of Railways,Railways,Station Redevelopment,Bihar,Central,DFCCIL,1690.37,1949.54,2050.43,1949.54,484.1,276.69,285.87,2012-01-01,2018-04-29,2021-06-12,2021-10-11,2012,96.4,100.0,20,20,Under Implementation,15.33,38,Regulatory approvals pending,3,2,2026-04-01
PRJ-R-0200,Dedicated Freight Corridor of Patna-Kochi Railway Line,Ministry of Railways,Railways,Dedicated Freight Corridor,Maharashtra,Jalgaon,RVNL,3871.27,3997.13,4110.24,3269.83,801.26,674.53,600.99,2016-01-01,2019-11-11,2022-05-29,2022-07-21,2016,89.2,81.8,14,16,Under Implementation,3.25,31,Slow mobilization by contractor; Court stay orders,0,3,2026-03-15
PRJ-R-0201,Dedicated Freight Corridor Project - Jaipur to Udaipur Section,Ministry of Railways,Railways,Dedicated Freight Corridor,Punjab,Anand,NHSRCL,711.04,925.13,923.06,433.96,194.02,160.89,88.39,2021-01-01,2028-09-21,2032-08-31,2033-01-29,2021,43.5,46.9,3,6,Under Implementation,30.11,48,Change in technology specifications; Utility shifting delays; Equipment delivery delays,1,2,2026-03-04
PRJ-R-0202,New Line Project - Bhubaneswar to Chennai Section,Ministry of Railways,Railways,New Line,Madhya Pradesh,Bokaro,KRCL,889.64,952.69,1007.9,952.69,238.69,96.32,198.83,2010-10-01,2017-01-27,2020-09-08,2020-12-11,2010,99.9,100.0,12,12,Under Implementation,7.09,44,Utility shifting delays,1,1,2026-04-01
PRJ-R-0203,Station Redevelopment Project - Raipur to Pune Section,Ministry of Railways,Railways,Station Redevelopment,Maharashtra,Khammam,IRCON,1962.77,1950.82,1972.12,98.16,352.41,190.36,83.77,2024-04-01,2030-03-31,2032-08-17,2032-09-22,2024,4.9,5.0,0,5,Under Implementation,-0.61,29,Right-of-Way (RoW) issues; Utility shifting delays; Geological surprises during construction,0,1,2026-03-04
PRJ-R-0204,New Line Project - Chennai to Amritsar Section,Ministry of Railways,Railways,New Line,Tamil Nadu,Jalgaon,KRCL,1611.69,2395.73,2497.68,2172.42,293.95,209.19,171.33,2021-01-01,2027-09-27,2027-10-28,2027-11-02,2021,98.2,90.7,14,14,Under Implementation,48.65,0,,2,0,2026-03-26
PRJ-R-0205,Station Redevelopment Project - Bhopal to Kochi Section,Ministry of Railways,Railways,Station Redevelopment,West Bengal,Tumkur,Indian Railways,6747.05,6871.59,6916.27,6738.09,840.51,586.88,799.63,2009-07-01,2016-07-24,2019-04-10,2019-04-08,2009,99.9,98.1,12,15,Under Implementation,1.85,33,Design changes during execution,0,3,2026-03-08
PRJ-R-0206,Dedicated Freight Corridor of Ludhiana-Chandigarh Railway Line,Ministry of Railways,Railways,Dedicated Freight Corridor,Himachal Pradesh,Karnal,KRCL,3119.99,4868.73,5110.54,4112.08,1110.96,931.2,479.33,2021-01-01,2026-12-01,2026-11-13,2027-02-03,2021,92.3,84.5,5,7,Under Implementation,56.05,0,,4,0,2026-03-27
PRJ-R-0207,Dedicated Freight Corridor of Guwahati-Kolkata Railway Line,Ministry of Railways,Railways,Dedicated Freight Corridor,Maharashtra,Warangal,IRCON,2493.64,2565.14,2715.42,2565.14,282.69,199.85,597.17,2008-07-01,2012-05-11,2012-04-12,2012-03-19,2008,96.9,100.0,17,20,Under Implementation,2.87,0,,1,0,2026-03-09
PRJ-R-0208,New Line Project - Raipur to Hyderabad Section,Ministry of Railways,Railways,New Line,Maharashtra,Karnal,Indian Railways,33302.49,38399.65,38635.73,36622.96,4359.45,2794.18,4685.74,2021-10-01,2028-02-27,2028-04-21,2028-08-19,2021,93.4,95.4,8,8,Under Implementation,15.31,0,,1,0,2026-03-08
PRJ-R-0209,Gauge Conversion of Railway Line between Bangalore and Surat,Ministry of Railways,Railways,Gauge Conversion,Maharashtra,East,IRCON,477.93,623.64,662.66,623.64,66.87,81.68,78.43,2015-07-01,2020-04-05,2023-02-19,2023-08-07,2015,99.9,100.0,9,9,Under Implementation,30.49,35,Right-of-Way (RoW) issues,1,3,2026-03-10
PRJ-R-0210,Electrification of Visakhapatnam-Delhi Railway Line,Ministry of Railways,Railways,Electrification,Uttar Pradesh,Dharwad,RVNL,2471.4,2474.05,2648.14,2474.05,0,195.16,287.94,2017-01-01,2019-12-17,2020-11-11,2021-02-10,2017,100.0,100.0,10,10,Completed,0.11,11,Labour shortage,0,3,2026-03-13
PRJ-R-0211,Doubling of Railway Line between Coimbatore and Amritsar,Ministry of Railways,Railways,Doubling,Madhya Pradesh,Durg,DFCCIL,587.64,875.84,872.07,875.84,92.48,80.84,77.3,2017-10-01,2021-07-12,2023-08-01,2023-08-25,2017,99.9,100.0,10,13,Under Implementation,49.04,25,Regulatory approvals pending; Land acquisition delays,2,1,2026-03-13
PRJ-R-0212,Dedicated Freight Corridor of Railway Line between Bhopal and Bhubaneswar,Ministry of Railways,Railways,Dedicated Freight Corridor,Jammu & Kashmir,East,Indian Railways,5461.01,5587.31,5519.93,5587.31,942.58,1063.78,1039.28,2016-07-01,2023-04-26,2027-01-05,2027-03-09,2016,98.0,100.0,4,7,Under Implementation,2.31,45,Change in technology specifications; Equipment delivery delays,0,3,2026-03-10
PRJ-R-0213,Gauge Conversion of Railway Line between Ludhiana and Jodhpur,Ministry of Railways,Railways,Gauge Conversion,Uttar Pradesh,Burdwan,Indian Railways,172.55,215.89,218.66,102.95,66.92,51.91,7.24,2023-01-01,2028-11-30,2028-12-04,2028-12-01,2023,52.8,47.7,8,14,Under Implementation,25.12,0,,1,0,2026-03-08
PRJ-R-0214,Gauge Conversion of Dehradun-Varanasi Railway Line,Ministry of Railways,Railways,Gauge Conversion,Gujarat,Raigad,DFCCIL,2285.3,2398.95,2441.23,2398.95,447.43,406.53,570.22,2011-04-01,2018-01-24,2018-05-24,2018-08-20,2011,99.9,100.0,7,7,Under Implementation,4.97,4,Adverse weather conditions; Material supply chain disruption; Utility shifting delays,0,3,2026-03-06
PRJ-R-0215,High-Speed Rail of Imphal-Nagpur Railway Line,Ministry of Railways,Railways,High-Speed Rail,West Bengal,Bellary,IRCON,659.47,915.59,912.3,712.89,120.36,107.67,80.57,2022-10-01,2028-06-01,2028-05-11,2028-06-17,2022,87.0,77.9,18,20,Under Implementation,38.84,0,,2,0,2026-03-14
PRJ-R-0216,New Line of Railway Line between Gangtok and Udaipur,Ministry of Railways,Railways,New Line,Uttar Pradesh,North,Indian Railways,2818.31,2916.91,3027.63,2909.96,594.39,563.36,208.75,2022-04-01,2025-09-12,2025-09-12,2025-12-26,2022,94.5,99.8,16,20,Under Implementation,3.5,0,,0,1,2026-03-17
PRJ-R-0217,Gauge Conversion of Railway Line between Kochi and Thiruvananthapuram,Ministry of Railways,Railways,Gauge Conversion,Maharashtra,Chittoor,KRCL,16632.88,20842.16,21890.41,20842.16,3339.86,3259.86,3867.18,2012-04-01,2017-12-01,2018-02-23,2018-08-08,2012,93.6,100.0,6,7,Under Implementation,25.31,0,,1,0,2026-03-22
PRJ-R-0218,High-Speed Rail of Railway Line between Pune and Imphal,Ministry of Railways,Railways,High-Speed Rail,Maharashtra,Tirunelveli,KRCL,3942.72,3942.72,3896.39,3942.72,0,457.68,482.27,2015-01-01,2018-11-11,2018-11-16,2019-01-06,2015,100.0,100.0,18,18,Completed,0,0,,2,0,2026-03-19
PRJ-R-0219,High-Speed Rail of Railway Line between Imphal and Chennai,Ministry of Railways,Railways,High-Speed Rail,Kerala,Hassan,NHSRCL,11610.51,16683.2,17113.18,16683.2,2290.69,846.17,648.47,2009-10-01,2016-10-24,2021-05-01,2021-06-01,2009,99.9,100.0,14,16,Under Implementation,43.69,55,Adverse weather conditions,3,1,2026-03-10
PRJ-R-0220,Electrification Project - Jaipur to Lucknow Section,Ministry of Railways,Railways,Electrification,Gujarat,Solapur,RVNL,783.5,822.54,834.57,798.16,153.57,126.43,56.65,2012-04-01,2019-11-21,2019-12-08,2020-03-16,2012,99.9,97.0,18,20,Under Implementation,4.98,0,,0,0,2026-03-08
PRJ-R-0221,Electrification of Kochi-Guwahati Railway Line,Ministry of Railways,Railways,Electrification,Telangana,Dibrugarh,IRCON,947.41,943.45,966.95,943.45,152.85,134.02,125.85,2020-01-01,2024-12-05,2024-11-24,2025-03-06,2020,99.9,100.0,5,5,Under Implementation,-0.42,0,,0,0,2026-03-13
PRJ-R-0222,Gauge Conversion Project - Jodhpur to Pune Section,Ministry of Railways,Railways,Gauge Conversion,Karnataka,Tumkur,IRCON,3445.94,3605.53,3806.19,3605.53,670.52,576.23,188.61,2015-01-01,2019-01-10,2019-01-10,2019-04-18,2015,99.0,100.0,12,13,Under Implementation,4.63,0,,2,2,2026-03-12
PRJ-R-0223,Electrification Project - Indore to Guwahati Section,Ministry of Railways,Railways,Electrification,Madhya Pradesh,Tirunelveli,IRCON,624.48,643.17,666.1,643.17,0,87.8,112.9,2008-01-01,2012-06-08,2015-04-24,2015-09-26,2008,100.0,100.0,20,20,Completed,2.99,35,Land acquisition delays; Slow mobilization by contractor,0,3,2026-03-11
PRJ-R-0224,Gauge Conversion Project - Thiruvananthapuram to Chandigarh Section,Ministry of Railways,Railways,Gauge Conversion,Gujarat,Salem,KRCL,1716.26,1716.26,1706.32,1553.79,154.07,134.65,284.31,2010-01-01,2014-08-08,2019-04-14,2019-03-29,2010,99.9,90.5,7,9,Under Implementation,0,57,Material supply chain disruption; Slow mobilization by contractor; Adverse weather conditions,2,3,2026-03-23
PRJ-R-0225,Gauge Conversion of Delhi-Amritsar Railway Line,Ministry of Railways,Railways,Gauge Conversion,Chhattisgarh,South,IRCON,5079.16,5330.89,5514.27,5330.89,0,619.56,652.92,2016-07-01,2024-01-21,2024-01-21,2024-04-13,2016,100.0,100.0,14,14,Completed,4.96,0,,0,3,2026-03-18
PRJ-R-0226,Gauge Conversion of Railway Line between Bhubaneswar and Surat,Ministry of Railways,Railways,Gauge Conversion,Punjab,Tirunelveli,KRCL,5871.39,5759.67,6169.13,5759.67,842.75,787.81,1202.78,2013-04-01,2016-09-12,2016-09-26,2017-01-20,2013,99.9,100.0,11,14,Under Implementation,-1.9,0,,0,0,2026-03-25
PRJ-R-0227,New Line of Indore-Raipur Railway Line,Ministry of Railways,Railways,New Line,Telangana,East,IRCON,1466.1,2071.94,2077.04,2071.94,202.27,247.85,151.94,2008-07-01,2012-08-09,2012-07-15,2012-05-07,2008,99.9,100.0,6,8,Under Implementation,41.32,0,,3,0,2026-03-21
PRJ-R-0228,Dedicated Freight Corridor Project - Guwahati to Delhi Section,Ministry of Railways,Railways,Dedicated Freight Corridor,Karnataka,Jharsuguda,IRCON,1927.34,2172.28,2262.86,2172.28,0,172.52,162.08,2011-07-01,2017-09-27,2020-03-15,2020-08-17,2011,100.0,100.0,20,20,Completed,12.71,30,Change in project scope,2,3,2026-03-02
PRJ-R-0229,Doubling Project - Udaipur to Coimbatore Section,Ministry of Railways,Railways,Doubling,Himachal Pradesh,Siliguri,DFCCIL,1399.19,1431.28,1481.52,1431.28,0,183.94,60.34,2009-10-01,2014-12-04,2015-01-07,2015-04-06,2009,100.0,100.0,9,9,Completed,2.29,0,,0,0,2026-03-28
PRJ-R-0230,Electrification of Railway Line between Surat and Bhubaneswar,Ministry of Railways,Railways,Electrification,Telangana,Karnal,Indian Railways,1982.48,1982.48,2043.27,179.12,318.41,284.72,226.07,2023-07-01,2030-06-24,2031-03-21,2031-09-17,2023,9.2,9.0,0,9,Under Implementation,0,9,Material supply chain disruption; Fund release delays,2,1,2026-03-22
PRJ-R-0231,Dedicated Freight Corridor of Railway Line between Nagpur and Udaipur,Ministry of Railways,Railways,Dedicated Freight Corridor,Uttar Pradesh,West,DFCCIL,7036.5,8229.62,8335.7,8229.62,0,775.86,504.42,2010-01-01,2014-05-10,2016-04-29,2016-08-23,2010,100.0,100.0,8,8,Completed,16.96,24,Fund release delays,3,1,2026-03-28
PRJ-R-0232,Dedicated Freight Corridor Project - Imphal to Lucknow Section,Ministry of Railways,Railways,Dedicated Freight Corridor,Gujarat,Dharwad,DFCCIL,3772.77,3904.65,4058.31,3904.65,0,216.29,862.54,2022-10-01,2025-10-15,2025-11-03,2026-04-13,2022,100.0,100.0,9,9,Completed,3.5,0,,0,0,2026-03-09
PRJ-R-0233,High-Speed Rail Project - Lucknow to Nagpur Section,Ministry of Railways,Railways,High-Speed Rail,Madhya Pradesh,Siliguri,Indian Railways,1841.14,1841.14,1827.83,598.87,234.02,243.8,379.26,2023-07-01,2030-01-25,2030-02-26,2030-04-05,2023,32.2,32.5,4,14,Under Implementation,0,0,,4,0,2026-03-21
PRJ-R-0234,Station Redevelopment of Ludhiana-Pune Railway Line,Ministry of Railways,Railways,Station Redevelopment,Andhra Pradesh,Chittoor,DFCCIL,6121.59,7786.66,8277.78,7786.66,0,738.61,1347.54,2009-07-01,2014-09-03,2014-08-23,2014-09-03,2009,100.0,100.0,17,17,Completed,27.2,0,,3,0,2026-03-15
PRJ-R-0235,Electrification of Visakhapatnam-Kolkata Railway Line,Ministry of Railways,Railways,Electrification,Rajasthan,Hassan,KRCL,1871.13,2040.82,2002.33,2040.82,0,222.68,350.99,2017-10-01,2023-07-02,2024-07-26,2024-06-13,2017,100.0,100.0,12,12,Completed,9.07,13,Land acquisition delays; Change in project scope; Adverse weather conditions,1,2,2026-03-05
PRJ-R-0236,Gauge Conversion Project - Chennai to Delhi Section,Ministry of Railways,Railways,Gauge Conversion,Karnataka,Salem,Indian Railways,1772.62,1791.32,1871.88,1660.81,453.12,302.67,174.66,2014-04-01,2019-10-02,2019-09-18,2020-01-17,2014,85.8,92.7,12,16,Under Implementation,1.05,0,,0,0,2026-03-19
PRJ-R-0237,Gauge Conversion Project - Guwahati to Coimbatore Section,Ministry of Railways,Railways,Gauge Conversion,Haryana,Rourkela,Indian Railways,507.12,508.46,530.52,497.07,107.85,60.76,90.15,2012-01-01,2017-09-01,2017-07-23,2018-01-04,2012,99.9,97.8,8,11,Under Implementation,0.26,0,,0,0,2026-03-18
PRJ-R-0238,Dedicated Freight Corridor of Kanpur-Jodhpur Railway Line,Ministry of Railways,Railways,Dedicated Freight Corridor,Assam,West,Indian Railways,1510.14,1510.14,1511.71,1510.14,167.61,74.42,245.29,2018-04-01,2021-07-14,2021-08-03,2021-10-26,2018,99.9,100.0,6,6,Under Implementation,0,0,,3,0,2026-03-06
PRJ-R-0239,Doubling of Railway Line between Kolkata and Udaipur,Ministry of Railways,Railways,Doubling,Punjab,Dharwad,KRCL,669.75,812.59,828.06,804.67,135.6,111.4,79.45,2013-04-01,2016-06-14,2018-03-06,2018-02-07,2013,99.9,99.0,13,13,Under Implementation,21.33,21,Design changes during execution; Geological surprises during construction; Court stay orders,2,2,2026-03-15
PRJ-R-0240,Doubling of Varanasi-Visakhapatnam Railway Line,Ministry of Railways,Railways,Doubling,Kerala,Anand,NHSRCL,7892.66,7851.83,8361.98,7851.83,1823.94,1460.53,1315.52,2017-01-01,2021-09-07,2021-11-25,2022-02-16,2017,99.9,100.0,5,8,Under Implementation,-0.52,0,,0,0,2026-03-10
PRJ-R-0241,Electrification of Jodhpur-Shimla Railway Line,Ministry of Railways,Railways,Electrification,Uttar Pradesh,Solapur,KRCL,10188.59,12960.28,13018.31,12960.28,0,896.27,1914.11,2014-10-01,2021-04-27,2022-07-21,2022-08-14,2014,100.0,100.0,13,13,Completed,27.2,15,Law and order issues; Regulatory approvals pending; Right-of-Way (RoW) issues,2,2,2026-03-13
PRJ-R-0242,High-Speed Rail Project - Amritsar to Bangalore Section,Ministry of Railways,Railways,High-Speed Rail,Haryana,Dibrugarh,RVNL,943.79,964.48,1012.36,964.48,0,144.27,35.02,2009-07-01,2014-07-05,2014-05-31,2014-08-28,2009,100.0,100.0,9,9,Completed,2.19,0,,0,0,2026-03-24
PRJ-R-0243,Doubling Project - Dehradun to Hyderabad Section,Ministry of Railways,Railways,Doubling,Andhra Pradesh,Khammam,KRCL,6749.64,6685.99,6983.86,6685.99,845.73,1002.7,840.4,2011-04-01,2017-12-25,2018-01-22,2018-07-18,2011,99.9,100.0,14,16,Under Implementation,-0.94,0,,0,0,2026-03-03
PRJ-R-0244,Gauge Conversion of Railway Line between Coimbatore and Shimla,Ministry of Railways,Railways,Gauge Conversion,Punjab,Tirunelveli,DFCCIL,1826.81,2444.88,2523.6,2444.88,356.49,471.78,366.86,2016-07-01,2020-09-08,2024-01-21,2024-07-19,2016,96.1,100.0,17,20,Under Implementation,33.83,41,Adverse weather conditions,3,1,2026-03-14
PRJ-R-0245,High-Speed Rail of Coimbatore-Visakhapatnam Railway Line,Ministry of Railways,Railways,High-Speed Rail,Karnataka,Khammam,NHSRCL,3688.46,3850.24,3948.58,3850.24,0,326.73,381.96,2017-01-01,2021-08-08,2022-12-31,2023-02-07,2017,100.0,100.0,18,18,Completed,4.39,17,Change in project scope,2,1,2026-03-29
PRJ-R-0246,High-Speed Rail Project - Bangalore to Ranchi Section,Ministry of Railways,Railways,High-Speed Rail,Gujarat,Rourkela,IRCON,911.98,1322.16,1316.09,1322.16,364.29,166.51,153.23,2011-10-01,2015-03-14,2015-04-20,2015-08-01,2011,99.9,100.0,17,19,Under Implementation,44.98,0,,3,0,2026-03-26
PRJ-R-0247,Electrification of Railway Line between Bhopal and Guwahati,Ministry of Railways,Railways,Electrification,Chhattisgarh,North,Indian Railways,3578.69,3521.25,3492.73,3272.12,506.75,921.9,582.36,2021-04-01,2024-09-12,2028-07-23,2028-10-18,2021,99.5,92.9,8,10,Under Implementation,-1.61,47,Inter-departmental coordination delays; Utility shifting delays,0,2,2026-03-18
PRJ-R-0248,Gauge Conversion of Railway Line between Visakhapatnam and Delhi,Ministry of Railways,Railways,Gauge Conversion,Ladakh,East,RVNL,19485.33,19217.29,19863.41,18881.8,3272.02,2124.13,1976.22,2020-10-01,2023-10-16,2023-09-19,2023-08-19,2020,99.9,98.3,13,14,Under Implementation,-1.38,0,,0,0,2026-03-04
PRJ-R-0249,High-Speed Rail Project - Bhopal to Kanpur Section,Ministry of Railways,Railways,High-Speed Rail,Uttarakhand,Karnal,RVNL,3883.51,3884.47,4006.97,3027.16,861.56,442.22,557.01,2020-10-01,2026-01-03,2027-12-24,2028-01-18,2020,80.4,77.9,8,11,Under Implementation,0.02,24,Equipment delivery delays; Labour shortage; Material supply chain disruption,0,2,2026-03-28
PRJ-R-0250,New Line of Railway Line between Jaipur and Shimla,Ministry of Railways,Railways,New Line,Kerala,Khammam,NHSRCL,4590.19,4797.36,4939.49,4797.36,1361.13,1179.17,886.51,2019-04-01,2025-04-29,2025-04-29,2025-04-16,2019,99.9,100.0,7,7,Under Implementation,4.51,0,,4,3,2026-03-21
PRJ-R-0251,Station Redevelopment of Railway Line between Shimla and Amritsar,Ministry of Railways,Railways,Station Redevelopment,Telangana,Siliguri,DFCCIL,1352.05,1406.23,1386.19,1406.23,209.33,163.72,130.52,2009-04-01,2015-07-29,2018-09-11,2018-11-17,2009,99.9,100.0,2,5,Under Implementation,4.01,38,Adverse weather conditions; Court stay orders,0,3,2026-03-14
PRJ-R-0252,Station Redevelopment of Railway Line between Shimla and Patna,Ministry of Railways,Railways,Station Redevelopment,Gujarat,Chittoor,KRCL,8397.32,8610.64,9296.66,1202.95,1389.79,721.43,711.34,2022-01-01,2028-08-27,2032-11-04,2032-09-06,2022,15.7,14.0,0,9,Under Implementation,2.54,51,Labour shortage; Utility shifting delays,0,1,2026-03-27
PRJ-R-0253,Doubling of Railway Line between Thiruvananthapuram and Amritsar,Ministry of Railways,Railways,Doubling,Rajasthan,Salem,RVNL,1262.11,1833.84,1831.09,1833.84,0,180.53,140.36,2018-01-01,2023-11-01,2026-02-18,2025-12-20,2018,100.0,100.0,20,20,Completed,45.3,28,Land acquisition delays; Equipment delivery delays; Labour shortage,4,1,2026-03-30
PRJ-R-0254,Doubling of Railway Line between Shillong and Kanpur,Ministry of Railways,Railways,Doubling,Punjab,Khammam,IRCON,1452.75,1469.76,1501.98,1469.76,0,108.73,125.7,2021-04-01,2025-10-07,2026-01-05,2026-02-07,2021,100.0,100.0,20,20,Completed,1.17,0,,0,0,2026-04-01
PRJ-R-0255,Electrification of Railway Line between Imphal and Jodhpur,Ministry of Railways,Railways,Electrification,Gujarat,Jalgaon,KRCL,7133.55,7429.46,7954.62,7429.46,0,988.56,1527.02,2019-01-01,2023-03-11,2023-03-26,2023-06-10,2019,100.0,100.0,13,13,Completed,4.15,0,,0,0,2026-03-02
PRJ-R-0256,Doubling Project - Shimla to Bhopal Section,Ministry of Railways,Railways,Doubling,Bihar,Jalgaon,NHSRCL,1549.18,1530.95,1590.93,1530.95,0,154.6,207.19,2017-07-01,2023-12-27,2024-04-25,2024-04-01,2017,100.0,100.0,11,11,Completed,-1.18,4,Adverse weather conditions; Labour shortage; State government coordination issues,0,1,2026-03-29
PRJ-R-0257,Dedicated Freight Corridor Project - Shillong to Thiruvananthapuram Section,Ministry of Railways,Railways,Dedicated Freight Corridor,Uttarakhand,Barmer,KRCL,3923.25,3923.25,3882.09,3923.25,474.8,332.86,666.03,2020-04-01,2026-12-26,2027-03-02,2027-06-14,2020,99.9,100.0,6,7,Under Implementation,0,0,,2,0,2026-03-24
PRJ-R-0258,Doubling of Railway Line between Vadodara and Coimbatore,Ministry of Railways,Railways,Doubling,West Bengal,Burdwan,DFCCIL,245.39,256.68,274.73,256.68,66.06,37.73,53.32,2013-07-01,2016-11-12,2017-01-07,2017-03-28,2013,99.9,100.0,4,7,Under Implementation,4.6,0,,0,0,2026-03-23
PRJ-R-0259,Gauge Conversion of Pune-Dehradun Railway Line,Ministry of Railways,Railways,Gauge Conversion,Odisha,North,KRCL,2870.79,2978.12,3123.98,2978.12,472.94,545.34,296.85,2009-10-01,2014-08-06,2014-07-12,2014-10-30,2009,99.9,100.0,7,9,Under Implementation,3.74,0,,0,0,2026-03-25
PRJ-R-0260,Gauge Conversion Project - Kochi to Jaipur Section,Ministry of Railways,Railways,Gauge Conversion,Telangana,Satna,KRCL,3229.27,3909.96,4187.96,3377.29,1242.29,614.76,322.98,2018-10-01,2024-08-30,2027-04-17,2027-03-10,2018,98.0,86.4,5,8,Under Implementation,21.08,32,Labour shortage; Change in project scope,4,2,2026-03-06
PRJ-R-0261,New Line of Railway Line between Agra and Imphal,Ministry of Railways,Railways,New Line,Tamil Nadu,East,Indian Railways,2902.14,2906.91,2935.95,865.1,621.9,304.08,645.1,2021-01-01,2025-10-07,2032-05-03,2032-05-13,2021,33.8,29.8,4,17,Under Implementation,0.16,80,Labour shortage; Material supply chain disruption; Equipment delivery delays,0,1,2026-03-27
PRJ-R-0262,High-Speed Rail of Railway Line between Ranchi and Imphal,Ministry of Railways,Railways,High-Speed Rail,Tamil Nadu,West,IRCON,6490.22,6680.4,6949.24,6680.4,0,649.27,745.25,2008-07-01,2014-07-30,2018-12-06,2018-12-04,2008,100.0,100.0,19,19,Completed,2.93,53,Forest clearance pending; Labour shortage,0,2,2026-03-07
PRJ-R-0263,Dedicated Freight Corridor of Pune-Coimbatore Railway Line,Ministry of Railways,Railways,Dedicated Freight Corridor,Gujarat,Guntur,NHSRCL,1549.24,2194.0,2284.28,285.48,265.34,179.55,86.17,2023-07-01,2031-01-20,2034-10-01,2034-10-21,2023,14.7,13.0,0,14,Under Implementation,41.62,45,Right-of-Way (RoW) issues; Adverse weather conditions,1,1,2026-03-03
PRJ-R-0264,Station Redevelopment of Railway Line between Nagpur and Bangalore,Ministry of Railways,Railways,Station Redevelopment,Kerala,Hassan,NHSRCL,2284.08,2839.86,2967.83,2839.86,674.24,441.7,411.68,2017-04-01,2021-10-07,2021-11-10,2021-10-08,2017,99.9,100.0,13,16,Under Implementation,24.33,0,,3,0,2026-03-03
PRJ-R-0265,Dedicated Freight Corridor of Coimbatore-Jaipur Railway Line,Ministry of Railways,Railways,Dedicated Freight Corridor,Meghalaya,Latur,KRCL,1225.94,1625.34,1646.85,1623.77,391.8,164.01,112.59,2011-01-01,2014-01-15,2014-11-11,2015-02-03,2011,94.9,99.9,4,6,Under Implementation,32.58,10,Court stay orders; Change in project scope,4,2,2026-03-12
PRJ-R-0266,Electrification of Railway Line between Gangtok and Jodhpur,Ministry of Railways,Railways,Electrification,Karnataka,West,RVNL,4849.71,5705.78,5916.15,5705.78,0,413.03,741.42,2014-04-01,2017-09-12,2017-08-10,2017-08-21,2014,100.0,100.0,6,6,Completed,17.65,0,,4,0,2026-03-06
PRJ-R-0267,Gauge Conversion Project - Vadodara to Raipur Section,Ministry of Railways,Railways,Gauge Conversion,Arunachal Pradesh,Burdwan,IRCON,1558.25,1600.26,1678.63,1600.26,247.05,190.51,326.58,2012-10-01,2017-09-05,2017-11-07,2018-02-23,2012,99.9,100.0,18,18,Under Implementation,2.7,0,,0,0,2026-03-24
PRJ-R-0268,Station Redevelopment Project - Indore to Chennai Section,Ministry of Railways,Railways,Station Redevelopment,Andhra Pradesh,West,Indian Railways,996.98,1035.52,1054.01,942.43,173.09,264.46,161.63,2020-04-01,2026-09-27,2029-02-13,2029-04-08,2020,95.6,91.0,17,19,Under Implementation,3.87,29,Regulatory approvals pending; Fund release delays; Court stay orders,0,1,2026-03-31
PRJ-R-0269,Station Redevelopment Project - Chennai to Kolkata Section,Ministry of Railways,Railways,Station Redevelopment,Jharkhand,Raichur,NHSRCL,6819.29,7095.83,7651.59,1519.01,1371.37,1387.36,1664.66,2024-10-01,2028-07-12,2028-10-06,2029-02-20,2024,21.3,21.4,1,11,Under Implementation,4.06,0,,0,0,2026-03-18
PRJ-R-0270,Gauge Conversion of Railway Line between Raipur and Surat,Ministry of Railways,Railways,Gauge Conversion,Gujarat,Burdwan,KRCL,239.1,240.62,238.44,202.91,25.38,28.32,30.42,2010-10-01,2016-05-02,2016-05-07,2016-07-27,2010,98.0,84.3,10,10,Under Implementation,0.63,0,,1,0,2026-03-17
PRJ-R-0271,Gauge Conversion Project - Kanpur to Indore Section,Ministry of Railways,Railways,Gauge Conversion,Gujarat,Meerut,RVNL,671.82,667.09,705.72,192.12,200.03,184.85,39.46,2023-07-01,2031-03-21,2031-03-22,2031-01-31,2023,33.8,28.8,2,13,Under Implementation,-0.7,0,,0,0,2026-03-06
PRJ-R-0272,High-Speed Rail of Railway Line between Ludhiana and Jodhpur,Ministry of Railways,Railways,High-Speed Rail,Karnataka,Jalgaon,RVNL,8958.11,12115.62,12066.08,11744.57,1954.63,1163.81,1002.86,2009-07-01,2016-05-25,2016-04-23,2016-09-05,2009,96.5,96.9,19,19,Under Implementation,35.25,0,,4,0,2026-03-13
PRJ-R-0273,High-Speed Rail of Railway Line between Jodhpur and Chandigarh,Ministry of Railways,Railways,High-Speed Rail,Punjab,Raichur,NHSRCL,566.8,772.02,793.14,645.2,114.37,187.25,107.16,2018-10-01,2024-07-01,2027-09-14,2027-07-25,2018,97.8,83.6,15,18,Under Implementation,36.21,39,Environmental clearance pending,3,3,2026-03-24
PRJ-R-0274,Electrification of Railway Line between Pune and Kolkata,Ministry of Railways,Railways,Electrification,Gujarat,Bokaro,NHSRCL,1523.2,1528.15,1642.19,1528.15,343.52,194.1,68.28,2013-07-01,2016-07-15,2021-07-19,2021-09-04,2013,95.1,100.0,7,10,Under Implementation,0.32,61,Regulatory approvals pending; Design changes during execution,0,1,2026-03-17
PRJ-R-0275,High-Speed Rail of Railway Line between Bhopal and Pune,Ministry of Railways,Railways,High-Speed Rail,Maharashtra,East,DFCCIL,2949.31,3658.89,3827.79,3658.89,1173.33,900.53,643.52,2018-10-01,2024-06-01,2028-01-12,2028-06-29,2018,99.9,100.0,14,17,Under Implementation,24.06,44,Environmental clearance pending,1,2,2026-03-28
PRJ-R-0276,Electrification Project - Coimbatore to Indore Section,Ministry of Railways,Railways,Electrification,Rajasthan,Central,KRCL,4318.8,5788.97,6045.83,5299.57,1553.16,1101.32,1029.86,2016-10-01,2023-04-28,2026-07-11,2026-07-16,2016,95.6,91.5,17,20,Under Implementation,34.04,39,Environmental clearance pending; Slow mobilization by contractor; Change in technology specifications,1,1,2026-03-26
PRJ-R-0277,New Line Project - Surat to Patna Section,Ministry of Railways,Railways,New Line,Madhya Pradesh,Raigad,IRCON,990.91,1051.65,1094.98,998.29,110.02,133.6,218.77,2008-01-01,2015-11-20,2015-12-28,2016-02-20,2008,90.9,94.9,3,6,Under Implementation,6.13,0,,3,0,2026-03-18
PRJ-R-0278,Station Redevelopment Project - Lucknow to Shimla Section,Ministry of Railways,Railways,Station Redevelopment,Uttar Pradesh,Nellore,KRCL,1682.06,1790.42,1896.07,1790.42,447.18,272.93,353.69,2015-10-01,2023-01-22,2026-09-03,2027-01-30,2015,99.9,100.0,7,8,Under Implementation,6.44,44,State government coordination issues; Environmental clearance pending,4,2,2026-04-01
PRJ-R-0279,High-Speed Rail of Railway Line between Shillong and Bhubaneswar,Ministry of Railways,Railways,High-Speed Rail,Chhattisgarh,Bokaro,RVNL,684.07,820.89,882.79,263.01,107.49,73.98,90.57,2022-07-01,2028-09-27,2030-06-19,2030-09-24,2022,31.4,32.0,3,17,Under Implementation,20.0,21,Utility shifting delays; Equipment delivery delays; State government coordination issues,2,1,2026-03-15
PRJ-R-0280,Dedicated Freight Corridor of Agra-Varanasi Railway Line,Ministry of Railways,Railways,Dedicated Freight Corridor,Tamil Nadu,Satna,Indian Railways,425.24,652.12,697.39,42.61,121.1,76.17,14.19,2024-07-01,2028-01-12,2031-12-22,2031-09-28,2024,5.7,6.5,0,9,Under Implementation,53.35,48,Adverse weather conditions; Contractual issues with EPC contractor,1,2,2026-03-25
PRJ-R-0281,New Line of Patna-Ludhiana Railway Line,Ministry of Railways,Railways,New Line,Maharashtra,Tirunelveli,DFCCIL,2733.35,3103.61,3057.72,3097.8,483.05,612.11,286.11,2017-04-01,2022-11-01,2024-12-20,2025-01-03,2017,99.9,99.8,15,15,Under Implementation,13.55,26,Fund release delays; Forest clearance pending; Land acquisition delays,4,3,2026-03-15
PRJ-R-0282,New Line Project - Shimla to Imphal Section,Ministry of Railways,Railways,New Line,Rajasthan,Central,Indian Railways,4169.04,6426.95,6327.09,6426.95,0,751.54,146.08,2019-04-01,2023-08-08,2025-10-26,2025-12-25,2019,100.0,100.0,20,20,Completed,54.16,27,Right-of-Way (RoW) issues,1,3,2026-03-05
PRJ-R-0283,Electrification of Thiruvananthapuram-Varanasi Railway Line,Ministry of Railways,Railways,Electrification,Bihar,Karnal,NHSRCL,463.56,526.19,515.97,526.19,68.17,71.15,114.51,2012-10-01,2019-11-24,2019-10-19,2020-04-03,2012,99.9,100.0,8,9,Under Implementation,13.51,0,,4,0,2026-03-09
PRJ-R-0284,Gauge Conversion Project - Imphal to Thiruvananthapuram Section,Ministry of Railways,Railways,Gauge Conversion,Maharashtra,Hassan,Indian Railways,2632.3,2585.14,2708.0,2585.14,688.68,425.64,102.06,2014-07-01,2018-11-07,2021-02-24,2021-03-30,2014,98.5,100.0,16,17,Under Implementation,-1.79,28,Law and order issues; State government coordination issues,0,3,2026-03-29
PRJ-R-0285,Gauge Conversion of Hyderabad-Bhopal Railway Line,Ministry of Railways,Railways,Gauge Conversion,Gujarat,Dibrugarh,DFCCIL,5749.63,8201.7,8217.67,2311.15,1765.24,1691.12,1387.65,2022-10-01,2030-03-23,2032-02-11,2032-03-28,2022,26.5,28.2,4,16,Under Implementation,42.65,23,Fund release delays; Equipment delivery delays,4,3,2026-03-21
PRJ-R-0286,New Line of Indore-Patna Railway Line,Ministry of Railways,Railways,New Line,Madhya Pradesh,West,RVNL,559.54,722.14,718.78,722.14,84.61,78.2,46.67,2015-07-01,2018-10-13,2022-11-21,2022-09-03,2015,99.9,100.0,9,12,Under Implementation,29.06,50,State government coordination issues; Geological surprises during construction; Labour shortage,1,1,2026-03-19
PRJ-R-0287,Gauge Conversion Project - Shillong to Dehradun Section,Ministry of Railways,Railways,Gauge Conversion,Nagaland,Chittoor,KRCL,925.8,1435.18,1511.52,1316.2,166.72,144.73,82.46,2013-07-01,2020-04-25,2022-01-15,2022-01-20,2013,99.9,91.7,9,10,Under Implementation,55.02,21,Environmental clearance pending; Change in project scope,3,1,2026-03-26
PRJ-R-0288,Dedicated Freight Corridor of Railway Line between Bangalore and Delhi,Ministry of Railways,Railways,Dedicated Freight Corridor,Andhra Pradesh,Raigad,DFCCIL,4652.18,5370.02,5673.94,5370.02,0,568.83,876.25,2013-10-01,2018-07-07,2023-02-11,2022-12-27,2013,100.0,100.0,11,11,Completed,15.43,56,Environmental clearance pending; Contractual issues with EPC contractor; Regulatory approvals pending,3,2,2026-03-22
PRJ-R-0289,Doubling Project - Nagpur to Shillong Section,Ministry of Railways,Railways,Doubling,Bihar,Anand,NHSRCL,3197.44,3265.0,3383.53,13.98,564.89,438.48,642.25,2024-10-01,2031-08-26,2034-02-11,2034-01-07,2024,0.5,0.4,0,15,Under Implementation,2.11,30,Change in project scope; Slow mobilization by contractor; Inter-departmental coordination delays,0,1,2026-03-10
PRJ-R-0290,Dedicated Freight Corridor of Railway Line between Visakhapatnam and Amritsar,Ministry of Railways,Railways,Dedicated Freight Corridor,Bihar,North,KRCL,14746.87,14746.87,15177.36,14746.87,2913.32,1986.18,1370.99,2014-10-01,2019-02-07,2021-10-24,2021-10-25,2014,98.3,100.0,7,7,Under Implementation,0,33,Utility shifting delays; Forest clearance pending; Design changes during execution,2,2,2026-03-28
PRJ-R-0291,Gauge Conversion of Visakhapatnam-Mumbai Railway Line,Ministry of Railways,Railways,Gauge Conversion,Madhya Pradesh,Bijapur,RVNL,6385.53,6505.43,6463.56,6505.43,0,613.79,1138.96,2009-10-01,2014-07-07,2015-12-29,2015-10-09,2009,100.0,100.0,10,10,Completed,1.88,18,Geological surprises during construction,0,1,2026-03-18
PRJ-R-0292,High-Speed Rail Project - Visakhapatnam to Shimla Section,Ministry of Railways,Railways,High-Speed Rail,Odisha,East,KRCL,1652.76,1656.21,1683.95,1563.31,290.13,228.82,199.31,2020-07-01,2026-05-01,2026-07-08,2026-07-16,2020,98.9,94.4,20,20,Under Implementation,0.21,0,,0,0,2026-03-24
PRJ-R-0293,Dedicated Freight Corridor Project - Kochi to Raipur Section,Ministry of Railways,Railways,Dedicated Freight Corridor,Himachal Pradesh,South,RVNL,318.52,471.46,502.05,471.46,0,30.36,24.8,2012-01-01,2015-10-12,2015-12-25,2015-10-05,2012,100.0,100.0,5,5,Completed,48.02,0,,1,0,2026-03-07
PRJ-R-0294,High-Speed Rail of Lucknow-Visakhapatnam Railway Line,Ministry of Railways,Railways,High-Speed Rail,Andhra Pradesh,Nellore,KRCL,1137.46,1405.51,1391.13,584.3,313.89,242.55,252.98,2022-07-01,2027-04-06,2030-08-18,2030-09-03,2022,40.4,41.6,4,12,Under Implementation,23.57,41,Court stay orders; Equipment delivery delays,2,3,2026-03-08
PRJ-R-0295,Electrification of Agra-Bhopal Railway Line,Ministry of Railways,Railways,Electrification,West Bengal,Solapur,DFCCIL,396.73,529.37,543.23,526.56,94.76,64.84,80.49,2020-07-01,2025-01-06,2028-05-20,2028-04-25,2020,99.9,99.5,14,14,Under Implementation,33.43,41,Inter-departmental coordination delays; Environmental clearance pending,3,3,2026-03-27
PRJ-R-0296,Dedicated Freight Corridor of Railway Line between Raipur and Guwahati,Ministry of Railways,Railways,Dedicated Freight Corridor,Uttar Pradesh,Khammam,KRCL,1196.95,1853.08,1852.53,1853.08,307.5,278.36,156.12,2011-04-01,2018-04-24,2018-06-22,2018-09-04,2011,92.7,100.0,13,16,Under Implementation,54.82,0,,4,0,2026-03-31
PRJ-R-0297,High-Speed Rail of Kanpur-Thiruvananthapuram Railway Line,Ministry of Railways,Railways,High-Speed Rail,Kerala,Solapur,DFCCIL,2175.66,2266.38,2226.15,2034.89,316.21,228.58,411.4,2011-07-01,2017-12-26,2018-02-25,2018-04-07,2011,99.9,89.8,8,10,Under Implementation,4.17,0,,0,0,2026-04-01
PRJ-R-0298,Gauge Conversion Project - Visakhapatnam to Raipur Section,Ministry of Railways,Railways,Gauge Conversion,Karnataka,Guntur,DFCCIL,3554.43,3648.79,3696.94,3315.15,672.42,537.37,590.75,2010-10-01,2017-04-27,2017-07-01,2017-06-12,2010,99.9,90.9,8,8,Under Implementation,2.65,0,,0,0,2026-03-06
PRJ-R-0299,Doubling Project - Kochi to Jaipur Section,Ministry of Railways,Railways,Doubling,Karnataka,East,DFCCIL,1883.52,2395.25,2452.64,2395.25,0,178.67,149.8,2008-07-01,2013-11-02,2017-07-14,2017-11-02,2008,100.0,100.0,18,18,Completed,27.17,45,Land acquisition delays; Contractual issues with EPC contractor; Rehabilitation and resettlement issues,3,2,2026-03-26
PRJ-R-0300,Gauge Conversion Project - Bhopal to Gangtok Section,Ministry of Railways,Railways,Gauge Conversion,Tamil Nadu,Warangal,NHSRCL,1165.26,1174.97,1252.0,1174.97,0,175.28,267.65,2009-07-01,2013-07-10,2013-07-28,2013-07-30,2009,100.0,100.0,16,16,Completed,0.83,0,,0,0,2026-03-05
PRJ-R-0301,Gauge Conversion of Imphal-Bhubaneswar Railway Line,Ministry of Railways,Railways,Gauge Conversion,Delhi,Meerut,Indian Railways,700.68,724.1,759.23,724.1,0,86.05,56.08,2020-04-01,2025-04-05,2025-04-05,2025-01-07,2020,100.0,100.0,7,7,Completed,3.34,0,,0,2,2026-03-02
PRJ-R-0302,High-Speed Rail of Bhubaneswar-Delhi Railway Line,Ministry of Railways,Railways,High-Speed Rail,Madhya Pradesh,Bellary,NHSRCL,6195.28,6105.53,6219.52,5820.12,678.7,450.13,900.43,2011-10-01,2018-06-26,2020-05-16,2020-05-26,2011,99.9,95.3,6,8,Under Implementation,-1.45,23,Geological surprises during construction,0,3,2026-03-28
PRJ-R-0303,High-Speed Rail of Railway Line between Jaipur and Chandigarh,Ministry of Railways,Railways,High-Speed Rail,Rajasthan,Anand,IRCON,2533.38,3149.02,3377.9,3149.02,951.1,419.45,257.63,2008-01-01,2011-10-12,2011-09-11,2011-12-18,2008,99.9,100.0,5,7,Under Implementation,24.3,0,,4,0,2026-03-19
PRJ-R-0304,Gauge Conversion Project - Bhubaneswar to Indore Section,Ministry of Railways,Railways,Gauge Conversion,Haryana,Satna,IRCON,1263.3,1527.8,1566.99,1527.8,196.29,158.44,70.46,2016-07-01,2022-11-27,2022-12-05,2023-02-18,2016,99.9,100.0,8,10,Under Implementation,20.94,0,,2,0,2026-04-01
PRJ-R-0305,Doubling Project - Varanasi to Hyderabad Section,Ministry of Railways,Railways,Doubling,Chhattisgarh,Hassan,NHSRCL,5724.69,8105.69,8709.63,7120.17,1191.26,602.86,800.76,2014-07-01,2022-01-20,2027-05-24,2027-06-04,2014,89.3,87.8,16,19,Under Implementation,41.59,65,Right-of-Way (RoW) issues; Land acquisition delays,2,1,2026-03-21
PRJ-R-0306,Electrification Project - Ahmedabad to Chennai Section,Ministry of Railways,Railways,Electrification,Madhya Pradesh,Korba,NHSRCL,710.43,734.58,742.89,689.08,153.52,141.16,93.85,2011-10-01,2018-07-26,2018-10-11,2019-03-19,2011,99.9,93.8,17,17,Under Implementation,3.4,0,,0,0,2026-03-31
PRJ-R-0307,Dedicated Freight Corridor of Railway Line between Jaipur and Lucknow,Ministry of Railways,Railways,Dedicated Freight Corridor,Odisha,Karnal,Indian Railways,5803.57,5965.63,6289.15,5491.5,583.58,515.09,912.84,2021-04-01,2026-07-04,2026-07-21,2026-07-01,2021,97.7,92.1,8,9,Under Implementation,2.79,0,,0,0,2026-03-11
PRJ-R-0308,High-Speed Rail of Bangalore-Bhopal Railway Line,Ministry of Railways,Railways,High-Speed Rail,Odisha,Dharwad,KRCL,1688.92,1927.43,2042.68,879.76,137.64,196.86,142.65,2023-10-01,2029-04-02,2029-04-15,2029-03-16,2023,40.1,45.6,7,16,Under Implementation,14.12,0,,1,0,2026-03-26
PRJ-R-0309,Electrification Project - Hyderabad to Lucknow Section,Ministry of Railways,Railways,Electrification,Rajasthan,Bokaro,NHSRCL,2203.03,2205.3,2188.37,2168.41,343.2,218.17,179.44,2015-07-01,2020-04-05,2024-03-15,2024-02-29,2015,91.7,98.3,4,7,Under Implementation,0.1,48,Land acquisition delays,0,2,2026-03-24
PRJ-R-0310,Gauge Conversion of Railway Line between Jaipur and Delhi,Ministry of Railways,Railways,Gauge Conversion,Gujarat,Bijapur,Indian Railways,3314.94,3430.43,3536.83,132.98,680.14,469.59,452.74,2024-07-01,2031-01-26,2031-02-01,2031-02-12,2024,3.5,3.9,1,9,Under Implementation,3.48,0,,0,0,2026-03-19
PRJ-R-0311,Dedicated Freight Corridor Project - Jaipur to Shillong Section,Ministry of Railways,Railways,Dedicated Freight Corridor,Ladakh,Central,Indian Railways,1737.11,1713.99,1776.51,1208.84,444.93,439.05,220.86,2020-10-01,2027-12-24,2030-09-09,2030-06-25,2020,72.1,70.5,11,14,Under Implementation,-1.33,33,COVID-19 pandemic impact; Utility shifting delays,0,1,2026-03-06
PRJ-R-0312,High-Speed Rail Project - Ranchi to Bhubaneswar Section,Ministry of Railways,Railways,High-Speed Rail,Andhra Pradesh,Salem,RVNL,7523.48,9295.97,9493.19,4692.05,490.37,877.35,822.34,2024-01-01,2028-06-08,2028-07-28,2028-05-13,2024,44.5,50.5,3,13,Under Implementation,23.56,0,,2,0,2026-03-08
PRJ-P&S-0001,"Construction of Dredging at Bellary, Uttarakhand","Ministry of Ports, Shipping & Waterways",Ports & Shipping,Dredging,Uttarakhand,Guntur,Cochin Shipyard,2451.07,2447.34,2401.25,1852.47,244.72,184.77,165.38,2022-04-01,2027-04-05,2027-02-10,2027-06-17,2022,79.8,75.7,9,13,Under Implementation,-0.15,0,,0,0,2026-03-18
PRJ-P&S-0002,Port Development - Tamil Nadu (Dibrugarh),"Ministry of Ports, Shipping & Waterways",Ports & Shipping,Port Development,Tamil Nadu,Hassan,Cochin Shipyard,553.09,544.38,583.43,544.38,0,49.14,137.17,2021-10-01,2026-03-09,2026-03-10,2026-03-29,2021,100.0,100.0,18,18,Completed,-1.57,0,,0,0,2026-03-27
PRJ-P&S-0003,"Shipyard Project in Barmer, Karnataka","Ministry of Ports, Shipping & Waterways",Ports & Shipping,Shipyard,Karnataka,Anand,Major Port Trusts,3656.01,3623.32,3595.03,3623.32,803.54,906.24,803.83,2013-07-01,2016-04-16,2016-07-05,2016-09-11,2013,89.7,100.0,6,7,Under Implementation,-0.89,0,,0,0,2026-03-18
PRJ-P&S-0004,"Construction of Dredging at Latur, Tamil Nadu","Ministry of Ports, Shipping & Waterways",Ports & Shipping,Dredging,Tamil Nadu,Chittoor,Cochin Shipyard,2457.11,2457.11,2413.15,1715.69,500.86,506.6,359.68,2024-10-01,2026-12-20,2027-02-16,2027-08-06,2024,69.8,69.8,11,17,Under Implementation,0,0,,4,0,2026-03-14
PRJ-P&S-0005,Inland Waterway - Meghalaya (Salem),"Ministry of Ports, Shipping & Waterways",Ports & Shipping,Inland Waterway,Meghalaya,Bijapur,Sagarmala,1052.16,1158.21,1164.3,1101.18,165.64,206.06,216.89,2011-10-01,2015-09-10,2015-10-05,2015-09-13,2011,98.8,95.1,6,7,Under Implementation,10.08,0,,4,0,2026-03-04
PRJ-P&S-0006,"Inland Waterway Project in West, Delhi","Ministry of Ports, Shipping & Waterways",Ports & Shipping,Inland Waterway,Delhi,Meerut,Cochin Shipyard,1348.59,1358.47,1401.11,1325.42,71.38,117.5,283.78,2017-10-01,2021-07-12,2021-05-20,2021-05-02,2017,99.9,97.6,16,17,Under Implementation,0.73,0,,0,0,2026-03-30
PRJ-P&S-0007,"Construction of Dredging at Guntur, Chhattisgarh","Ministry of Ports, Shipping & Waterways",Ports & Shipping,Dredging,Chhattisgarh,Hassan,Cochin Shipyard,1929.36,2053.8,2173.02,1699.97,165.49,105.07,439.32,2018-10-01,2024-05-02,2024-04-13,2024-07-26,2018,96.5,82.8,6,6,Under Implementation,6.45,0,,3,0,2026-03-19
PRJ-P&S-0008,"Inland Waterway Project in Raigad, Odisha","Ministry of Ports, Shipping & Waterways",Ports & Shipping,Inland Waterway,Odisha,West,IWAI,2171.41,2634.91,2683.17,2634.91,579.28,400.14,177.14,2008-04-01,2013-12-31,2013-12-31,2013-11-28,2008,99.9,100.0,16,17,Under Implementation,21.35,0,,1,2,2026-03-30
PRJ-P&S-0009,"Dredging Project in Dibrugarh, Punjab","Ministry of Ports, Shipping & Waterways",Ports & Shipping,Dredging,Punjab,Barmer,IWAI,234.31,237.35,245.57,206.6,29.7,29.8,52.69,2010-07-01,2013-05-16,2014-05-11,2014-08-15,2010,99.9,87.0,10,10,Under Implementation,1.3,12,Utility shifting delays; Design changes during execution; Rehabilitation and resettlement issues,0,3,2026-03-23
PRJ-P&S-0010,Port Development - Madhya Pradesh (Hassan),"Ministry of Ports, Shipping & Waterways",Ports & Shipping,Port Development,Madhya Pradesh,Raichur,Sagarmala,3058.48,3000.53,3067.05,2489.46,188.51,211.4,589.59,2008-04-01,2012-07-09,2012-07-02,2012-05-28,2008,94.6,83.0,9,10,Under Implementation,-1.89,0,,0,0,2026-03-23
PRJ-P&S-0011,"Construction of Port Development at Satna, Andhra Pradesh","Ministry of Ports, Shipping & Waterways",Ports & Shipping,Port Development,Andhra Pradesh,Nellore,Major Port Trusts,958.17,990.65,1010.19,990.65,175.47,159.57,214.31,2013-07-01,2015-12-18,2016-01-25,2015-12-06,2013,99.7,100.0,15,17,Under Implementation,3.39,0,,0,0,2026-03-05
PRJ-P&S-0012,"Construction of Inland Waterway at Latur, Haryana","Ministry of Ports, Shipping & Waterways",Ports & Shipping,Inland Waterway,Haryana,Bijapur,Sagarmala,279.46,277.14,276.06,277.14,79.1,52.54,10.44,2011-10-01,2017-06-01,2018-07-26,2018-10-01,2011,97.6,100.0,16,17,Under Implementation,-0.83,14,Fund release delays,0,2,2026-03-23
PRJ-P&S-0013,Port Development - Assam (Jalgaon),"Ministry of Ports, Shipping & Waterways",Ports & Shipping,Port Development,Assam,South,Cochin Shipyard,1253.62,1253.62,1302.06,1220.34,137.33,88.44,123.27,2014-04-01,2019-10-02,2020-10-26,2020-10-19,2014,99.9,97.3,13,16,Under Implementation,0,13,Change in technology specifications; Court stay orders; Law and order issues,3,3,2026-03-21
PRJ-P&S-0014,Dredging - Uttar Pradesh (Warangal),"Ministry of Ports, Shipping & Waterways",Ports & Shipping,Dredging,Uttar Pradesh,Dharwad,IWAI,775.4,979.66,1031.76,979.66,233.68,245.08,149.13,2015-04-01,2019-08-08,2019-08-08,2019-07-04,2015,99.7,100.0,4,6,Under Implementation,26.34,0,,4,2,2026-03-13
PRJ-P&S-0015,"Dredging Project in Satna, Telangana","Ministry of Ports, Shipping & Waterways",Ports & Shipping,Dredging,Telangana,Raigad,Sagarmala,5247.81,5523.66,5939.28,5523.66,0,509.83,649.61,2019-07-01,2021-07-20,2021-09-19,2021-07-19,2019,100.0,100.0,20,20,Completed,5.26,0,,1,0,2026-03-13
PRJ-P&S-0016,Port Development - Karnataka (South),"Ministry of Ports, Shipping & Waterways",Ports & Shipping,Port Development,Karnataka,Latur,IWAI,3457.5,3606.61,3596.69,3606.61,0,437.66,380.84,2016-04-01,2021-09-02,2021-08-22,2022-01-28,2016,100.0,100.0,15,15,Completed,4.31,0,,0,0,2026-03-08
PRJ-P&S-0017,Inland Waterway - Kerala (Raigad),"Ministry of Ports, Shipping & Waterways",Ports & Shipping,Inland Waterway,Kerala,West,Major Port Trusts,271.18,272.7,284.39,245.51,45.33,37.03,43.31,2023-07-01,2026-09-13,2026-07-31,2026-12-16,2023,99.9,90.0,3,6,Under Implementation,0.56,0,,0,0,2026-03-05
PRJ-P&S-0018,"Port Development Project in Durg, Kerala","Ministry of Ports, Shipping & Waterways",Ports & Shipping,Port Development,Kerala,Dharwad,Cochin Shipyard,1414.97,1461.35,1510.99,1461.35,287.46,269.17,167.42,2020-04-01,2024-11-06,2024-10-08,2024-08-13,2020,99.9,100.0,16,16,Under Implementation,3.28,0,,0,0,2026-03-21
PRJ-P&S-0019,"Dredging Project in South, Himachal Pradesh","Ministry of Ports, Shipping & Waterways",Ports & Shipping,Dredging,Himachal Pradesh,Karnal,Major Port Trusts,343.62,371.36,386.09,128.57,57.61,65.95,75.5,2023-10-01,2029-04-02,2029-03-06,2029-02-22,2023,39.0,34.6,3,6,Under Implementation,8.07,0,,2,0,2026-03-10
PRJ-P&S-0020,"Construction of Port Development at West, Haryana","Ministry of Ports, Shipping & Waterways",Ports & Shipping,Port Development,Haryana,Guntur,Cochin Shipyard,2187.64,2232.0,2195.46,2199.22,225.55,350.51,337.42,2009-01-01,2014-08-03,2014-09-29,2014-07-01,2009,98.3,98.5,16,18,Under Implementation,2.03,0,,0,0,2026-03-16
PRJ-P&S-0021,Inland Waterway - Tamil Nadu (Bijapur),"Ministry of Ports, Shipping & Waterways",Ports & Shipping,Inland Waterway,Tamil Nadu,Chittoor,Sagarmala,2233.77,2651.96,2700.86,2651.96,0,283.81,175.3,2019-04-01,2023-08-08,2023-08-09,2023-12-30,2019,100.0,100.0,13,13,Completed,18.72,0,,4,0,2026-03-14
PRJ-P&S-0022,"Construction of Dredging at Dharwad, Gujarat","Ministry of Ports, Shipping & Waterways",Ports & Shipping,Dredging,Gujarat,Satna,IWAI,240.19,245.26,259.89,245.26,0,15.04,51.34,2008-07-01,2013-05-06,2013-07-21,2014-01-11,2008,100.0,100.0,16,16,Completed,2.11,0,,3,0,2026-03-22
PRJ-P&S-0023,"Construction of Dredging at Karnal, Tamil Nadu","Ministry of Ports, Shipping & Waterways",Ports & Shipping,Dredging,Tamil Nadu,Jharsuguda,Major Port Trusts,2887.9,2955.42,2985.87,2955.42,0,288.79,420.05,2012-10-01,2017-02-07,2019-09-25,2020-02-28,2012,100.0,100.0,8,8,Completed,2.34,32,Rehabilitation and resettlement issues,1,1,2026-03-26
PRJ-P&S-0024,"Construction of Inland Waterway at Tumkur, Haryana","Ministry of Ports, Shipping & Waterways",Ports & Shipping,Inland Waterway,Haryana,Salem,Sagarmala,799.13,810.0,796.73,489.83,65.65,39.58,148.83,2023-04-01,2028-11-30,2028-11-01,2029-02-26,2023,56.7,60.5,6,12,Under Implementation,1.36,0,,0,0,2026-03-14
PRJ-P&S-0025,"Inland Waterway Project in Latur, Rajasthan","Ministry of Ports, Shipping & Waterways",Ports & Shipping,Inland Waterway,Rajasthan,Central,Cochin Shipyard,6712.39,6712.39,6663.07,6712.39,0,944.62,1158.91,2020-04-01,2024-05-10,2024-05-10,2024-04-04,2020,100.0,100.0,14,14,Completed,0,0,,2,3,2026-03-02
PRJ-P&S-0026,"Inland Waterway Project in Central, Telangana","Ministry of Ports, Shipping & Waterways",Ports & Shipping,Inland Waterway,Telangana,Hassan,Major Port Trusts,755.04,755.04,792.64,415.03,215.91,91.54,164.12,2021-04-01,2026-12-31,2030-05-14,2030-09-26,2021,60.9,55.0,13,20,Under Implementation,0,41,Land acquisition delays; Inter-departmental coordination delays; State government coordination issues,1,1,2026-03-08
PRJ-P&S-0027,Inland Waterway - Delhi (Jalgaon),"Ministry of Ports, Shipping & Waterways",Ports & Shipping,Inland Waterway,Delhi,Bijapur,Cochin Shipyard,3751.53,4686.74,4709.96,4686.74,0,701.23,561.78,2011-04-01,2016-08-02,2016-07-28,2016-12-13,2011,100.0,100.0,20,20,Completed,24.93,0,,4,0,2026-03-05
PRJ-P&S-0028,"Shipyard Project in Chittoor, Gujarat","Ministry of Ports, Shipping & Waterways",Ports & Shipping,Shipyard,Gujarat,Tirunelveli,Major Port Trusts,2100.18,2081.21,2119.78,2081.21,0,240.24,483.6,2017-04-01,2021-03-11,2024-05-24,2024-11-03,2017,100.0,100.0,9,9,Completed,-0.9,39,Utility shifting delays; Design changes during execution; Rehabilitation and resettlement issues,0,2,2026-03-10
PRJ-P&S-0029,"Construction of Shipyard at Barmer, Bihar","Ministry of Ports, Shipping & Waterways",Ports & Shipping,Shipyard,Bihar,Barmer,Sagarmala,1184.16,1172.07,1201.53,1172.07,0,116.19,54.71,2010-10-01,2013-08-16,2013-10-20,2013-09-16,2010,100.0,100.0,6,6,Completed,-1.02,0,,0,0,2026-03-15
PRJ-P&S-0030,"Construction of Dredging at Salem, Rajasthan","Ministry of Ports, Shipping & Waterways",Ports & Shipping,Dredging,Rajasthan,Guntur,IWAI,1489.85,1600.21,1714.26,1600.21,0,205.45,209.77,2009-07-01,2012-06-15,2012-07-31,2012-05-06,2009,100.0,100.0,17,17,Completed,7.41,0,,4,0,2026-03-11
PRJ-P&S-0031,"Construction of Port Development at Guntur, Telangana","Ministry of Ports, Shipping & Waterways",Ports & Shipping,Port Development,Telangana,Jalgaon,IWAI,2455.68,2821.67,2933.52,2821.67,0,402.02,162.93,2018-07-01,2022-08-09,2024-06-29,2024-06-17,2018,100.0,100.0,6,6,Completed,14.9,23,COVID-19 pandemic impact; Change in technology specifications,4,3,2026-03-31
PRJ-P&S-0032,"Construction of Dredging at Central, West Bengal","Ministry of Ports, Shipping & Waterways",Ports & Shipping,Dredging,West Bengal,Raigad,Cochin Shipyard,688.2,698.93,691.72,698.93,0,61.66,123.65,2017-04-01,2020-01-16,2020-04-11,2020-09-28,2017,100.0,100.0,18,18,Completed,1.56,0,,0,0,2026-03-12
PRJ-P&S-0033,"Construction of Shipyard at Bellary, Uttar Pradesh","Ministry of Ports, Shipping & Waterways",Ports & Shipping,Shipyard,Uttar Pradesh,Jalgaon,Major Port Trusts,1250.66,1275.28,1348.42,1087.84,203.86,177.64,155.49,2009-01-01,2014-04-05,2016-07-23,2016-08-26,2009,99.9,85.3,9,12,Under Implementation,1.97,28,Forest clearance pending,0,3,2026-03-09
PRJ-P&S-0034,"Shipyard Project in Raichur, Uttar Pradesh","Ministry of Ports, Shipping & Waterways",Ports & Shipping,Shipyard,Uttar Pradesh,East,Cochin Shipyard,372.46,374.6,403.0,374.6,0,35.02,54.39,2016-04-01,2020-03-11,2020-03-06,2020-03-01,2016,100.0,100.0,5,5,Completed,0.57,0,,0,0,2026-03-15
PRJ-P&S-0035,"Construction of Port Development at Warangal, Maharashtra","Ministry of Ports, Shipping & Waterways",Ports & Shipping,Port Development,Maharashtra,Dibrugarh,IWAI,291.85,305.59,315.47,305.59,33.13,37.33,16.68,2012-04-01,2016-01-11,2016-01-22,2016-03-13,2012,99.9,100.0,3,6,Under Implementation,4.71,0,,0,0,2026-03-08
PRJ-P&S-0036,"Port Development Project in Durg, Bihar","Ministry of Ports, Shipping & Waterways",Ports & Shipping,Port Development,Bihar,Bokaro,Cochin Shipyard,1831.16,2376.93,2532.51,2247.73,159.63,221.01,408.16,2018-01-01,2022-01-10,2022-01-01,2022-05-26,2018,95.6,94.6,15,17,Under Implementation,29.8,0,,3,0,2026-03-16
PRJ-P&S-0037,Inland Waterway - Tamil Nadu (Satna),"Ministry of Ports, Shipping & Waterways",Ports & Shipping,Inland Waterway,Tamil Nadu,Durg,Cochin Shipyard,846.01,850.07,833.88,846.9,79.3,70.26,130.02,2021-10-01,2024-07-17,2024-10-02,2024-12-21,2021,91.1,99.6,15,19,Under Implementation,0.48,0,,0,0,2026-03-21
PRJ-P&S-0038,"Construction of Dredging at Central, Karnataka","Ministry of Ports, Shipping & Waterways",Ports & Shipping,Dredging,Karnataka,Tumkur,IWAI,3810.75,3773.7,3980.3,3420.62,722.27,631.84,536.2,2016-07-01,2020-06-10,2020-05-04,2020-10-11,2016,99.9,90.6,14,16,Under Implementation,-0.97,0,,0,0,2026-03-21
PRJ-P&S-0039,"Inland Waterway Project in Raigad, Uttar Pradesh","Ministry of Ports, Shipping & Waterways",Ports & Shipping,Inland Waterway,Uttar Pradesh,Tirunelveli,Cochin Shipyard,1097.57,1086.44,1139.87,1086.44,116.42,94.76,94.77,2021-07-01,2023-10-19,2023-12-25,2023-10-20,2021,99.9,100.0,11,12,Under Implementation,-1.01,0,,0,0,2026-03-28
PRJ-P&S-0040,"Port Development Project in Korba, Kerala","Ministry of Ports, Shipping & Waterways",Ports & Shipping,Port Development,Kerala,Dharwad,IWAI,1180.2,1157.15,1236.93,1138.61,125.66,121.17,66.08,2011-07-01,2014-10-13,2016-05-05,2016-09-02,2011,99.9,98.4,18,19,Under Implementation,-1.95,19,Environmental clearance pending; Rehabilitation and resettlement issues; Equipment delivery delays,0,1,2026-03-24
PRJ-P&S-0041,Port Development - West Bengal (Bijapur),"Ministry of Ports, Shipping & Waterways",Ports & Shipping,Port Development,West Bengal,Durg,Sagarmala,1267.47,1728.67,1702.48,1728.67,0,191.19,198.15,2013-10-01,2019-04-03,2019-05-10,2019-10-04,2013,100.0,100.0,12,12,Completed,36.39,0,,4,0,2026-03-22
PRJ-P&S-0042,Shipyard - West Bengal (Guntur),"Ministry of Ports, Shipping & Waterways",Ports & Shipping,Shipyard,West Bengal,Warangal,Major Port Trusts,439.9,434.86,429.33,172.43,49.67,63.07,81.18,2024-10-01,2027-09-16,2027-10-12,2027-10-17,2024,37.1,39.7,3,9,Under Implementation,-1.15,0,,0,0,2026-03-30
PRJ-P&S-0043,"Shipyard Project in North, Gujarat","Ministry of Ports, Shipping & Waterways",Ports & Shipping,Shipyard,Gujarat,Raigad,IWAI,2399.06,2483.96,2587.36,2114.89,318.37,187.14,455.99,2015-04-01,2018-02-14,2017-12-21,2018-03-30,2015,99.5,85.1,10,11,Under Implementation,3.54,0,,0,0,2026-03-31
PRJ-P&S-0044,"Construction of Inland Waterway at Dharwad, Maharashtra","Ministry of Ports, Shipping & Waterways",Ports & Shipping,Inland Waterway,Maharashtra,Korba,IWAI,881.43,870.89,855.12,870.89,0,113.09,132.24,2009-04-01,2011-12-17,2011-12-12,2011-12-25,2009,100.0,100.0,18,18,Completed,-1.2,0,,0,0,2026-03-03
PRJ-P&S-0045,"Construction of Port Development at Hassan, Tamil Nadu","Ministry of Ports, Shipping & Waterways",Ports & Shipping,Port Development,Tamil Nadu,Nellore,Sagarmala,1788.22,1827.8,1930.14,1827.8,0,222.42,430.42,2014-07-01,2016-06-20,2016-08-22,2016-11-10,2014,100.0,100.0,10,10,Completed,2.21,0,,0,0,2026-03-11
PRJ-P&S-0046,"Inland Waterway Project in Tumkur, Maharashtra","Ministry of Ports, Shipping & Waterways",Ports & Shipping,Inland Waterway,Maharashtra,South,IWAI,244.76,253.57,264.05,253.57,0,20.98,49.81,2011-07-01,2015-09-08,2015-10-10,2015-11-20,2011,100.0,100.0,12,12,Completed,3.6,0,,0,0,2026-03-12
PRJ-P&S-0047,Inland Waterway - Punjab (Chittoor),"Ministry of Ports, Shipping & Waterways",Ports & Shipping,Inland Waterway,Punjab,Khammam,Major Port Trusts,11227.43,12170.57,13097.36,6154.59,3675.48,2032.76,949.81,2024-07-01,2028-02-11,2028-02-29,2028-05-29,2024,48.3,50.6,7,19,Under Implementation,8.4,0,,2,0,2026-03-15
PRJ-P&S-0048,"Port Development Project in Dharwad, Telangana","Ministry of Ports, Shipping & Waterways",Ports & Shipping,Port Development,Telangana,Anand,Major Port Trusts,1826.02,1803.31,1906.72,1803.31,0,106.39,132.24,2015-01-01,2020-01-05,2020-01-14,2020-05-20,2015,100.0,100.0,19,19,Completed,-1.24,0,,0,0,2026-03-28
PRJ-P&S-0049,Dredging - Odisha (Guntur),"Ministry of Ports, Shipping & Waterways",Ports & Shipping,Dredging,Odisha,Chittoor,Major Port Trusts,1009.14,1000.09,980.24,1000.09,0,129.63,198.97,2010-07-01,2012-06-20,2014-04-11,2014-05-23,2010,100.0,100.0,17,17,Completed,-0.9,22,Regulatory approvals pending,0,3,2026-03-23
PRJ-P&S-0050,"Construction of Inland Waterway at Dibrugarh, Tripura","Ministry of Ports, Shipping & Waterways",Ports & Shipping,Inland Waterway,Tripura,Dharwad,Cochin Shipyard,1005.46,987.59,1045.33,910.76,188.79,144.07,187.13,2021-07-01,2026-11-02,2026-10-18,2027-04-03,2021,92.5,92.2,5,7,Under Implementation,-1.78,0,,0,0,2026-03-29
PRJ-P&S-0051,"Inland Waterway Project in Burdwan, Chhattisgarh","Ministry of Ports, Shipping & Waterways",Ports & Shipping,Inland Waterway,Chhattisgarh,Jalgaon,Sagarmala,3707.08,3812.63,3826.85,3812.63,980.42,475.52,176.58,2017-04-01,2022-12-31,2022-12-26,2023-06-03,2017,99.9,100.0,5,6,Under Implementation,2.85,0,,0,0,2026-03-06
PRJ-P&S-0052,Shipyard - Assam (Anand),"Ministry of Ports, Shipping & Waterways",Ports & Shipping,Shipyard,Assam,Satna,Major Port Trusts,3522.38,4390.62,4543.85,3928.61,1262.73,753.82,724.33,2021-07-01,2023-10-19,2024-01-04,2023-10-06,2021,94.1,89.5,13,13,Under Implementation,24.65,0,,2,0,2026-03-16
PRJ-P&S-0053,Shipyard - Maharashtra (Hassan),"Ministry of Ports, Shipping & Waterways",Ports & Shipping,Shipyard,Maharashtra,Chittoor,Cochin Shipyard,10332.99,10128.13,10625.19,10128.13,1599.7,1104.94,1738.26,2020-01-01,2023-11-11,2023-12-28,2023-11-09,2020,99.4,100.0,16,18,Under Implementation,-1.98,0,,0,0,2026-03-25
PRJ-P&S-0054,"Construction of Port Development at Anand, Uttar Pradesh","Ministry of Ports, Shipping & Waterways",Ports & Shipping,Port Development,Uttar Pradesh,North,Cochin Shipyard,2005.44,2076.89,2070.28,2076.89,464.64,476.62,239.69,2017-04-01,2023-01-30,2022-12-26,2023-03-04,2017,99.9,100.0,8,8,Under Implementation,3.56,0,,0,0,2026-03-19
PRJ-P&S-0055,Inland Waterway - Karnataka (Hassan),"Ministry of Ports, Shipping & Waterways",Ports & Shipping,Inland Waterway,Karnataka,Korba,IWAI,1156.37,1202.27,1190.31,886.64,153.57,227.05,148.46,2023-01-01,2028-05-04,2028-05-06,2028-08-02,2023,70.9,73.7,2,5,Under Implementation,3.97,0,,0,0,2026-03-27
PRJ-P&S-0056,"Construction of Shipyard at Jalgaon, Tamil Nadu","Ministry of Ports, Shipping & Waterways",Ports & Shipping,Shipyard,Tamil Nadu,Anand,Sagarmala,1502.83,1836.43,1901.99,1705.2,251.85,235.5,354.63,2019-10-01,2024-06-06,2024-05-12,2024-05-26,2019,97.4,92.9,12,15,Under Implementation,22.2,0,,4,0,2026-03-09
PRJ-P&S-0057,"Inland Waterway Project in Warangal, Punjab","Ministry of Ports, Shipping & Waterways",Ports & Shipping,Inland Waterway,Punjab,Meerut,Cochin Shipyard,306.32,307.33,310.53,307.33,0,30.9,38.65,2018-04-01,2022-12-06,2022-10-29,2022-12-09,2018,100.0,100.0,12,12,Completed,0.33,0,,0,0,2026-03-17
PRJ-P&S-0058,"Shipyard Project in Tumkur, Uttar Pradesh","Ministry of Ports, Shipping & Waterways",Ports & Shipping,Shipyard,Uttar Pradesh,Korba,Major Port Trusts,2355.07,2942.33,3083.17,2942.33,890.15,422.59,300.07,2010-10-01,2015-12-04,2015-11-21,2015-11-19,2010,99.9,100.0,15,18,Under Implementation,24.94,0,,1,0,2026-03-14
PRJ-P&S-0059,Inland Waterway - Madhya Pradesh (Khammam),"Ministry of Ports, Shipping & Waterways",Ports & Shipping,Inland Waterway,Madhya Pradesh,Tirunelveli,Major Port Trusts,3233.5,3275.7,3276.62,3275.7,0,455.47,211.82,2017-07-01,2022-03-07,2023-03-02,2023-06-16,2017,100.0,100.0,11,11,Completed,1.31,12,Inter-departmental coordination delays; State government coordination issues,0,3,2026-03-29
PRJ-P&S-0060,"Construction of Port Development at Bijapur, Ladakh","Ministry of Ports, Shipping & Waterways",Ports & Shipping,Port Development,Ladakh,Warangal,Major Port Trusts,1005.29,1053.92,1114.85,1053.92,144.21,120.46,55.22,2022-04-01,2028-02-29,2028-01-05,2028-04-05,2022,99.5,100.0,3,5,Under Implementation,4.84,0,,0,0,2026-03-10
PRJ-P&S-0061,Inland Waterway - Rajasthan (Solapur),"Ministry of Ports, Shipping & Waterways",Ports & Shipping,Inland Waterway,Rajasthan,Salem,Major Port Trusts,1484.5,1522.56,1556.62,1466.64,156.92,189.63,364.95,2019-07-01,2024-09-02,2024-11-10,2024-12-31,2019,99.9,96.3,17,17,Under Implementation,2.56,0,,0,0,2026-03-28
PRJ-P&S-0062,"Construction of Dredging at Rourkela, Andhra Pradesh","Ministry of Ports, Shipping & Waterways",Ports & Shipping,Dredging,Andhra Pradesh,Guntur,Cochin Shipyard,742.7,747.28,801.11,747.28,0,48.32,148.22,2020-07-01,2022-10-19,2023-07-16,2023-04-23,2020,100.0,100.0,13,13,Completed,0.62,9,Material supply chain disruption; Inter-departmental coordination delays; Geological surprises during construction,0,1,2026-03-24
PRJ-P&S-0063,"Dredging Project in Chittoor, Gujarat","Ministry of Ports, Shipping & Waterways",Ports & Shipping,Dredging,Gujarat,Rourkela,Cochin Shipyard,938.91,938.91,983.89,827.34,80.71,97.26,146.2,2021-07-01,2026-09-03,2026-11-14,2026-11-18,2021,99.9,88.1,5,8,Under Implementation,0,0,,1,0,2026-03-02
PRJ-P&S-0064,"Construction of Dredging at Bokaro, West Bengal","Ministry of Ports, Shipping & Waterways",Ports & Shipping,Dredging,West Bengal,Karnal,Sagarmala,380.4,377.26,376.6,377.26,42.36,32.44,62.55,2022-01-01,2026-12-06,2026-12-09,2027-01-17,2022,95.0,100.0,14,17,Under Implementation,-0.83,0,,0,0,2026-03-06
PRJ-P&S-0065,Shipyard - West Bengal (Dharwad),"Ministry of Ports, Shipping & Waterways",Ports & Shipping,Shipyard,West Bengal,Salem,IWAI,2647.48,2767.25,2917.28,2360.23,248.74,225.9,355.96,2012-01-01,2014-11-16,2014-12-30,2015-01-14,2012,95.4,85.3,12,12,Under Implementation,4.52,0,,0,0,2026-03-22
PRJ-CA-0001,"Airport Project in West, Tripura",Ministry of Civil Aviation,Civil Aviation,Airport,Tripura,Bijapur,AAI,3429.61,3417.31,3605.51,3417.31,0,337.63,147.05,2019-04-01,2021-05-20,2021-03-22,2021-05-24,2019,100.0,100.0,20,20,Completed,-0.36,0,,0,0,2026-03-20
PRJ-CA-0002,Terminal Building - Assam (Satna),Ministry of Civil Aviation,Civil Aviation,Terminal Building,Assam,Jalgaon,Adani,707.3,705.49,749.92,705.49,0,94.8,135.69,2016-10-01,2019-01-19,2019-07-18,2019-07-07,2016,100.0,100.0,7,7,Completed,-0.26,6,Change in technology specifications,0,2,2026-03-19
PRJ-CA-0003,"Construction of Terminal Building at South, Rajasthan",Ministry of Civil Aviation,Civil Aviation,Terminal Building,Rajasthan,Dharwad,Adani,1486.37,1513.04,1514.17,1223.32,309.25,358.9,251.07,2023-01-01,2024-12-21,2026-01-15,2026-05-03,2023,94.0,80.9,9,11,Under Implementation,1.79,13,Environmental clearance pending; Inter-departmental coordination delays,0,1,2026-03-27
PRJ-CA-0004,ATC - Chhattisgarh (Korba),Ministry of Civil Aviation,Civil Aviation,ATC,Chhattisgarh,Rourkela,AAI,2312.18,2320.49,2414.82,2320.49,0,295.8,117.55,2020-04-01,2022-11-17,2022-12-13,2022-11-15,2020,100.0,100.0,10,10,Completed,0.36,0,,0,0,2026-03-28
PRJ-CA-0005,Terminal Building - Andhra Pradesh (Tirunelveli),Ministry of Civil Aviation,Civil Aviation,Terminal Building,Andhra Pradesh,Burdwan,GMR,12898.86,13556.62,14618.05,13556.62,0,713.47,905.22,2009-10-01,2014-03-09,2014-04-16,2014-05-05,2009,100.0,100.0,10,10,Completed,5.1,0,,3,0,2026-03-18
PRJ-CA-0006,"Terminal Building Project in Rourkela, West Bengal",Ministry of Civil Aviation,Civil Aviation,Terminal Building,West Bengal,West,MIAL,20000,20246.05,21016.45,20246.05,0,2415.18,4549.18,2011-04-01,2015-02-09,2016-11-30,2017-01-17,2011,100.0,100.0,9,9,Completed,1.23,22,COVID-19 pandemic impact; Equipment delivery delays; Regulatory approvals pending,0,2,2026-04-01
PRJ-CA-0007,"Terminal Building Project in Warangal, Madhya Pradesh",Ministry of Civil Aviation,Civil Aviation,Terminal Building,Madhya Pradesh,South,DIAL,4006.4,3956.38,4077.94,3440.02,781.15,761.5,140.25,2013-07-01,2016-09-13,2016-10-14,2016-09-23,2013,99.9,86.9,12,15,Under Implementation,-1.25,0,,0,0,2026-03-13
PRJ-CA-0008,"Construction of Airport at Korba, Chhattisgarh",Ministry of Civil Aviation,Civil Aviation,Airport,Chhattisgarh,Tirunelveli,DIAL,796.31,831.24,897.04,382.73,5.22,27.24,153.16,2014-10-01,2018-10-10,2020-10-29,2021-04-16,2014,53.5,46.0,5,8,Stalled,4.39,25,Labour shortage; Utility shifting delays; Material supply chain disruption,0,2,2026-04-01
PRJ-CA-0009,Terminal Building - Maharashtra (Warangal),Ministry of Civil Aviation,Civil Aviation,Terminal Building,Maharashtra,Latur,AAI,1704.31,1862.18,1898.56,1636.04,257.76,159.46,389.82,2012-10-01,2016-08-11,2016-07-22,2016-11-06,2012,99.7,87.9,13,15,Under Implementation,9.26,0,,1,0,2026-03-02
PRJ-CA-0010,"Runway Extension Project in Latur, Uttar Pradesh",Ministry of Civil Aviation,Civil Aviation,Runway Extension,Uttar Pradesh,Dharwad,BIAL,1754.57,1781.95,1786.4,1781.95,0,257.79,251.46,2009-01-01,2013-01-10,2013-01-02,2012-11-20,2009,100.0,100.0,11,11,Completed,1.56,0,,0,0,2026-03-03
PRJ-CA-0011,"Terminal Building Project in Hassan, Uttar Pradesh",Ministry of Civil Aviation,Civil Aviation,Terminal Building,Uttar Pradesh,Tumkur,GMR,870.07,868.27,866.1,868.27,108.56,61.75,165.22,2021-10-01,2026-07-07,2026-06-20,2026-06-03,2021,98.8,100.0,13,14,Under Implementation,-0.21,0,,0,0,2026-03-07
PRJ-CA-0012,"Construction of ATC at West, Andhra Pradesh",Ministry of Civil Aviation,Civil Aviation,ATC,Andhra Pradesh,Rourkela,AAI,2916.04,2881.99,2982.64,2881.99,0,231.99,131.6,2019-01-01,2023-06-09,2023-08-19,2023-09-11,2019,100.0,100.0,16,16,Completed,-1.17,0,,0,0,2026-03-15
PRJ-CA-0013,"Construction of ATC at Raichur, Kerala",Ministry of Civil Aviation,Civil Aviation,ATC,Kerala,Burdwan,AAI,2742.9,3634.05,3779.89,947.86,473.45,479.74,475.38,2024-10-01,2028-03-14,2028-09-10,2028-12-15,2024,29.4,26.1,0,8,Under Implementation,32.49,6,Land acquisition delays; Utility shifting delays,2,3,2026-03-29
PRJ-CA-0014,"Construction of Runway Extension at Karnal, Kerala",Ministry of Civil Aviation,Civil Aviation,Runway Extension,Kerala,Korba,MIAL,12501.17,12661.98,13520.26,12661.98,1502.9,1414.82,1001.77,2011-10-01,2014-01-18,2016-09-04,2016-10-02,2011,99.9,100.0,12,15,Under Implementation,1.29,32,Design changes during execution; Change in technology specifications; State government coordination issues,0,3,2026-03-29
PRJ-CA-0015,"Construction of Runway Extension at Satna, Rajasthan",Ministry of Civil Aviation,Civil Aviation,Runway Extension,Rajasthan,Raichur,BIAL,6559.56,8086.22,8056.84,8086.22,0,928.16,253.7,2008-01-01,2012-05-09,2012-03-13,2012-03-14,2008,100.0,100.0,14,14,Completed,23.27,0,,2,0,2026-03-23
PRJ-CA-0016,Runway Extension - Madhya Pradesh (Latur),Ministry of Civil Aviation,Civil Aviation,Runway Extension,Madhya Pradesh,Warangal,Adani,1700.89,1736.16,1782.29,1736.16,0,234.76,382.31,2017-04-01,2022-01-05,2021-11-22,2021-12-05,2017,100.0,100.0,6,6,Completed,2.07,0,,0,0,2026-03-22
PRJ-CA-0017,"Construction of Terminal Building at Bellary, Telangana",Ministry of Civil Aviation,Civil Aviation,Terminal Building,Telangana,South,AAI,3882.79,3836.66,3791.02,3414.89,735.83,499.87,410.77,2012-10-01,2016-09-10,2016-10-06,2016-11-08,2012,98.8,89.0,10,10,Under Implementation,-1.19,0,,0,0,2026-03-26
PRJ-CA-0018,"Construction of Runway Extension at Solapur, Telangana",Ministry of Civil Aviation,Civil Aviation,Runway Extension,Telangana,Raigad,GMR,3428.85,3494.13,3734.43,3068.56,628.3,579.64,201.06,2022-10-01,2025-10-15,2028-01-03,2027-10-28,2022,87.3,87.8,7,11,Under Implementation,1.9,27,Design changes during execution; Utility shifting delays,0,3,2026-03-16
PRJ-CA-0019,"Airport Project in Jharsuguda, Gujarat",Ministry of Civil Aviation,Civil Aviation,Airport,Gujarat,West,GMR,1862.08,2081.3,2246.06,1901.21,535.75,273.02,77.5,2017-10-01,2022-03-09,2022-04-28,2022-03-14,2017,96.2,91.3,18,19,Under Implementation,11.77,0,,1,0,2026-03-24
PRJ-CA-0020,Airport - Ladakh (Satna),Ministry of Civil Aviation,Civil Aviation,Airport,Ladakh,Bijapur,AAI,3078.9,3078.9,3306.8,2703.36,635.85,461.11,721.88,2023-04-01,2027-12-06,2028-02-15,2028-07-02,2023,86.7,87.8,7,10,Under Implementation,0,0,,4,0,2026-03-06
PRJ-CA-0021,Terminal Building - Arunachal Pradesh (Guntur),Ministry of Civil Aviation,Civil Aviation,Terminal Building,Arunachal Pradesh,North,DIAL,341.63,464.82,464.96,219.34,86.27,97.92,80.9,2023-04-01,2027-09-07,2029-03-30,2029-09-04,2023,44.0,47.2,7,14,Under Implementation,36.06,19,Fund release delays; Forest clearance pending,1,1,2026-03-27
PRJ-CA-0022,"Terminal Building Project in North, Andhra Pradesh",Ministry of Civil Aviation,Civil Aviation,Terminal Building,Andhra Pradesh,Durg,DIAL,3443.78,4176.52,4423.81,3635.17,713.08,627.78,244.14,2014-01-01,2016-09-17,2020-08-27,2020-10-21,2014,99.9,87.0,9,11,Under Implementation,21.28,48,Inter-departmental coordination delays; Equipment delivery delays; Geological surprises during construction,2,3,2026-03-26
PRJ-CA-0023,Airport - Telangana (Central),Ministry of Civil Aviation,Civil Aviation,Airport,Telangana,North,Adani,5339.57,5342.05,5553.92,5134.03,1167.13,1305.89,875.93,2012-10-01,2015-10-16,2015-10-23,2015-10-12,2012,94.1,96.1,14,14,Under Implementation,0.05,0,,2,0,2026-03-02
PRJ-CA-0024,"Construction of Terminal Building at Raichur, Arunachal Pradesh",Ministry of Civil Aviation,Civil Aviation,Terminal Building,Arunachal Pradesh,Anand,DIAL,2390.02,2446.18,2453.62,1878.92,309.53,344.97,560.7,2022-10-01,2027-03-09,2029-03-28,2029-07-14,2022,67.2,76.8,6,8,Under Implementation,2.35,25,Labour shortage; Fund release delays; Design changes during execution,0,3,2026-03-04
PRJ-CA-0025,"Construction of ATC at Tumkur, Andhra Pradesh",Ministry of Civil Aviation,Civil Aviation,ATC,Andhra Pradesh,Khammam,DIAL,2352.02,2453.21,2438.07,711.15,6.1,33.96,293.5,2008-04-01,2010-04-21,2010-06-04,2010-06-23,2008,27.6,29.0,0,10,Shelved,4.3,0,,0,0,2026-03-28
PRJ-CA-0026,ATC - Madhya Pradesh (Bellary),Ministry of Civil Aviation,Civil Aviation,ATC,Madhya Pradesh,Satna,Adani,1714.16,1771.41,1742.22,1771.41,0,215.28,345.72,2015-07-01,2018-11-12,2018-11-22,2019-04-03,2015,100.0,100.0,10,10,Completed,3.34,0,,0,0,2026-03-08
PRJ-CA-0027,ATC - Maharashtra (Bijapur),Ministry of Civil Aviation,Civil Aviation,ATC,Maharashtra,Korba,AAI,884.42,912.85,972.08,754.15,105.64,44.55,84.61,2022-04-01,2025-08-13,2028-07-28,2028-05-29,2022,78.9,82.6,15,20,Under Implementation,3.21,36,Change in project scope; Fund release delays; Slow mobilization by contractor,0,3,2026-03-24
PRJ-CA-0028,"Airport Project in Rourkela, Gujarat",Ministry of Civil Aviation,Civil Aviation,Airport,Gujarat,Nellore,AAI,3061.8,3015.82,3123.6,2561.1,235.37,261.78,200.95,2016-04-01,2019-05-16,2019-07-01,2019-11-05,2016,95.4,84.9,12,12,Under Implementation,-1.5,0,,0,0,2026-03-03
PRJ-CA-0029,Airport - Gujarat (Bellary),Ministry of Civil Aviation,Civil Aviation,Airport,Gujarat,Hassan,MIAL,2806.15,2860.56,3083.35,2802.11,241.99,323.73,426.99,2020-07-01,2022-11-18,2022-09-25,2022-11-20,2020,96.7,98.0,4,5,Under Implementation,1.94,0,,0,0,2026-03-25
PRJ-CA-0030,"Runway Extension Project in Jharsuguda, Andhra Pradesh",Ministry of Civil Aviation,Civil Aviation,Runway Extension,Andhra Pradesh,Chittoor,MIAL,1447.08,1461.05,1506.81,1461.05,145.96,87.24,118.93,2011-07-01,2014-12-12,2015-10-08,2016-02-18,2011,99.0,100.0,16,16,Under Implementation,0.97,10,Rehabilitation and resettlement issues; State government coordination issues; Adverse weather conditions,0,3,2026-03-18
PRJ-CA-0031,"Construction of ATC at Jalgaon, Jharkhand",Ministry of Civil Aviation,Civil Aviation,ATC,Jharkhand,Barmer,AAI,3336.81,5007.07,4975.24,4321.82,510.86,590.11,188.56,2022-07-01,2026-05-11,2028-03-31,2028-02-22,2022,85.7,86.3,14,17,Under Implementation,50.06,23,Forest clearance pending; Rehabilitation and resettlement issues,2,1,2026-03-16
PRJ-CA-0032,"ATC Project in Bijapur, Kerala",Ministry of Civil Aviation,Civil Aviation,ATC,Kerala,Chittoor,DIAL,1392.22,1628.29,1692.58,1628.29,0,236.31,261.14,2015-01-01,2018-01-15,2019-10-07,2019-09-13,2015,100.0,100.0,16,16,Completed,16.96,21,Contractual issues with EPC contractor; Land acquisition delays; Regulatory approvals pending,4,2,2026-03-15
PRJ-CA-0033,"ATC Project in South, Telangana",Ministry of Civil Aviation,Civil Aviation,ATC,Telangana,Salem,DIAL,4604.94,4633.91,4683.86,4633.91,0,650.42,407.26,2017-01-01,2019-01-21,2018-11-26,2018-12-07,2017,100.0,100.0,14,14,Completed,0.63,0,,0,0,2026-03-15
PRJ-CA-0034,"Construction of Runway Extension at Durg, Maharashtra",Ministry of Civil Aviation,Civil Aviation,Runway Extension,Maharashtra,Siliguri,Adani,2194.45,2905.47,2935.31,2905.47,0,187.17,297.03,2010-07-01,2012-12-17,2012-11-10,2012-11-29,2010,100.0,100.0,18,18,Completed,32.4,0,,4,0,2026-03-14
PRJ-CA-0035,"ATC Project in Korba, Chhattisgarh",Ministry of Civil Aviation,Civil Aviation,ATC,Chhattisgarh,Khammam,DIAL,4286.49,4286.49,4436.84,2504.48,39.22,103.9,410.16,2024-10-01,2028-07-12,2028-07-24,2028-08-27,2024,54.3,58.4,3,7,Shelved,0,0,,1,0,2026-03-07
PRJ-CA-0036,"ATC Project in Bokaro, Odisha",Ministry of Civil Aviation,Civil Aviation,ATC,Odisha,Korba,Adani,1690.26,1947.79,1993.05,1754.89,119.64,131.77,400.29,2016-01-01,2019-11-11,2019-12-11,2020-02-29,2016,99.9,90.1,14,15,Under Implementation,15.24,1,Slow mobilization by contractor,2,2,2026-03-10
PRJ-CA-0037,"ATC Project in Salem, Rajasthan",Ministry of Civil Aviation,Civil Aviation,ATC,Rajasthan,Solapur,MIAL,1832.13,2148.75,2231.53,1727.68,542.05,460.18,113.28,2014-01-01,2017-10-12,2017-10-10,2017-08-21,2014,93.2,80.4,5,6,Under Implementation,17.28,0,,4,0,2026-03-25
PRJ-CA-0038,ATC - Maharashtra (Dharwad),Ministry of Civil Aviation,Civil Aviation,ATC,Maharashtra,Solapur,HIAL,1065.06,1318.6,1306.02,1193.47,72.54,63.46,54.26,2023-04-01,2025-11-16,2027-03-11,2027-08-23,2023,95.6,90.5,10,12,Under Implementation,23.81,16,Geological surprises during construction; Rehabilitation and resettlement issues,2,1,2026-04-01
PRJ-CA-0039,Airport - Odisha (Salem),Ministry of Civil Aviation,Civil Aviation,Airport,Odisha,Barmer,MIAL,2626.89,2666.47,2616.9,2274.63,496.79,490.0,361.44,2012-07-01,2017-02-05,2017-02-02,2017-07-30,2012,99.9,85.3,2,5,Under Implementation,1.51,0,,0,0,2026-03-29
PRJ-CA-0040,Terminal Building - Karnataka (North),Ministry of Civil Aviation,Civil Aviation,Terminal Building,Karnataka,Nellore,GMR,815.03,938.98,923.38,938.98,147.98,144.65,142.6,2021-07-01,2026-02-05,2027-05-31,2027-11-10,2021,99.9,100.0,10,11,Under Implementation,15.21,16,Inter-departmental coordination delays; Equipment delivery delays,4,3,2026-03-23
PRJ-CA-0041,Airport - Andhra Pradesh (South),Ministry of Civil Aviation,Civil Aviation,Airport,Andhra Pradesh,Siliguri,AAI,755.04,780.65,791.8,780.65,0,42.52,115.62,2010-07-01,2013-02-15,2013-09-13,2013-07-13,2010,100.0,100.0,8,8,Completed,3.39,7,Law and order issues; Regulatory approvals pending,0,2,2026-03-30
PRJ-CA-0042,Terminal Building - Rajasthan (Solapur),Ministry of Civil Aviation,Civil Aviation,Terminal Building,Rajasthan,Raichur,BIAL,449.15,531.51,554.17,267.46,34.31,47.85,102.31,2022-10-01,2027-01-08,2029-07-26,2029-08-26,2022,55.4,50.3,5,8,Under Implementation,18.34,31,Change in project scope; Court stay orders; Change in technology specifications,2,2,2026-03-05
PRJ-CA-0043,Runway Extension - Karnataka (South),Ministry of Civil Aviation,Civil Aviation,Runway Extension,Karnataka,Rourkela,MIAL,1746.5,1989.75,2110.13,1989.75,0,190.17,298.69,2019-04-01,2021-05-20,2021-03-26,2021-07-08,2019,100.0,100.0,20,20,Completed,13.93,0,,2,0,2026-03-17
PRJ-CA-0044,"Construction of Airport at Guntur, Uttar Pradesh",Ministry of Civil Aviation,Civil Aviation,Airport,Uttar Pradesh,Raichur,AAI,2649.45,2771.95,2866.37,2688.14,302.45,251.86,416.74,2020-10-01,2024-12-09,2027-08-26,2027-10-28,2020,93.4,97.0,12,13,Under Implementation,4.62,33,Equipment delivery delays; Adverse weather conditions,0,3,2026-03-15
PRJ-CA-0045,"Construction of Terminal Building at Central, Maharashtra",Ministry of Civil Aviation,Civil Aviation,Terminal Building,Maharashtra,Anand,Adani,2373.77,2373.77,2433.49,2373.77,0,152.05,157.6,2016-01-01,2020-10-06,2020-09-10,2020-11-06,2016,100.0,100.0,5,5,Completed,0,0,,4,0,2026-03-21
PRJ-CA-0046,"Airport Project in Dibrugarh, Delhi",Ministry of Civil Aviation,Civil Aviation,Airport,Delhi,Central,MIAL,203.61,206.09,219.17,206.09,25.67,28.38,50.48,2022-01-01,2024-09-17,2024-09-14,2024-11-21,2022,99.9,100.0,8,10,Under Implementation,1.22,0,,0,0,2026-03-10
PRJ-CA-0047,Airport - Goa (Warangal),Ministry of Civil Aviation,Civil Aviation,Airport,Goa,Bellary,MIAL,1419.26,1794.76,1925.41,1784.35,183.2,195.03,292.52,2010-10-01,2012-10-20,2012-08-29,2012-10-18,2010,99.9,99.4,14,14,Under Implementation,26.46,0,,1,0,2026-03-07
PRJ-CA-0048,Terminal Building - Karnataka (Hassan),Ministry of Civil Aviation,Civil Aviation,Terminal Building,Karnataka,Chittoor,BIAL,5187.51,5366.54,5385.4,5366.54,555.51,648.56,617.86,2012-07-01,2015-04-17,2015-06-09,2015-08-31,2012,99.9,100.0,14,15,Under Implementation,3.45,0,,0,0,2026-03-05
PRJ-PG-0001,"Nuclear (NPCIL) Project in Bokaro, Madhya Pradesh",Ministry of Power,Power Generation,Nuclear (NPCIL),Madhya Pradesh,Siliguri,SJVN,864.43,902.18,914.87,902.18,0,51.15,77.63,2010-01-01,2016-08-27,2022-02-27,2022-02-25,2010,100.0,100.0,19,19,Completed,4.37,67,Utility shifting delays,0,2,2026-03-20
PRJ-PG-0002,Hydro - Gujarat (Bijapur),Ministry of Power,Power Generation,Hydro,Gujarat,Burdwan,NEEPCO,6322.69,6629.94,6578.75,2256.32,1044.83,721.68,1089.66,2022-04-01,2031-10-11,2032-03-09,2032-04-03,2022,32.0,34.0,7,20,Under Implementation,4.86,5,Change in project scope; COVID-19 pandemic impact,0,1,2026-03-20
PRJ-PG-0003,"Construction of Thermal at Rourkela, Uttar Pradesh",Ministry of Power,Power Generation,Thermal,Uttar Pradesh,South,SJVN,4849.09,6275.13,6630.77,6275.13,0,323.78,312.91,2009-10-01,2017-07-21,2017-08-29,2017-12-19,2009,100.0,100.0,8,8,Completed,29.41,0,,4,0,2026-03-27
PRJ-PG-0004,"Gas-based Project in Anand, Tamil Nadu",Ministry of Power,Power Generation,Gas-based,Tamil Nadu,South,NHPC,14408.72,14295.14,15204.79,14287.79,1845.58,2005.33,1717.31,2017-07-01,2024-08-23,2025-07-19,2025-10-22,2017,91.5,99.9,9,9,Under Implementation,-0.79,11,Environmental clearance pending; Regulatory approvals pending,0,3,2026-03-19
PRJ-PG-0005,Thermal - Maharashtra (Jharsuguda),Ministry of Power,Power Generation,Thermal,Maharashtra,Meerut,THDC,34992.48,37728.44,39125.01,35033.27,8015.21,6805.95,2080.85,2017-10-01,2027-05-12,2027-03-29,2027-09-03,2017,99.9,92.9,4,6,Under Implementation,7.82,0,,1,0,2026-03-05
PRJ-PG-0006,"Construction of Thermal at Hassan, Manipur",Ministry of Power,Power Generation,Thermal,Manipur,Jharsuguda,THDC,10422.62,10919.86,11158.66,9369.4,1896.2,887.39,1029.45,2018-07-01,2023-11-02,2023-11-02,2023-10-31,2018,98.6,85.8,5,7,Under Implementation,4.77,0,,0,3,2026-03-06
PRJ-PG-0007,Thermal - Bihar (Salem),Ministry of Power,Power Generation,Thermal,Bihar,Latur,NHPC,29687.51,31030.52,30694.28,31030.52,0,3045.74,1015.02,2017-01-01,2022-10-02,2025-08-17,2026-02-05,2017,100.0,100.0,12,12,Completed,4.52,35,Change in project scope,0,3,2026-03-22
PRJ-PG-0008,Nuclear (NPCIL) - Uttarakhand (Bijapur),Ministry of Power,Power Generation,Nuclear (NPCIL),Uttarakhand,Dibrugarh,SJVN,2579.08,4005.7,3955.2,3652.27,764.13,1085.05,388.07,2012-01-01,2018-04-29,2018-04-03,2018-09-09,2012,91.8,91.2,11,14,Under Implementation,55.32,0,,4,0,2026-03-23
PRJ-PG-0009,Nuclear (NPCIL) - Gujarat (Hassan),Ministry of Power,Power Generation,Nuclear (NPCIL),Gujarat,Siliguri,SJVN,3926.84,4112.44,4122.86,4112.44,0,531.96,837.13,2012-04-01,2019-08-23,2023-12-30,2024-04-16,2012,100.0,100.0,16,16,Completed,4.73,53,Change in project scope,0,3,2026-03-11
PRJ-PG-0010,Gas-based - Arunachal Pradesh (Tirunelveli),Ministry of Power,Power Generation,Gas-based,Arunachal Pradesh,Salem,SJVN,1196.43,1204.22,1223.04,1204.22,161.38,189.41,90.68,2011-10-01,2017-07-31,2017-08-06,2018-01-29,2011,98.2,100.0,17,18,Under Implementation,0.65,0,,0,0,2026-03-28
PRJ-PG-0011,Hydro - Andhra Pradesh (Satna),Ministry of Power,Power Generation,Hydro,Andhra Pradesh,Korba,SJVN,7623.66,10519.48,11343.66,1211.63,1181.95,698.37,1462.11,2023-01-01,2028-11-30,2032-10-10,2032-11-11,2023,12.5,11.5,2,10,Under Implementation,37.98,47,Change in project scope; Slow mobilization by contractor; Court stay orders,2,1,2026-04-01
PRJ-PG-0012,"Construction of Nuclear (NPCIL) at Tumkur, Tripura",Ministry of Power,Power Generation,Nuclear (NPCIL),Tripura,Chittoor,DVC,6998.2,7216.06,7520.02,7216.06,1318.6,1851.93,855.74,2015-10-01,2019-10-10,2019-11-19,2020-03-23,2015,96.8,100.0,14,16,Under Implementation,3.11,0,,2,0,2026-03-07
PRJ-PG-0013,"Construction of Hydro at Durg, Rajasthan",Ministry of Power,Power Generation,Hydro,Rajasthan,Salem,DVC,6083.39,6333.46,6471.73,6333.46,1466.79,1420.43,1167.46,2009-01-01,2018-11-10,2019-01-09,2019-04-09,2009,97.7,100.0,3,5,Under Implementation,4.11,0,,4,0,2026-03-24
PRJ-PG-0014,Thermal - Odisha (Chittoor),Ministry of Power,Power Generation,Thermal,Odisha,Tirunelveli,DVC,9068.2,9517.8,9763.87,8044.55,1076.92,1259.51,1354.15,2018-01-01,2023-08-03,2025-07-23,2025-06-28,2018,96.6,84.5,5,8,Under Implementation,4.96,24,Change in technology specifications; Court stay orders,0,2,2026-03-14
PRJ-PG-0015,"Nuclear (NPCIL) Project in East, Gujarat",Ministry of Power,Power Generation,Nuclear (NPCIL),Gujarat,Solapur,NHPC,7591.06,9943.25,10606.5,9943.25,0,613.71,463.79,2016-07-01,2024-03-21,2024-03-11,2024-06-27,2016,100.0,100.0,13,13,Completed,30.99,0,,2,0,2026-03-08
PRJ-PG-0016,"Hydro Project in Hassan, Jharkhand",Ministry of Power,Power Generation,Hydro,Jharkhand,Jharsuguda,NEEPCO,1536.95,1851.35,1929.94,1654.13,146.02,217.97,47.32,2011-04-01,2019-07-18,2022-12-29,2022-12-08,2011,99.9,89.3,4,7,Under Implementation,20.46,42,Contractual issues with EPC contractor; Right-of-Way (RoW) issues,4,1,2026-03-06
PRJ-PG-0017,"Construction of Hydro at Karnal, Mizoram",Ministry of Power,Power Generation,Hydro,Mizoram,Nellore,THDC,1603.05,1679.4,1706.59,1679.4,249.19,332.14,398.19,2019-04-01,2026-09-21,2026-12-03,2026-12-25,2019,97.4,100.0,4,7,Under Implementation,4.76,0,,0,0,2026-03-27
PRJ-PG-0018,"Gas-based Project in Khammam, West Bengal",Ministry of Power,Power Generation,Gas-based,West Bengal,Bijapur,NEEPCO,13446.44,17069.87,16942.33,14054.08,2805.18,1856.64,2830.82,2019-04-01,2025-03-30,2027-10-16,2027-08-11,2019,93.5,82.3,10,12,Under Implementation,26.95,31,Court stay orders,1,3,2026-03-09
PRJ-PG-0019,"Construction of Thermal at South, Odisha",Ministry of Power,Power Generation,Thermal,Odisha,Bijapur,THDC,9621.7,10048.38,10074.37,8559.34,1913.52,2146.97,1383.64,2012-07-01,2017-07-05,2017-07-18,2017-05-08,2012,99.9,85.2,7,10,Under Implementation,4.43,0,,0,0,2026-03-03
PRJ-PG-0020,"Gas-based Project in Bokaro, Uttar Pradesh",Ministry of Power,Power Generation,Gas-based,Uttar Pradesh,Central,THDC,2728.35,2766.96,2748.86,696.66,297.49,320.11,107.73,2024-07-01,2028-10-08,2028-11-24,2029-05-04,2024,24.9,25.2,4,15,Under Implementation,1.42,0,,0,0,2026-03-20
PRJ-PG-0021,"Construction of Hydro at Nellore, Karnataka",Ministry of Power,Power Generation,Hydro,Karnataka,Jharsuguda,SJVN,17283.69,17028.2,18239.31,17028.2,2050.04,3053.57,777.97,2008-01-01,2016-08-16,2021-08-20,2022-02-08,2008,99.9,100.0,13,13,Under Implementation,-1.48,61,Design changes during execution; Slow mobilization by contractor; Contractual issues with EPC contractor,0,3,2026-03-26
PRJ-PG-0022,Gas-based - Telangana (Central),Ministry of Power,Power Generation,Gas-based,Telangana,Raichur,THDC,10327.11,10512.93,11319.6,10512.93,0,1220.84,2089.32,2015-10-01,2021-02-01,2021-02-01,2021-07-17,2015,100.0,100.0,11,11,Completed,1.8,0,,3,1,2026-03-06
PRJ-PG-0023,"Nuclear (NPCIL) Project in South, West Bengal",Ministry of Power,Power Generation,Nuclear (NPCIL),West Bengal,Hassan,NEEPCO,10312.25,10342.67,10234.86,9713.06,1171.69,690.27,2197.9,2014-10-01,2022-02-21,2024-08-09,2024-07-31,2014,99.9,93.9,8,8,Under Implementation,0.3,30,Utility shifting delays; Design changes during execution; Change in technology specifications,4,1,2026-03-18
PRJ-PG-0024,Nuclear (NPCIL) - Assam (Dibrugarh),Ministry of Power,Power Generation,Nuclear (NPCIL),Assam,West,NTPC,2228.94,2224.65,2401.15,2224.65,0,182.3,393.69,2009-04-01,2013-12-06,2014-08-03,2014-08-09,2009,100.0,100.0,14,14,Completed,-0.19,8,Fund release delays,0,1,2026-03-11
PRJ-PG-0025,Hydro - Kerala (Raichur),Ministry of Power,Power Generation,Hydro,Kerala,Latur,NEEPCO,11092.69,15757.84,15551.16,15757.84,0,1928.26,1976.9,2008-07-01,2015-06-25,2015-07-02,2015-10-07,2008,100.0,100.0,16,16,Completed,42.06,0,,4,0,2026-03-09
PRJ-PG-0026,Gas-based - Rajasthan (East),Ministry of Power,Power Generation,Gas-based,Rajasthan,Chittoor,DVC,3663.29,5104.8,5050.64,5104.8,0,340.17,551.43,2019-01-01,2025-04-29,2025-04-29,2025-08-18,2019,100.0,100.0,7,7,Completed,39.35,0,,2,3,2026-03-14
PRJ-PG-0027,Hydro - West Bengal (Meerut),Ministry of Power,Power Generation,Hydro,West Bengal,Dharwad,SJVN,1298.7,1705.73,1751.14,1609.18,176.73,297.73,286.61,2016-01-01,2025-01-13,2029-05-22,2029-07-27,2016,89.4,94.3,14,18,Under Implementation,31.34,53,COVID-19 pandemic impact; Environmental clearance pending; Right-of-Way (RoW) issues,4,1,2026-03-16
PRJ-PG-0028,"Construction of Nuclear (NPCIL) at Central, Karnataka",Ministry of Power,Power Generation,Nuclear (NPCIL),Karnataka,Korba,NEEPCO,2331.68,3332.65,3283.19,432.97,358.2,233.18,80.1,2022-10-01,2032-06-10,2036-01-21,2036-02-08,2022,13.7,13.0,2,16,Under Implementation,42.93,44,Change in project scope; Equipment delivery delays; Environmental clearance pending,2,3,2026-03-10
PRJ-PG-0029,Thermal - Uttar Pradesh (Bijapur),Ministry of Power,Power Generation,Thermal,Uttar Pradesh,Jharsuguda,SJVN,8833.72,10206.29,10033.81,10206.29,2471.77,1585.36,2014.25,2011-10-01,2019-08-20,2023-10-28,2023-08-12,2011,99.9,100.0,9,9,Under Implementation,15.54,51,Inter-departmental coordination delays; Slow mobilization by contractor; Fund release delays,1,1,2026-03-30
PRJ-PG-0030,Gas-based - Karnataka (Solapur),Ministry of Power,Power Generation,Gas-based,Karnataka,Warangal,NTPC,856.65,1190.91,1177.2,761.85,327.85,326.14,30.08,2021-04-01,2029-08-17,2029-10-12,2029-11-24,2021,68.2,64.0,4,10,Under Implementation,39.02,0,,4,0,2026-03-07
PRJ-PG-0031,Nuclear (NPCIL) - Gujarat (Siliguri),Ministry of Power,Power Generation,Nuclear (NPCIL),Gujarat,Rourkela,THDC,2206.96,3552.25,3824.29,3531.44,219.65,247.23,289.09,2013-04-01,2020-10-21,2021-01-19,2021-06-07,2013,99.9,99.4,13,16,Under Implementation,60.96,3,Change in project scope,2,2,2026-03-02
PRJ-PG-0032,"Construction of Gas-based at Khammam, Maharashtra",Ministry of Power,Power Generation,Gas-based,Maharashtra,Salem,NEEPCO,1311.95,1886.85,1885.45,1886.85,0,233.79,208.16,2008-07-01,2017-05-15,2017-03-26,2017-01-31,2008,100.0,100.0,16,16,Completed,43.82,0,,2,0,2026-03-19
PRJ-PG-0033,"Nuclear (NPCIL) Project in West, Kerala",Ministry of Power,Power Generation,Nuclear (NPCIL),Kerala,Siliguri,NHPC,3256.21,4289.78,4431.48,4153.92,604.01,661.12,456.78,2020-07-01,2025-04-06,2025-07-03,2025-05-10,2020,95.6,96.8,13,16,Under Implementation,31.74,0,,2,0,2026-03-15
PRJ-PG-0034,"Nuclear (NPCIL) Project in Raichur, Kerala",Ministry of Power,Power Generation,Nuclear (NPCIL),Kerala,Meerut,DVC,16186.01,22674.57,22557.64,19290.0,2177.36,2045.55,935.23,2021-01-01,2025-08-08,2026-05-05,2026-07-10,2021,99.9,85.1,15,15,Under Implementation,40.09,9,Adverse weather conditions; Design changes during execution,1,1,2026-03-18
PRJ-PG-0035,"Construction of Nuclear (NPCIL) at Bellary, Karnataka",Ministry of Power,Power Generation,Nuclear (NPCIL),Karnataka,Anand,NHPC,17223.4,17834.4,18968.52,14729.72,4670.72,3771.84,2028.28,2022-07-01,2027-08-04,2027-08-17,2028-02-10,2022,92.5,82.6,9,11,Under Implementation,3.55,0,,0,0,2026-03-15
PRJ-PG-0036,"Gas-based Project in Burdwan, Rajasthan",Ministry of Power,Power Generation,Gas-based,Rajasthan,Nellore,NHPC,5888.9,6075.35,6330.47,5592.4,740.52,751.12,458.94,2019-07-01,2026-09-22,2026-09-01,2026-07-29,2019,99.9,92.1,17,17,Under Implementation,3.17,0,,0,0,2026-03-13
PRJ-PG-0037,"Thermal Project in Bellary, Gujarat",Ministry of Power,Power Generation,Thermal,Gujarat,Khammam,THDC,7652.7,9214.63,9224.21,8616.76,1042.05,1148.71,1004.67,2018-10-01,2028-01-12,2028-01-09,2028-04-11,2018,85.6,93.5,5,9,Under Implementation,20.41,0,,4,0,2026-03-15
PRJ-PG-0038,"Construction of Hydro at Tumkur, Rajasthan",Ministry of Power,Power Generation,Hydro,Rajasthan,Tumkur,NTPC,2948.99,2948.58,2890.91,2948.58,0,158.36,553.91,2010-01-01,2017-12-20,2022-01-28,2022-01-20,2010,100.0,100.0,14,14,Completed,-0.01,50,Fund release delays,0,1,2026-03-02
PRJ-PG-0039,"Construction of Gas-based at Satna, Rajasthan",Ministry of Power,Power Generation,Gas-based,Rajasthan,Barmer,DVC,4485.6,4539.48,4525.09,4539.48,0,518.26,927.6,2012-10-01,2016-10-10,2017-01-06,2016-12-08,2012,100.0,100.0,7,7,Completed,1.2,0,,0,0,2026-04-01
PRJ-PG-0040,"Thermal Project in Raichur, Gujarat",Ministry of Power,Power Generation,Thermal,Gujarat,Meerut,NTPC,27235.12,27049.39,27524.04,27049.39,3132.29,1757.36,2197.95,2020-01-01,2026-03-30,2026-05-23,2026-06-09,2020,95.4,100.0,17,17,Under Implementation,-0.68,0,,0,0,2026-03-21
PRJ-PG-0041,Thermal - Gujarat (Rourkela),Ministry of Power,Power Generation,Thermal,Gujarat,Solapur,THDC,9485.22,13277.8,14229.95,12431.19,2123.0,1432.3,776.61,2016-07-01,2026-05-10,2026-04-03,2026-07-04,2016,92.4,93.6,9,10,Under Implementation,39.98,0,,2,0,2026-04-01
PRJ-PG-0042,Nuclear (NPCIL) - Jammu & Kashmir (Central),Ministry of Power,Power Generation,Nuclear (NPCIL),Jammu & Kashmir,Meerut,NHPC,14981.46,14748.49,15583.23,14748.49,0,2068.7,2537.36,2017-01-01,2024-08-22,2024-09-29,2025-01-02,2017,100.0,100.0,11,11,Completed,-1.56,0,,0,0,2026-03-10
PRJ-PG-0043,"Construction of Nuclear (NPCIL) at Nellore, Tripura",Ministry of Power,Power Generation,Nuclear (NPCIL),Tripura,Jharsuguda,DVC,31018.91,43814.45,43843.91,4278.24,31.18,201.89,2989.34,2015-04-01,2023-06-18,2029-07-16,2029-07-06,2015,9.5,9.8,1,15,Shelved,41.25,74,Change in technology specifications; Land acquisition delays; Slow mobilization by contractor,3,3,2026-03-27
PRJ-PG-0044,Nuclear (NPCIL) - West Bengal (Raigad),Ministry of Power,Power Generation,Nuclear (NPCIL),West Bengal,Tumkur,NEEPCO,2532.9,2534.41,2691.18,1360.16,3.9,32.92,123.06,2018-10-01,2024-09-29,2024-12-16,2024-09-21,2018,55.9,53.7,6,12,Stalled,0.06,0,,0,0,2026-03-29
PRJ-PG-0045,"Construction of Hydro at West, Gujarat",Ministry of Power,Power Generation,Hydro,Gujarat,Salem,THDC,891.92,933.81,976.77,176.81,79.26,83.86,218.65,2022-07-01,2032-02-09,2032-05-09,2032-09-14,2022,16.9,18.9,3,14,Under Implementation,4.7,3,Right-of-Way (RoW) issues,0,3,2026-03-24
PRJ-PG-0046,Hydro - Uttar Pradesh (South),Ministry of Power,Power Generation,Hydro,Uttar Pradesh,Warangal,DVC,1680.52,1725.18,1782.94,1725.18,0,152.48,133.41,2013-01-01,2022-06-13,2022-05-29,2022-04-23,2013,100.0,100.0,15,15,Completed,2.66,0,,0,0,2026-03-11
PRJ-PG-0047,"Hydro Project in Tirunelveli, Maharashtra",Ministry of Power,Power Generation,Hydro,Maharashtra,Tumkur,NHPC,3082.14,3082.14,3074.12,3082.14,279.01,337.66,354.08,2014-07-01,2021-08-23,2021-12-21,2022-02-26,2014,99.9,100.0,4,7,Under Implementation,0,4,Labour shortage,4,2,2026-03-08
PRJ-PG-0048,"Construction of Hydro at Jalgaon, Himachal Pradesh",Ministry of Power,Power Generation,Hydro,Himachal Pradesh,Nellore,THDC,885.92,1229.22,1208.7,1229.22,136.76,177.94,110.34,2018-04-01,2025-11-20,2025-11-18,2025-12-06,2018,97.3,100.0,10,10,Under Implementation,38.75,0,,4,0,2026-03-30
PRJ-PG-0049,"Construction of Thermal at Dharwad, Madhya Pradesh",Ministry of Power,Power Generation,Thermal,Madhya Pradesh,Burdwan,NHPC,4087.32,4537.09,4693.04,1073.59,970.12,484.55,505.4,2022-04-01,2030-08-17,2034-07-27,2034-09-18,2022,24.3,23.7,5,17,Under Implementation,11.0,48,COVID-19 pandemic impact; Court stay orders; Contractual issues with EPC contractor,1,3,2026-03-22
PRJ-PG-0050,"Gas-based Project in Chittoor, Rajasthan",Ministry of Power,Power Generation,Gas-based,Rajasthan,Chittoor,NEEPCO,1542.68,2162.63,2309.76,1764.15,559.01,380.27,53.01,2018-01-01,2026-06-18,2028-12-04,2028-12-03,2018,91.8,81.6,8,11,Under Implementation,40.19,30,Material supply chain disruption; Rehabilitation and resettlement issues,1,3,2026-03-23
PRJ-PG-0051,"Construction of Thermal at Nellore, Assam",Ministry of Power,Power Generation,Thermal,Assam,West,DVC,3811.64,3798.94,3929.82,3408.71,339.78,618.16,719.4,2019-04-01,2023-10-07,2023-09-24,2023-12-17,2019,99.9,89.7,10,12,Under Implementation,-0.33,0,,0,0,2026-03-04
PRJ-PG-0052,"Nuclear (NPCIL) Project in Jalgaon, Gujarat",Ministry of Power,Power Generation,Nuclear (NPCIL),Gujarat,Burdwan,DVC,2728.09,2738.73,2708.93,2357.92,545.79,418.78,293.09,2017-01-01,2022-04-05,2022-02-22,2022-01-15,2017,99.9,86.1,8,8,Under Implementation,0.39,0,,0,0,2026-03-12
PRJ-PG-0053,"Nuclear (NPCIL) Project in Karnal, Himachal Pradesh",Ministry of Power,Power Generation,Nuclear (NPCIL),Himachal Pradesh,Karnal,THDC,13118.47,18493.4,19956.47,15915.67,1760.35,2143.41,2247.81,2018-10-01,2027-11-13,2027-12-29,2028-06-15,2018,97.9,86.1,3,5,Under Implementation,40.97,0,,1,0,2026-03-13
PRJ-PG-0054,"Construction of Gas-based at Dharwad, Uttar Pradesh",Ministry of Power,Power Generation,Gas-based,Uttar Pradesh,Meerut,SJVN,2433.17,2396.37,2446.35,2396.37,0,309.12,212.75,2013-07-01,2022-05-15,2022-07-16,2022-06-09,2013,100.0,100.0,16,16,Completed,-1.51,0,,0,0,2026-03-31
PRJ-PG-0055,"Gas-based Project in Bijapur, Uttar Pradesh",Ministry of Power,Power Generation,Gas-based,Uttar Pradesh,Rourkela,NTPC,7576.33,7838.45,8282.1,7838.45,2194.28,952.56,396.9,2012-01-01,2017-07-03,2019-11-20,2019-10-06,2012,99.9,100.0,5,5,Under Implementation,3.46,29,Environmental clearance pending,0,2,2026-03-05
PRJ-PG-0056,"Construction of Hydro at Jharsuguda, Jharkhand",Ministry of Power,Power Generation,Hydro,Jharkhand,Rourkela,DVC,6977.51,6961.09,7054.92,6961.09,0,772.01,1115.07,2011-04-01,2016-12-30,2017-01-08,2017-05-21,2011,100.0,100.0,9,9,Completed,-0.24,0,,0,0,2026-03-17
PRJ-PG-0057,"Gas-based Project in Raigad, Rajasthan",Ministry of Power,Power Generation,Gas-based,Rajasthan,Bellary,SJVN,10781.86,10936.26,11502.83,8010.41,2537.87,2216.41,519.52,2017-01-01,2026-10-11,2030-08-21,2030-08-30,2017,76.4,73.2,10,12,Under Implementation,1.43,47,Inter-departmental coordination delays,0,3,2026-03-16
PRJ-PG-0058,Nuclear (NPCIL) - Karnataka (Bijapur),Ministry of Power,Power Generation,Nuclear (NPCIL),Karnataka,Anand,NTPC,5120.24,5022.36,4927.5,655.63,430.33,695.21,500.22,2024-07-01,2033-07-14,2033-05-27,2033-05-17,2024,12.8,13.1,1,11,Under Implementation,-1.91,0,,0,0,2026-03-31
PRJ-PG-0059,"Construction of Gas-based at Chittoor, Himachal Pradesh",Ministry of Power,Power Generation,Gas-based,Himachal Pradesh,Karnal,SJVN,17512.74,18098.09,18563.71,16659.96,2978.49,2375.27,1964.14,2018-04-01,2026-10-16,2028-08-06,2028-07-22,2018,80.8,92.1,9,10,Under Implementation,3.34,22,Equipment delivery delays; Geological surprises during construction; Material supply chain disruption,0,2,2026-03-30
PRJ-PG-0060,Hydro - West Bengal (Raigad),Ministry of Power,Power Generation,Hydro,West Bengal,Dibrugarh,NEEPCO,503.25,505.67,541.46,437.35,49.83,48.47,78.34,2010-04-01,2019-03-15,2019-11-10,2019-10-31,2010,98.7,86.5,10,11,Under Implementation,0.48,8,Forest clearance pending,0,2,2026-03-30
PRJ-PG-0061,"Construction of Thermal at Warangal, Himachal Pradesh",Ministry of Power,Power Generation,Thermal,Himachal Pradesh,South,THDC,1880.22,1902.9,2053.29,1902.9,0,212.41,417.04,2013-10-01,2021-10-19,2021-12-25,2021-10-01,2013,100.0,100.0,17,17,Completed,1.21,0,,0,0,2026-03-25
PRJ-PG-0062,"Construction of Thermal at Tirunelveli, Uttarakhand",Ministry of Power,Power Generation,Thermal,Uttarakhand,Dibrugarh,NHPC,8500.98,10053.06,10378.34,10053.06,0,1081.09,380.0,2012-10-01,2017-02-07,2020-08-20,2020-07-06,2012,100.0,100.0,5,5,Completed,18.26,43,Geological surprises during construction; Regulatory approvals pending,3,2,2026-03-31
PRJ-PG-0063,"Thermal Project in Satna, Gujarat",Ministry of Power,Power Generation,Thermal,Gujarat,Anand,SJVN,5485.05,5669.29,5792.29,5669.29,0,455.96,432.52,2010-07-01,2018-08-18,2023-02-23,2023-01-10,2010,100.0,100.0,14,14,Completed,3.36,55,Material supply chain disruption; Rehabilitation and resettlement issues; Adverse weather conditions,0,3,2026-03-02
PRJ-PG-0064,"Hydro Project in Salem, Punjab",Ministry of Power,Power Generation,Hydro,Punjab,Tumkur,DVC,8492.71,8543.91,8824.66,8474.54,1628.15,654.58,553.74,2009-04-01,2017-10-16,2017-12-31,2017-10-16,2009,95.7,99.2,8,11,Under Implementation,0.6,0,,0,0,2026-03-06
PRJ-PG-0065,"Construction of Hydro at East, Himachal Pradesh",Ministry of Power,Power Generation,Hydro,Himachal Pradesh,Bellary,DVC,1152.95,1207.87,1286.67,68.85,176.54,110.48,285.23,2024-01-01,2032-02-18,2033-10-10,2034-03-10,2024,6.3,5.7,0,5,Under Implementation,4.76,20,State government coordination issues,0,1,2026-03-02
PRJ-PG-0066,"Construction of Thermal at Chittoor, Haryana",Ministry of Power,Power Generation,Thermal,Haryana,Tirunelveli,DVC,4658.4,5718.62,5813.28,5175.49,455.93,778.9,300.33,2022-01-01,2026-05-10,2027-12-31,2028-04-29,2022,93.9,90.5,13,14,Under Implementation,22.76,20,Slow mobilization by contractor; Forest clearance pending,4,2,2026-03-29
PRJ-PG-0067,"Construction of Gas-based at Salem, Jammu & Kashmir",Ministry of Power,Power Generation,Gas-based,Jammu & Kashmir,Satna,NEEPCO,4013.91,4143.71,4284.09,4143.71,786.71,793.11,967.49,2010-01-01,2018-02-18,2018-04-04,2018-03-31,2010,98.3,100.0,18,19,Under Implementation,3.23,0,,0,0,2026-03-18
PRJ-PG-0068,"Nuclear (NPCIL) Project in Korba, Gujarat",Ministry of Power,Power Generation,Nuclear (NPCIL),Gujarat,East,THDC,1461.1,1469.93,1551.61,1469.93,186.48,67.34,45.11,2015-07-01,2024-09-11,2024-09-29,2025-01-14,2015,99.9,100.0,10,11,Under Implementation,0.6,0,,0,0,2026-03-06
PRJ-PG-0069,Hydro - Odisha (Solapur),Ministry of Power,Power Generation,Hydro,Odisha,Jalgaon,SJVN,722.17,747.26,781.02,50.4,114.74,164.48,52.56,2024-07-01,2030-01-01,2034-01-10,2033-12-02,2024,6.0,6.7,0,18,Under Implementation,3.47,49,Law and order issues; Equipment delivery delays; Environmental clearance pending,0,2,2026-03-25
PRJ-PG-0070,"Nuclear (NPCIL) Project in Meerut, Odisha",Ministry of Power,Power Generation,Nuclear (NPCIL),Odisha,Bellary,DVC,10519.01,11008.47,11354.96,11008.47,1178.74,1169.07,977.54,2019-10-01,2025-07-31,2027-09-19,2027-10-31,2019,99.9,100.0,11,13,Under Implementation,4.65,26,Court stay orders; Utility shifting delays,0,3,2026-03-12
PRJ-PG-0071,"Construction of Nuclear (NPCIL) at Karnal, Uttar Pradesh",Ministry of Power,Power Generation,Nuclear (NPCIL),Uttar Pradesh,Central,NHPC,9465.53,9570.62,10101.09,4508.32,1081.3,1595.17,517.43,2022-10-01,2029-05-27,2029-06-28,2029-10-27,2022,54.0,47.1,5,11,Under Implementation,1.11,0,,0,0,2026-03-06
PRJ-PG-0072,"Gas-based Project in Durg, Rajasthan",Ministry of Power,Power Generation,Gas-based,Rajasthan,Khammam,THDC,10444.88,11965.85,12330.33,2211.66,1678.9,1411.24,2263.41,2023-07-01,2030-10-22,2030-12-19,2031-04-16,2023,19.5,18.5,0,5,Under Implementation,14.56,0,,3,0,2026-03-16
PRJ-PG-0073,Gas-based - Karnataka (East),Ministry of Power,Power Generation,Gas-based,Karnataka,Bellary,DVC,8182.79,8382.24,8624.98,8382.24,2262.98,2005.41,1630.17,2014-10-01,2022-08-20,2022-08-08,2022-07-15,2014,98.1,100.0,9,10,Under Implementation,2.44,0,,0,0,2026-03-19
PRJ-PG-0074,"Nuclear (NPCIL) Project in Satna, Madhya Pradesh",Ministry of Power,Power Generation,Nuclear (NPCIL),Madhya Pradesh,Tumkur,THDC,2176.26,2184.21,2160.24,0.0,185.08,259.3,285.48,2024-10-01,2032-07-21,2033-06-16,2033-06-03,2024,0,0.0,0,7,Under Implementation,0.37,11,Right-of-Way (RoW) issues; Court stay orders,0,2,2026-03-24
PRJ-PG-0075,"Thermal Project in Siliguri, Jharkhand",Ministry of Power,Power Generation,Thermal,Jharkhand,Latur,NTPC,5726.88,6002.5,5958.93,6002.5,0,868.64,1289.73,2014-01-01,2023-09-11,2023-09-29,2023-10-19,2014,100.0,100.0,12,12,Completed,4.81,0,,0,0,2026-03-20
PRJ-PG-0076,"Construction of Nuclear (NPCIL) at Korba, Maharashtra",Ministry of Power,Power Generation,Nuclear (NPCIL),Maharashtra,Anand,NEEPCO,915.49,1178.18,1197.83,1178.18,137.25,100.76,155.05,2021-01-01,2027-06-29,2027-10-27,2027-10-16,2021,99.9,100.0,9,10,Under Implementation,28.69,4,Fund release delays,4,2,2026-03-14
PRJ-PG-0077,"Hydro Project in North, Gujarat",Ministry of Power,Power Generation,Hydro,Gujarat,Dharwad,DVC,8894.59,8927.82,9194.79,3454.58,1524.39,1047.99,1672.67,2021-01-01,2027-06-29,2032-04-03,2032-04-13,2021,40.0,38.7,3,13,Under Implementation,0.37,58,Court stay orders; Change in project scope; Design changes during execution,2,1,2026-03-04
PRJ-PG-0078,"Gas-based Project in Raichur, Maharashtra",Ministry of Power,Power Generation,Gas-based,Maharashtra,Bijapur,DVC,7498.26,7487.95,7534.34,7487.95,1041.08,546.44,1195.95,2008-07-01,2016-02-20,2020-07-28,2020-10-30,2008,99.4,100.0,8,10,Under Implementation,-0.14,54,Regulatory approvals pending; Utility shifting delays,0,2,2026-03-22
PRJ-PG-0079,Hydro - Uttar Pradesh (Salem),Ministry of Power,Power Generation,Hydro,Uttar Pradesh,Hassan,NEEPCO,3551.67,3946.33,3908.85,198.3,649.65,697.02,279.74,2024-10-01,2032-09-19,2032-08-19,2032-08-17,2024,5.0,5.0,0,7,Under Implementation,11.11,0,,4,0,2026-03-27
PRJ-PG-0080,Thermal - Uttar Pradesh (Latur),Ministry of Power,Power Generation,Thermal,Uttar Pradesh,South,NHPC,4058.19,4068.47,4195.88,4068.47,0,496.13,830.01,2010-10-01,2016-06-01,2017-03-28,2017-05-23,2010,100.0,100.0,14,14,Completed,0.25,10,Court stay orders; Equipment delivery delays; COVID-19 pandemic impact,0,3,2026-03-04
PRJ-PG-0081,"Construction of Hydro at Raigad, Bihar",Ministry of Power,Power Generation,Hydro,Bihar,Satna,DVC,8900.37,8961.23,9066.07,580.3,4.57,37.24,356.39,2023-04-01,2027-05-10,2027-04-15,2027-05-04,2023,6.6,6.5,2,16,Stalled,0.68,0,,0,0,2026-03-08
PRJ-PG-0082,Nuclear (NPCIL) - Uttarakhand (West),Ministry of Power,Power Generation,Nuclear (NPCIL),Uttarakhand,Khammam,NEEPCO,6916.18,7122.62,7511.74,7122.62,0,1039.71,959.39,2009-10-01,2019-08-10,2019-08-17,2019-06-08,2009,100.0,100.0,11,11,Completed,2.98,0,,0,0,2026-04-01
PRJ-PG-0083,"Hydro Project in Anand, Maharashtra",Ministry of Power,Power Generation,Hydro,Maharashtra,Raichur,SJVN,6277.0,6321.33,6355.84,1895.79,1379.84,821.71,713.62,2023-04-01,2029-08-27,2029-10-22,2030-02-28,2023,30.5,30.0,3,8,Under Implementation,0.71,0,,0,0,2026-03-09
PRJ-PG-0084,"Construction of Gas-based at Central, Uttarakhand",Ministry of Power,Power Generation,Gas-based,Uttarakhand,Warangal,DVC,1506.03,1981.11,2062.21,1981.11,277.03,334.42,350.63,2013-01-01,2022-02-13,2024-09-30,2025-03-25,2013,99.0,100.0,4,7,Under Implementation,31.55,32,Design changes during execution,3,1,2026-03-22
PRJ-PG-0085,Hydro - Arunachal Pradesh (West),Ministry of Power,Power Generation,Hydro,Arunachal Pradesh,North,THDC,8473.18,10188.3,10714.91,10188.3,0,1509.96,1456.72,2011-10-01,2017-06-01,2017-07-05,2017-06-17,2011,100.0,100.0,20,20,Completed,20.24,0,,2,0,2026-03-15
PRJ-PG-0086,"Thermal Project in Nellore, Gujarat",Ministry of Power,Power Generation,Thermal,Gujarat,Meerut,THDC,1932.74,2510.64,2679.66,2510.64,158.58,136.41,79.07,2012-01-01,2017-05-04,2017-08-02,2017-11-14,2012,99.9,100.0,8,10,Under Implementation,29.9,3,State government coordination issues,2,3,2026-03-09
PRJ-PG-0087,"Hydro Project in North, Odisha",Ministry of Power,Power Generation,Hydro,Odisha,Chittoor,DVC,1487.68,1515.16,1595.75,1515.16,153.28,193.23,310.97,2010-04-01,2015-08-03,2017-10-21,2017-10-19,2010,99.9,100.0,10,10,Under Implementation,1.85,27,Contractual issues with EPC contractor,0,1,2026-03-23
PRJ-PG-0088,"Construction of Thermal at Karnal, Madhya Pradesh",Ministry of Power,Power Generation,Thermal,Madhya Pradesh,Salem,DVC,359.95,355.26,362.65,355.26,0,33.86,35.22,2011-07-01,2020-08-12,2020-10-22,2020-08-16,2011,100.0,100.0,13,13,Completed,-1.3,0,,0,0,2026-03-15
PRJ-PG-0089,"Construction of Thermal at Meerut, Telangana",Ministry of Power,Power Generation,Thermal,Telangana,Guntur,NEEPCO,4487.88,4479.08,4545.88,4479.08,0,628.55,468.68,2010-10-01,2017-10-24,2017-12-14,2018-05-27,2010,100.0,100.0,20,20,Completed,-0.2,0,,0,0,2026-03-05
PRJ-PG-0090,"Construction of Nuclear (NPCIL) at Tumkur, Bihar",Ministry of Power,Power Generation,Nuclear (NPCIL),Bihar,Korba,THDC,400.12,400.12,426.04,382.9,88.57,49.84,84.31,2015-07-01,2024-04-14,2026-10-01,2026-12-12,2015,99.9,95.7,18,20,Under Implementation,0,30,Court stay orders; Labour shortage,3,2,2026-03-10
PRJ-PG-0091,"Construction of Hydro at North, Odisha",Ministry of Power,Power Generation,Hydro,Odisha,Karnal,NHPC,5149.14,7772.89,7824.44,6765.06,1638.23,796.12,1096.86,2020-04-01,2024-12-06,2025-01-05,2024-11-21,2020,99.9,87.0,7,8,Under Implementation,50.96,1,Change in project scope; Forest clearance pending,4,3,2026-03-18
PRJ-PG-0092,"Nuclear (NPCIL) Project in Rourkela, Rajasthan",Ministry of Power,Power Generation,Nuclear (NPCIL),Rajasthan,Guntur,THDC,5178.28,6167.03,6288.54,990.04,888.73,795.11,440.33,2024-01-01,2030-01-29,2030-03-16,2030-03-29,2024,18.4,16.1,0,6,Under Implementation,19.09,0,,1,0,2026-03-19
PRJ-PG-0093,"Thermal Project in Rourkela, West Bengal",Ministry of Power,Power Generation,Thermal,West Bengal,Guntur,NHPC,11428.74,11229.25,11501.35,11229.25,0,783.48,1872.53,2008-01-01,2011-12-11,2011-11-10,2012-02-03,2008,100.0,100.0,19,19,Completed,-1.75,0,,0,0,2026-03-15
PRJ-PG-0094,"Hydro Project in Bijapur, Uttarakhand",Ministry of Power,Power Generation,Hydro,Uttarakhand,Chittoor,SJVN,2868.9,3004.49,3144.07,670.24,8.75,36.55,576.76,2022-01-01,2030-05-19,2033-08-01,2034-01-04,2022,22.2,22.3,2,10,Shelved,4.73,39,Inter-departmental coordination delays; Change in project scope; Land acquisition delays,0,3,2026-03-09
PRJ-PG-0095,Hydro - Tamil Nadu (Raigad),Ministry of Power,Power Generation,Hydro,Tamil Nadu,Raichur,NHPC,1512.55,1497.39,1583.82,1497.39,177.51,316.56,116.92,2008-10-01,2015-05-28,2020-12-27,2020-12-23,2008,96.9,100.0,5,8,Under Implementation,-1.0,68,Equipment delivery delays; Material supply chain disruption; Rehabilitation and resettlement issues,0,3,2026-03-22
PRJ-PG-0096,"Construction of Hydro at Dibrugarh, Uttar Pradesh",Ministry of Power,Power Generation,Hydro,Uttar Pradesh,Jalgaon,NHPC,3884.91,6483.59,6639.23,5543.77,1558.48,718.49,261.67,2012-01-01,2019-04-24,2019-05-26,2019-08-18,2012,95.2,85.5,17,18,Under Implementation,66.89,0,,4,0,2026-03-26
PRJ-PG-0097,"Construction of Hydro at Raigad, Uttar Pradesh",Ministry of Power,Power Generation,Hydro,Uttar Pradesh,Guntur,NTPC,11228.65,14843.73,15392.77,14428.81,2875.56,3401.08,1218.75,2012-04-01,2017-12-01,2018-12-26,2019-02-13,2012,99.9,97.2,15,16,Under Implementation,32.2,13,Land acquisition delays; Change in technology specifications,4,2,2026-03-12
PRJ-PG-0098,"Nuclear (NPCIL) Project in Meerut, Uttar Pradesh",Ministry of Power,Power Generation,Nuclear (NPCIL),Uttar Pradesh,Korba,NTPC,4302.59,5583.91,5486.33,5583.91,0,820.63,285.08,2009-04-01,2014-12-01,2014-11-08,2015-01-09,2009,100.0,100.0,20,20,Completed,29.78,0,,2,0,2026-03-27
PRJ-PG-0099,Thermal - Goa (Siliguri),Ministry of Power,Power Generation,Thermal,Goa,South,DVC,6269.48,6334.04,6319.91,5463.63,1803.91,1023.45,204.87,2011-01-01,2020-08-11,2025-10-14,2026-02-26,2011,99.9,86.3,18,19,Under Implementation,1.03,63,Forest clearance pending; Slow mobilization by contractor,0,3,2026-03-26
PRJ-PG-0100,"Thermal Project in Bijapur, Tamil Nadu",Ministry of Power,Power Generation,Thermal,Tamil Nadu,Guntur,SJVN,1809.42,2385.13,2549.7,2385.13,0,247.42,91.25,2010-10-01,2016-11-28,2021-04-06,2021-01-13,2010,100.0,100.0,11,11,Completed,31.82,53,Regulatory approvals pending; Material supply chain disruption; Right-of-Way (RoW) issues,1,1,2026-03-24
PRJ-PG-0101,"Construction of Thermal at Raichur, Chhattisgarh",Ministry of Power,Power Generation,Thermal,Chhattisgarh,Central,NEEPCO,5668.18,8219.35,8258.84,2047.0,1312.23,879.18,1004.84,2024-01-01,2027-12-11,2030-02-28,2030-03-15,2024,25.3,24.9,1,10,Under Implementation,45.01,27,Change in technology specifications; Change in project scope,3,3,2026-03-18
PRJ-PG-0102,"Construction of Nuclear (NPCIL) at Tirunelveli, Assam",Ministry of Power,Power Generation,Nuclear (NPCIL),Assam,Hassan,DVC,11676.18,17210.61,17531.67,16900.1,3133.05,3112.33,1519.66,2017-10-01,2022-07-07,2022-06-10,2022-07-01,2017,95.1,98.2,16,18,Under Implementation,47.4,0,,4,0,2026-03-28
PRJ-PG-0103,"Construction of Nuclear (NPCIL) at Khammam, Maharashtra",Ministry of Power,Power Generation,Nuclear (NPCIL),Maharashtra,Durg,NHPC,6678.05,6770.74,7147.93,1867.75,1601.01,938.06,348.96,2021-04-01,2029-04-19,2034-01-23,2034-07-09,2021,29.3,27.6,5,19,Under Implementation,1.39,58,COVID-19 pandemic impact,0,2,2026-03-02
PRJ-PG-0104,Hydro - Karnataka (Karnal),Ministry of Power,Power Generation,Hydro,Karnataka,Durg,SJVN,2724.91,2778.05,2753.31,2488.2,515.25,268.7,203.18,2023-07-01,2027-06-10,2027-06-10,2027-07-12,2023,82.1,89.6,10,13,Under Implementation,1.95,0,,0,1,2026-03-28
PRJ-PG-0105,"Thermal Project in Nellore, Karnataka",Ministry of Power,Power Generation,Thermal,Karnataka,Solapur,NEEPCO,9016.7,9016.7,9721.84,9016.7,0,597.69,1201.98,2012-07-01,2016-08-09,2018-11-27,2019-04-23,2012,100.0,100.0,19,19,Completed,0,28,State government coordination issues; Fund release delays; Right-of-Way (RoW) issues,3,3,2026-03-10
PRJ-PG-0106,Nuclear (NPCIL) - Bihar (Korba),Ministry of Power,Power Generation,Nuclear (NPCIL),Bihar,Bellary,NHPC,1544.66,1692.91,1707.49,1692.91,475.25,446.04,140.51,2017-07-01,2023-09-28,2028-10-01,2029-01-03,2017,98.3,100.0,13,16,Under Implementation,9.6,61,Material supply chain disruption,1,1,2026-03-04
PRJ-PG-0107,"Construction of Nuclear (NPCIL) at Rourkela, Gujarat",Ministry of Power,Power Generation,Nuclear (NPCIL),Gujarat,East,DVC,4758.95,4823.72,4945.99,4823.72,0,561.39,278.34,2020-04-01,2024-09-07,2024-11-11,2025-03-09,2020,100.0,100.0,20,20,Completed,1.36,0,,0,0,2026-03-18
PRJ-PG-0108,Nuclear (NPCIL) - Jharkhand (Raichur),Ministry of Power,Power Generation,Nuclear (NPCIL),Jharkhand,Tumkur,THDC,3037.79,3061.49,3246.21,3010.6,402.97,246.87,635.29,2010-01-01,2019-07-13,2019-08-09,2019-10-07,2010,95.4,98.3,13,13,Under Implementation,0.78,0,,0,0,2026-03-20
PRJ-PG-0109,"Construction of Thermal at Siliguri, Maharashtra",Ministry of Power,Power Generation,Thermal,Maharashtra,South,SJVN,5613.37,5569.86,5772.96,5283.87,1157.25,472.2,605.66,2014-07-01,2024-04-09,2026-05-29,2026-06-19,2014,99.9,94.9,16,18,Under Implementation,-0.78,26,Change in technology specifications; Inter-departmental coordination delays; COVID-19 pandemic impact,0,2,2026-03-21
PRJ-PG-0110,"Gas-based Project in Salem, Karnataka",Ministry of Power,Power Generation,Gas-based,Karnataka,Salem,NTPC,6170.97,6225.65,6485.82,6225.65,0,398.17,529.32,2015-07-01,2024-04-14,2024-03-01,2024-02-09,2015,100.0,100.0,8,8,Completed,0.89,0,,0,0,2026-03-25
PRJ-PG-0111,Gas-based - Gujarat (Siliguri),Ministry of Power,Power Generation,Gas-based,Gujarat,Meerut,THDC,4298.19,4266.63,4258.98,4181.56,725.29,718.47,342.23,2014-07-01,2019-03-07,2020-06-29,2020-06-30,2014,99.9,98.0,18,19,Under Implementation,-0.73,16,Forest clearance pending; Rehabilitation and resettlement issues,0,3,2026-03-02
PRJ-PG-0112,Gas-based - Maharashtra (Raichur),Ministry of Power,Power Generation,Gas-based,Maharashtra,Jalgaon,NTPC,21140.37,29609.69,29903.72,29609.69,0,4140.34,2255.79,2008-04-01,2016-03-20,2016-03-01,2016-01-06,2008,100.0,100.0,11,11,Completed,40.06,0,,3,0,2026-03-05
PRJ-PG-0113,"Hydro Project in Korba, Punjab",Ministry of Power,Power Generation,Hydro,Punjab,Bijapur,DVC,3264.51,3346.54,3418.28,2886.13,749.11,457.86,206.1,2018-10-01,2027-10-14,2027-10-30,2027-12-10,2018,83.5,86.2,6,8,Under Implementation,2.51,0,,0,0,2026-03-28
PRJ-PG-0114,"Gas-based Project in Hassan, Odisha",Ministry of Power,Power Generation,Gas-based,Odisha,Jalgaon,NTPC,852.54,878.0,863.97,78.52,246.19,203.74,129.14,2023-04-01,2033-01-08,2037-05-17,2037-09-27,2023,8.2,8.9,0,15,Under Implementation,2.99,53,Contractual issues with EPC contractor; Land acquisition delays,0,2,2026-03-25
PRJ-PG-0115,"Nuclear (NPCIL) Project in Central, West Bengal",Ministry of Power,Power Generation,Nuclear (NPCIL),West Bengal,Solapur,DVC,1803.58,2347.67,2343.19,2044.82,465.09,298.52,204.73,2014-10-01,2019-08-06,2019-09-06,2019-10-05,2014,93.4,87.1,9,12,Under Implementation,30.17,0,,2,0,2026-03-30
PRJ-PG-0116,Gas-based - Uttar Pradesh (Bijapur),Ministry of Power,Power Generation,Gas-based,Uttar Pradesh,Solapur,THDC,10636.47,10507.64,10742.62,10507.64,2575.73,2143.78,2175.34,2014-10-01,2018-11-09,2018-12-06,2018-12-13,2014,97.0,100.0,16,17,Under Implementation,-1.21,0,,0,0,2026-03-09
PRJ-PG-0117,"Construction of Gas-based at Latur, Karnataka",Ministry of Power,Power Generation,Gas-based,Karnataka,Chittoor,DVC,3586.1,3605.28,3624.08,3185.24,712.47,702.02,451.5,2013-07-01,2018-09-03,2018-07-12,2018-10-03,2013,99.9,88.3,19,20,Under Implementation,0.53,0,,0,0,2026-03-12
PRJ-PG-0118,"Gas-based Project in Latur, Maharashtra",Ministry of Power,Power Generation,Gas-based,Maharashtra,Dharwad,SJVN,8523.41,8523.41,8976.84,8072.82,2311.98,1816.28,1556.76,2017-01-01,2022-12-31,2026-12-10,2026-10-06,2017,99.9,94.7,12,14,Under Implementation,0,48,Inter-departmental coordination delays; Material supply chain disruption; Contractual issues with EPC contractor,2,3,2026-03-19
PRJ-PG-0119,"Nuclear (NPCIL) Project in Nellore, West Bengal",Ministry of Power,Power Generation,Nuclear (NPCIL),West Bengal,Anand,SJVN,10432.41,10597.67,10707.27,10597.67,0,1157.9,1878.35,2010-07-01,2018-05-20,2020-03-10,2019-12-13,2010,100.0,100.0,6,6,Completed,1.58,22,Change in project scope; Slow mobilization by contractor; Geological surprises during construction,0,1,2026-03-22
PRJ-PG-0120,"Construction of Gas-based at West, Punjab",Ministry of Power,Power Generation,Gas-based,Punjab,Jharsuguda,THDC,1455.58,1654.16,1749.97,1524.46,110.79,140.56,341.63,2008-04-01,2012-07-09,2012-06-18,2012-12-15,2008,99.5,92.2,3,5,Under Implementation,13.64,0,,1,0,2026-03-19
PRJ-PG-0121,"Construction of Gas-based at Dibrugarh, West Bengal",Ministry of Power,Power Generation,Gas-based,West Bengal,Rourkela,DVC,2353.69,2400.77,2390.98,2337.28,204.7,117.35,117.89,2010-07-01,2020-05-09,2021-10-01,2021-07-17,2010,99.1,97.4,5,5,Under Implementation,2.0,17,Design changes during execution,0,1,2026-03-05
PRJ-PG-0122,Nuclear (NPCIL) - Tamil Nadu (Tirunelveli),Ministry of Power,Power Generation,Nuclear (NPCIL),Tamil Nadu,Dibrugarh,THDC,2067.12,2056.31,2108.02,2056.31,0,151.41,447.24,2015-04-01,2019-05-10,2019-04-09,2019-06-06,2015,100.0,100.0,15,15,Completed,-0.52,0,,0,0,2026-03-09
PRJ-PG-0123,"Hydro Project in Bijapur, Jharkhand",Ministry of Power,Power Generation,Hydro,Jharkhand,Salem,DVC,2501.34,2482.49,2567.8,2123.68,413.26,323.12,131.36,2011-10-01,2018-11-23,2023-05-01,2023-04-05,2011,99.9,85.5,17,17,Under Implementation,-0.75,54,Slow mobilization by contractor; Material supply chain disruption; Geological surprises during construction,0,3,2026-03-13
PRJ-PG-0124,"Construction of Gas-based at Central, Uttar Pradesh",Ministry of Power,Power Generation,Gas-based,Uttar Pradesh,Salem,NTPC,25649.62,35533.32,38322.25,29277.01,6285.21,6589.5,3805.26,2020-07-01,2028-12-16,2029-02-26,2029-07-05,2020,90.9,82.4,4,7,Under Implementation,38.53,0,,2,0,2026-03-28
PRJ-PG-0125,"Construction of Hydro at Barmer, Tamil Nadu",Ministry of Power,Power Generation,Hydro,Tamil Nadu,Durg,NTPC,19872.01,19723.83,21242.65,13711.82,3462.15,2500.52,2423.78,2022-10-01,2028-07-31,2028-06-06,2028-03-24,2022,76.6,69.5,4,5,Under Implementation,-0.75,0,,0,0,2026-03-02
PRJ-PT-0001,"Construction of HVDC at Bijapur, Kerala",Ministry of Power,Power Transmission,HVDC,Kerala,Central,PGCIL,2513.32,2499.07,2540.61,2393.14,210.07,179.95,342.37,2008-04-01,2010-10-18,2010-09-22,2010-10-13,2008,99.9,95.8,8,9,Under Implementation,-0.57,0,,0,0,2026-03-09
PRJ-PT-0002,"Substation Project in Dharwad, West Bengal",Ministry of Power,Power Transmission,Substation,West Bengal,Khammam,Power Grid Corporation,1026.36,1073.04,1118.31,1073.04,0,152.75,52.81,2023-04-01,2025-03-21,2025-06-19,2025-05-13,2023,100.0,100.0,15,15,Completed,4.55,0,,0,0,2026-03-05
PRJ-PT-0003,Grid Interconnection - Telangana (Nellore),Ministry of Power,Power Transmission,Grid Interconnection,Telangana,Jalgaon,PGCIL,740.4,769.44,762.5,769.44,107.62,106.01,156.15,2017-07-01,2022-04-06,2022-05-24,2022-04-15,2017,99.5,100.0,8,11,Under Implementation,3.92,0,,0,0,2026-03-15
PRJ-PT-0004,Transmission Line - Karnataka (Bellary),Ministry of Power,Power Transmission,Transmission Line,Karnataka,Salem,PGCIL,1963.41,2058.17,2187.49,2058.17,0,160.49,313.95,2018-04-01,2020-12-16,2020-12-24,2021-03-03,2018,100.0,100.0,10,10,Completed,4.83,0,,0,0,2026-04-01
PRJ-PT-0005,HVDC - Delhi (Khammam),Ministry of Power,Power Transmission,HVDC,Delhi,Hassan,PGCIL,1520.65,1495.4,1585.6,1495.4,247.98,342.55,247.39,2011-01-01,2012-10-22,2014-10-12,2014-08-14,2011,99.1,100.0,19,20,Under Implementation,-1.66,24,Fund release delays; Forest clearance pending,0,2,2026-03-11
PRJ-PT-0006,"Transmission Line Project in Durg, Gujarat",Ministry of Power,Power Transmission,Transmission Line,Gujarat,Durg,Power Grid Corporation,961.13,949.8,936.74,949.8,144.47,121.74,102.66,2014-07-01,2018-12-07,2019-01-09,2019-01-18,2014,99.9,100.0,14,15,Under Implementation,-1.18,0,,0,0,2026-03-03
PRJ-PT-0007,"Transmission Line Project in Bellary, Rajasthan",Ministry of Power,Power Transmission,Transmission Line,Rajasthan,Meerut,Power Grid Corporation,3384.58,3342.81,3593.75,3342.81,547.12,422.34,777.36,2017-10-01,2020-12-14,2021-02-25,2021-02-20,2017,96.7,100.0,8,11,Under Implementation,-1.23,0,,0,0,2026-03-09
PRJ-PT-0008,"Construction of Grid Interconnection at Tirunelveli, Madhya Pradesh",Ministry of Power,Power Transmission,Grid Interconnection,Madhya Pradesh,Tirunelveli,Power Grid Corporation,4713.43,4866.73,5053.91,4464.54,923.75,579.02,702.5,2024-10-01,2026-10-21,2027-01-08,2026-11-29,2024,84.1,91.7,13,16,Under Implementation,3.25,0,,0,0,2026-03-23
PRJ-PT-0009,Transmission Line - Haryana (Barmer),Ministry of Power,Power Transmission,Transmission Line,Haryana,Dibrugarh,PGCIL,3688.79,3704.27,3636.21,3704.27,0,441.69,798.97,2014-10-01,2016-06-22,2016-09-15,2017-01-25,2014,100.0,100.0,16,16,Completed,0.42,0,,0,0,2026-03-23
PRJ-PT-0010,"Substation Project in Korba, Telangana",Ministry of Power,Power Transmission,Substation,Telangana,Dibrugarh,Power Grid Corporation,840.46,881.49,925.91,773.42,206.96,216.32,190.66,2021-10-01,2025-01-13,2024-12-27,2025-02-19,2021,89.9,87.7,7,11,Under Implementation,4.88,0,,0,0,2026-03-10
PRJ-PT-0011,"Construction of Substation at Hassan, Gujarat",Ministry of Power,Power Transmission,Substation,Gujarat,Burdwan,PGCIL,1793.15,1812.92,1819.97,923.78,336.39,207.85,222.0,2023-07-01,2028-06-04,2028-07-02,2028-05-28,2023,59.0,51.0,3,8,Under Implementation,1.1,0,,0,0,2026-03-29
PRJ-PT-0012,Substation - Mizoram (Raichur),Ministry of Power,Power Transmission,Substation,Mizoram,South,PGCIL,944.51,982.72,966.06,962.92,196.28,116.79,191.96,2019-01-01,2020-08-23,2022-02-14,2022-05-17,2019,97.5,98.0,11,12,Under Implementation,4.05,18,Forest clearance pending; Court stay orders,0,2,2026-03-03
PRJ-PT-0013,Grid Interconnection - Uttar Pradesh (South),Ministry of Power,Power Transmission,Grid Interconnection,Uttar Pradesh,Central,Power Grid Corporation,413.99,431.92,434.03,431.92,55.68,47.81,76.72,2019-10-01,2022-12-14,2023-02-20,2023-01-22,2019,99.9,100.0,3,5,Under Implementation,4.33,0,,0,0,2026-03-22
PRJ-PT-0014,"Grid Interconnection Project in Khammam, Andhra Pradesh",Ministry of Power,Power Transmission,Grid Interconnection,Andhra Pradesh,Rourkela,Power Grid Corporation,1322.92,1363.29,1382.74,1363.29,188.62,77.31,165.87,2019-04-01,2020-09-22,2020-09-01,2020-06-23,2019,99.9,100.0,5,5,Under Implementation,3.05,0,,0,0,2026-03-05
PRJ-PT-0015,"HVDC Project in Solapur, Karnataka",Ministry of Power,Power Transmission,HVDC,Karnataka,Meerut,PGCIL,841.45,849.94,836.87,731.91,110.35,90.96,28.73,2013-07-01,2016-08-14,2016-09-17,2017-02-21,2013,95.4,86.1,12,15,Under Implementation,1.01,0,,0,0,2026-03-24
PRJ-PT-0016,Substation - Maharashtra (Jalgaon),Ministry of Power,Power Transmission,Substation,Maharashtra,Burdwan,Power Grid Corporation,1130.52,1133.91,1204.12,1133.91,128.04,126.79,137.69,2022-10-01,2025-12-14,2025-11-13,2025-10-11,2022,99.9,100.0,16,16,Under Implementation,0.3,0,,0,0,2026-03-07
PRJ-PT-0017,"Transmission Line Project in Korba, West Bengal",Ministry of Power,Power Transmission,Transmission Line,West Bengal,Raigad,PGCIL,3092.3,3239.84,3330.18,2967.08,377.48,164.31,538.12,2018-10-01,2020-09-20,2020-09-19,2020-12-24,2018,99.9,91.6,14,16,Under Implementation,4.77,0,,0,0,2026-03-22
PRJ-PT-0018,"Construction of Transmission Line at Tirunelveli, Mizoram",Ministry of Power,Power Transmission,Transmission Line,Mizoram,Bokaro,Power Grid Corporation,1934.24,2016.12,2003.82,2016.12,507.54,233.21,103.99,2017-07-01,2019-07-21,2019-09-03,2020-02-17,2017,99.9,100.0,17,18,Under Implementation,4.23,0,,0,0,2026-03-04
PRJ-PT-0019,"Substation Project in Meerut, Kerala",Ministry of Power,Power Transmission,Substation,Kerala,Guntur,Power Grid Corporation,983.14,1012.61,1088.88,896.55,227.41,156.49,60.4,2021-10-01,2023-04-24,2025-07-12,2025-05-08,2021,97.9,88.5,9,11,Under Implementation,3.0,27,Utility shifting delays; State government coordination issues,0,3,2026-03-22
PRJ-PT-0020,"Transmission Line Project in Durg, Mizoram",Ministry of Power,Power Transmission,Transmission Line,Mizoram,Guntur,PGCIL,694.89,853.34,879.89,798.86,138.32,114.24,44.54,2017-01-01,2021-11-06,2021-10-19,2022-02-17,2017,91.6,93.6,13,16,Under Implementation,22.8,0,,2,0,2026-03-13
PRJ-PT-0021,"Transmission Line Project in Korba, Uttar Pradesh",Ministry of Power,Power Transmission,Transmission Line,Uttar Pradesh,East,PGCIL,508.12,605.59,643.13,29.73,0.07,2.38,84.08,2024-01-01,2028-05-09,2028-03-21,2027-12-28,2024,5.7,4.9,0,12,Stalled,19.18,0,,1,0,2026-03-06
PRJ-PT-0022,Substation - Assam (Dharwad),Ministry of Power,Power Transmission,Substation,Assam,Barmer,Power Grid Corporation,341.05,440.96,440.12,440.96,0,65.5,56.43,2021-10-01,2024-05-18,2024-08-11,2024-11-21,2021,100.0,100.0,12,12,Completed,29.29,0,,3,0,2026-03-21
PRJ-PT-0023,"Transmission Line Project in South, Jharkhand",Ministry of Power,Power Transmission,Transmission Line,Jharkhand,Meerut,PGCIL,768.0,762.92,760.94,762.92,69.3,117.97,125.96,2022-10-01,2025-11-14,2026-05-13,2026-03-18,2022,99.9,100.0,7,10,Under Implementation,-0.66,6,Material supply chain disruption; Inter-departmental coordination delays,0,1,2026-03-14
PRJ-PT-0024,"Construction of Substation at Bijapur, Ladakh",Ministry of Power,Power Transmission,Substation,Ladakh,West,PGCIL,384.6,382.51,387.13,121.72,69.63,69.9,28.0,2024-07-01,2029-03-07,2029-04-30,2029-09-26,2024,35.2,31.8,0,7,Under Implementation,-0.54,0,,0,0,2026-03-07
PRJ-PT-0025,"Substation Project in Salem, Madhya Pradesh",Ministry of Power,Power Transmission,Substation,Madhya Pradesh,Guntur,PGCIL,2472.24,2485.2,2668.02,2485.2,0,370.06,584.89,2012-04-01,2016-03-11,2016-03-25,2016-04-29,2012,100.0,100.0,16,16,Completed,0.52,0,,0,0,2026-04-01
PRJ-PT-0026,"HVDC Project in Satna, Tamil Nadu",Ministry of Power,Power Transmission,HVDC,Tamil Nadu,Rourkela,PGCIL,1467.34,1450.05,1546.89,1450.05,255.86,389.78,240.29,2014-07-01,2017-09-13,2018-10-08,2018-09-22,2014,99.9,100.0,9,11,Under Implementation,-1.18,13,Right-of-Way (RoW) issues; Forest clearance pending; COVID-19 pandemic impact,0,3,2026-03-14
PRJ-PT-0027,"Construction of HVDC at Karnal, Uttarakhand",Ministry of Power,Power Transmission,HVDC,Uttarakhand,Tumkur,Power Grid Corporation,1746.27,1742.57,1825.35,1742.57,184.87,133.5,95.35,2021-07-01,2025-09-08,2025-10-08,2025-10-25,2021,98.7,100.0,7,7,Under Implementation,-0.21,1,Court stay orders; COVID-19 pandemic impact,0,3,2026-03-08
PRJ-PT-0028,"Grid Interconnection Project in Solapur, Karnataka",Ministry of Power,Power Transmission,Grid Interconnection,Karnataka,Bellary,Power Grid Corporation,1044.77,1124.3,1173.05,1047.58,236.68,206.23,231.43,2014-04-01,2018-02-09,2018-02-04,2018-02-18,2014,91.8,93.2,16,17,Under Implementation,7.61,0,,1,0,2026-03-25
PRJ-PT-0029,"Transmission Line Project in South, Mizoram",Ministry of Power,Power Transmission,Transmission Line,Mizoram,Tumkur,Power Grid Corporation,5193.7,5870.84,5836.66,5870.84,0,714.04,907.76,2010-10-01,2013-01-18,2013-03-12,2013-06-07,2010,100.0,100.0,13,13,Completed,13.04,0,,4,0,2026-03-19
PRJ-PT-0030,"Substation Project in West, West Bengal",Ministry of Power,Power Transmission,Substation,West Bengal,South,Power Grid Corporation,630.93,619.11,636.06,619.11,0,89.15,108.45,2022-01-01,2023-06-25,2023-08-24,2023-09-03,2022,100.0,100.0,14,14,Completed,-1.87,2,Change in technology specifications,0,2,2026-03-24
PRJ-PT-0031,"Construction of Transmission Line at Bokaro, Tamil Nadu",Ministry of Power,Power Transmission,Transmission Line,Tamil Nadu,Siliguri,Power Grid Corporation,635.59,665.06,663.02,265.2,114.92,87.44,153.84,2024-04-01,2027-10-13,2028-10-07,2029-01-03,2024,35.7,39.9,5,12,Under Implementation,4.64,12,Adverse weather conditions; COVID-19 pandemic impact,0,3,2026-03-16
PRJ-PT-0032,"Grid Interconnection Project in Tirunelveli, Telangana",Ministry of Power,Power Transmission,Grid Interconnection,Telangana,Jalgaon,PGCIL,427.52,497.08,504.71,388.19,71.96,48.26,49.57,2023-04-01,2025-03-21,2027-09-07,2028-02-20,2023,74.4,78.1,3,8,Under Implementation,16.27,30,Rehabilitation and resettlement issues,1,1,2026-03-12
PRJ-PT-0033,"Construction of HVDC at Korba, Madhya Pradesh",Ministry of Power,Power Transmission,HVDC,Madhya Pradesh,Karnal,PGCIL,817.13,819.51,856.81,819.51,0,44.42,110.63,2010-01-01,2013-07-14,2013-07-20,2013-06-01,2010,100.0,100.0,10,10,Completed,0.29,0,,0,0,2026-03-02
PRJ-PT-0034,"Construction of Substation at West, Maharashtra",Ministry of Power,Power Transmission,Substation,Maharashtra,Barmer,Power Grid Corporation,1972.92,2041.96,2174.18,1816.32,338.9,164.5,410.18,2016-01-01,2020-03-10,2020-05-03,2020-02-05,2016,97.5,88.9,13,13,Under Implementation,3.5,0,,0,0,2026-03-08
PRJ-PT-0035,Grid Interconnection - Andhra Pradesh (Korba),Ministry of Power,Power Transmission,Grid Interconnection,Andhra Pradesh,Barmer,PGCIL,8395.92,8395.92,8854.0,8395.92,0,986.31,894.97,2010-07-01,2013-11-12,2013-10-31,2014-04-24,2010,100.0,100.0,20,20,Completed,0,0,,2,0,2026-03-18
PRJ-PT-0036,"Construction of HVDC at Central, Rajasthan",Ministry of Power,Power Transmission,HVDC,Rajasthan,Tirunelveli,PGCIL,216.01,218.13,220.7,207.91,43.0,34.0,50.37,2013-01-01,2014-08-24,2015-08-19,2015-07-26,2013,93.5,95.3,17,18,Under Implementation,0.98,12,State government coordination issues; Land acquisition delays,0,1,2026-03-22
PRJ-PT-0037,"Construction of HVDC at West, Bihar",Ministry of Power,Power Transmission,HVDC,Bihar,Central,Power Grid Corporation,1561.17,1664.52,1789.93,1523.63,139.31,130.82,137.35,2019-10-01,2021-12-19,2021-10-29,2022-04-01,2019,99.9,91.5,2,5,Under Implementation,6.62,0,,3,0,2026-03-14
PRJ-PT-0038,"HVDC Project in Rourkela, Gujarat",Ministry of Power,Power Transmission,HVDC,Gujarat,Siliguri,PGCIL,2661.89,2726.35,2836.25,2726.35,0,170.68,462.99,2013-10-01,2018-05-08,2018-07-01,2018-05-13,2013,100.0,100.0,17,17,Completed,2.42,0,,0,0,2026-03-27
PRJ-PT-0039,Transmission Line - Rajasthan (Khammam),Ministry of Power,Power Transmission,Transmission Line,Rajasthan,Nellore,Power Grid Corporation,1946.64,2004.0,2109.63,350.69,174.05,234.24,293.21,2024-10-01,2029-07-07,2029-10-05,2030-01-26,2024,19.9,17.5,1,18,Under Implementation,2.95,0,,0,0,2026-03-16
PRJ-PT-0040,"Construction of Substation at Hassan, Gujarat",Ministry of Power,Power Transmission,Substation,Gujarat,Barmer,Power Grid Corporation,357.28,357.28,377.59,357.28,52.97,40.78,52.12,2013-01-01,2016-10-12,2017-06-09,2017-09-01,2013,94.4,100.0,10,12,Under Implementation,0,8,Right-of-Way (RoW) issues; Change in project scope; Inter-departmental coordination delays,1,3,2026-03-11
PRJ-PT-0041,Grid Interconnection - Uttarakhand (Chittoor),Ministry of Power,Power Transmission,Grid Interconnection,Uttarakhand,Raichur,Power Grid Corporation,559.22,559.22,567.18,559.22,56.4,76.47,58.74,2011-10-01,2015-04-13,2015-05-20,2015-10-14,2011,99.9,100.0,17,20,Under Implementation,0,0,,1,0,2026-03-18
PRJ-PT-0042,"Construction of Substation at Dharwad, Telangana",Ministry of Power,Power Transmission,Substation,Telangana,Salem,Power Grid Corporation,848.07,886.59,928.07,555.55,99.78,73.57,155.36,2024-10-01,2026-11-20,2027-02-18,2027-05-16,2024,72.6,62.7,2,6,Under Implementation,4.54,0,,0,0,2026-03-24
PRJ-PT-0043,Substation - Chhattisgarh (Latur),Ministry of Power,Power Transmission,Substation,Chhattisgarh,Dibrugarh,Power Grid Corporation,343.68,360.4,365.1,360.4,0,42.96,31.35,2013-07-01,2016-02-16,2016-02-19,2016-01-24,2013,100.0,100.0,17,17,Completed,4.86,0,,0,0,2026-03-09
PRJ-PT-0044,"Construction of Substation at Chittoor, Karnataka",Ministry of Power,Power Transmission,Substation,Karnataka,Raichur,PGCIL,1189.58,1167.99,1157.26,1167.99,0,85.15,244.47,2018-04-01,2022-03-11,2023-05-05,2023-10-22,2018,100.0,100.0,5,5,Completed,-1.81,14,Forest clearance pending,0,2,2026-03-31
PRJ-PT-0045,"Construction of Grid Interconnection at Raigad, Goa",Ministry of Power,Power Transmission,Grid Interconnection,Goa,Raichur,Power Grid Corporation,1558.99,1538.99,1618.78,1506.44,262.02,192.74,80.17,2022-01-01,2026-06-09,2026-04-13,2026-05-06,2022,89.4,97.9,9,10,Under Implementation,-1.28,0,,0,0,2026-03-11
PRJ-PT-0046,Grid Interconnection - West Bengal (Nellore),Ministry of Power,Power Transmission,Grid Interconnection,West Bengal,Tumkur,Power Grid Corporation,1170.46,1235.04,1236.5,429.12,257.38,159.36,255.32,2024-07-01,2028-12-07,2028-12-09,2029-04-01,2024,40.3,34.7,4,14,Under Implementation,5.52,0,,2,0,2026-03-02
PRJ-PT-0047,Substation - Uttar Pradesh (Solapur),Ministry of Power,Power Transmission,Substation,Uttar Pradesh,Korba,PGCIL,702.58,718.03,718.94,718.03,91.82,118.28,125.64,2009-01-01,2010-07-25,2010-06-17,2010-11-02,2009,93.4,100.0,15,19,Under Implementation,2.2,0,,0,0,2026-03-08
PRJ-PT-0048,"Construction of Transmission Line at Korba, Telangana",Ministry of Power,Power Transmission,Transmission Line,Telangana,Raigad,PGCIL,2371.44,2409.0,2554.65,2127.38,696.95,304.18,383.08,2017-07-01,2019-03-23,2019-10-19,2020-03-29,2017,96.8,88.3,6,7,Under Implementation,1.58,7,COVID-19 pandemic impact,0,3,2026-03-23
PRJ-PT-0049,Substation - Nagaland (Satna),Ministry of Power,Power Transmission,Substation,Nagaland,Nellore,Power Grid Corporation,1228.89,1228.89,1324.37,786.25,203.05,170.98,178.95,2023-10-01,2028-02-07,2028-02-13,2028-04-09,2023,73.7,64.0,7,10,Under Implementation,0,0,,1,0,2026-03-29
PRJ-PT-0050,"Construction of HVDC at Dharwad, Andhra Pradesh",Ministry of Power,Power Transmission,HVDC,Andhra Pradesh,Karnal,PGCIL,1971.56,2043.03,2083.55,1665.99,566.52,227.31,458.68,2021-10-01,2024-06-17,2026-10-05,2027-03-06,2021,89.8,81.5,11,12,Under Implementation,3.62,28,Law and order issues,1,3,2026-03-02
PRJ-PT-0051,"Grid Interconnection Project in West, Chhattisgarh",Ministry of Power,Power Transmission,Grid Interconnection,Chhattisgarh,South,PGCIL,3152.26,3149.7,3378.45,1063.32,13.69,47.35,755.95,2015-04-01,2019-01-10,2020-06-03,2020-09-21,2015,33.6,33.8,1,8,Stalled,-0.08,17,Design changes during execution; State government coordination issues; Geological surprises during construction,0,3,2026-03-21
PRJ-PT-0052,"Substation Project in East, Uttar Pradesh",Ministry of Power,Power Transmission,Substation,Uttar Pradesh,Bellary,PGCIL,533.43,559.04,584.63,524.21,86.23,66.58,18.88,2023-10-01,2026-04-18,2026-06-17,2026-04-03,2023,99.9,93.8,12,15,Under Implementation,4.8,2,Adverse weather conditions; Rehabilitation and resettlement issues,0,2,2026-03-13
PRJ-PT-0053,HVDC - Haryana (Bellary),Ministry of Power,Power Transmission,HVDC,Haryana,Salem,PGCIL,885.05,924.04,961.03,924.04,0,88.27,91.49,2013-07-01,2017-04-11,2017-11-07,2018-01-02,2013,100.0,100.0,12,12,Completed,4.41,7,Fund release delays; Adverse weather conditions,0,2,2026-03-14
PRJ-PT-0054,"Grid Interconnection Project in West, Uttarakhand",Ministry of Power,Power Transmission,Grid Interconnection,Uttarakhand,Tirunelveli,Power Grid Corporation,3480.26,3507.43,3482.84,3507.43,0,509.51,155.51,2014-07-01,2017-08-14,2019-05-06,2019-06-27,2014,100.0,100.0,13,13,Completed,0.78,21,Adverse weather conditions; Right-of-Way (RoW) issues,4,1,2026-03-11
PRJ-PT-0055,Substation - Kerala (West),Ministry of Power,Power Transmission,Substation,Kerala,Durg,Power Grid Corporation,627.3,627.9,657.23,500.6,122.37,93.59,51.79,2021-07-01,2026-05-06,2026-05-16,2026-08-09,2021,83.9,79.7,6,6,Under Implementation,0.1,0,,0,0,2026-03-05
PRJ-PT-0056,"Construction of Grid Interconnection at Nellore, Tamil Nadu",Ministry of Power,Power Transmission,Grid Interconnection,Tamil Nadu,Chittoor,Power Grid Corporation,1001.24,1045.09,1111.02,1045.09,0,68.16,217.33,2015-01-01,2016-11-21,2016-12-03,2017-02-07,2015,100.0,100.0,13,13,Completed,4.38,0,,0,0,2026-03-31
PRJ-PT-0057,Transmission Line - Maharashtra (Siliguri),Ministry of Power,Power Transmission,Transmission Line,Maharashtra,Dibrugarh,PGCIL,1568.68,1541.73,1573.41,1541.73,0,117.0,248.59,2012-10-01,2014-10-21,2015-08-17,2015-07-10,2012,100.0,100.0,9,9,Completed,-1.72,10,Court stay orders,0,3,2026-03-05
PRJ-PT-0058,"Construction of Transmission Line at Warangal, Maharashtra",Ministry of Power,Power Transmission,Transmission Line,Maharashtra,Solapur,PGCIL,225.72,225.72,233.08,225.72,0,22.17,56.21,2015-04-01,2016-11-21,2016-11-27,2017-04-21,2015,100.0,100.0,12,12,Completed,0,0,,4,0,2026-03-03
PRJ-PT-0059,"Construction of Transmission Line at Tirunelveli, Gujarat",Ministry of Power,Power Transmission,Transmission Line,Gujarat,Tumkur,PGCIL,1114.81,1124.42,1146.32,456.56,181.97,74.82,155.6,2024-10-01,2028-01-14,2028-06-12,2028-03-25,2024,38.1,40.6,5,15,Under Implementation,0.86,5,Labour shortage,0,3,2026-03-28
PRJ-PT-0060,"Substation Project in Korba, Delhi",Ministry of Power,Power Transmission,Substation,Delhi,Dibrugarh,Power Grid Corporation,2269.41,2237.22,2248.11,2237.22,529.53,459.79,240.56,2013-04-01,2017-02-09,2017-05-01,2017-08-22,2013,99.9,100.0,12,13,Under Implementation,-1.42,0,,0,0,2026-03-07
PRJ-PT-0061,"Substation Project in South, Madhya Pradesh",Ministry of Power,Power Transmission,Substation,Madhya Pradesh,Durg,Power Grid Corporation,1223.88,1572.81,1601.25,1410.01,253.06,285.3,111.97,2013-04-01,2014-09-23,2014-12-20,2014-11-09,2013,88.2,89.6,9,10,Under Implementation,28.51,0,,2,0,2026-03-03
PRJ-PT-0062,"Construction of Transmission Line at Barmer, Karnataka",Ministry of Power,Power Transmission,Transmission Line,Karnataka,Bellary,PGCIL,2746.59,2801.14,2803.28,2801.14,718.48,531.7,475.99,2017-01-01,2020-01-16,2020-10-12,2020-12-13,2017,95.9,100.0,15,18,Under Implementation,1.99,9,Forest clearance pending; Rehabilitation and resettlement issues,0,1,2026-03-29
PRJ-PT-0063,Grid Interconnection - Haryana (Bellary),Ministry of Power,Power Transmission,Grid Interconnection,Haryana,Raigad,PGCIL,1212.15,1203.12,1195.31,1203.12,0,154.42,149.16,2014-10-01,2017-07-17,2018-08-11,2018-11-06,2014,100.0,100.0,8,8,Completed,-0.74,13,Change in technology specifications; Equipment delivery delays,0,1,2026-03-28
PRJ-PT-0064,"Grid Interconnection Project in Bijapur, Delhi",Ministry of Power,Power Transmission,Grid Interconnection,Delhi,Barmer,Power Grid Corporation,508.52,502.36,497.38,441.37,109.27,60.77,123.09,2008-01-01,2012-04-09,2012-07-03,2012-04-04,2008,99.9,87.9,11,14,Under Implementation,-1.21,0,,0,0,2026-03-27
PRJ-PT-0065,HVDC - Karnataka (Dharwad),Ministry of Power,Power Transmission,HVDC,Karnataka,Anand,PGCIL,1116.57,1165.1,1221.81,1028.58,292.72,167.82,114.82,2010-10-01,2012-08-21,2012-07-12,2012-06-28,2010,99.9,88.3,2,5,Under Implementation,4.35,0,,0,0,2026-03-27
PRJ-PT-0066,HVDC - Maharashtra (Anand),Ministry of Power,Power Transmission,HVDC,Maharashtra,West,Power Grid Corporation,545.89,560.2,600.03,511.23,155.02,130.6,50.52,2023-10-01,2027-07-12,2027-05-26,2027-07-11,2023,88.8,91.3,16,19,Under Implementation,2.62,0,,0,0,2026-03-09
PRJ-PT-0067,Substation - Maharashtra (Solapur),Ministry of Power,Power Transmission,Substation,Maharashtra,Anand,Power Grid Corporation,1984.11,2036.25,2129.4,1997.07,398.96,250.4,434.68,2023-04-01,2027-01-10,2027-03-08,2026-12-18,2023,99.9,98.1,13,16,Under Implementation,2.63,0,,0,0,2026-03-26
PRJ-PT-0068,"Grid Interconnection Project in Meerut, Andhra Pradesh",Ministry of Power,Power Transmission,Grid Interconnection,Andhra Pradesh,Siliguri,Power Grid Corporation,4664.67,4910.46,5263.5,3689.23,977.91,971.61,622.43,2023-07-01,2027-01-11,2027-01-20,2027-04-03,2023,88.1,75.1,15,16,Under Implementation,5.27,0,,2,0,2026-03-12
PRJ-PT-0069,"Construction of Grid Interconnection at Raigad, Assam",Ministry of Power,Power Transmission,Grid Interconnection,Assam,Burdwan,Power Grid Corporation,486.63,477.7,475.94,477.7,0,45.47,51.76,2017-10-01,2019-04-24,2019-05-30,2019-09-22,2017,100.0,100.0,18,18,Completed,-1.84,0,,0,0,2026-03-02
PRJ-PT-0070,"Grid Interconnection Project in Hassan, Andhra Pradesh",Ministry of Power,Power Transmission,Grid Interconnection,Andhra Pradesh,Satna,Power Grid Corporation,2495.75,2448.55,2548.26,2448.55,580.11,411.28,444.3,2023-04-01,2025-07-19,2026-11-11,2027-04-19,2023,99.9,100.0,9,9,Under Implementation,-1.89,16,Environmental clearance pending; Fund release delays; Change in technology specifications,0,3,2026-03-16
PRJ-PT-0071,HVDC - Himachal Pradesh (Jharsuguda),Ministry of Power,Power Transmission,HVDC,Himachal Pradesh,Raigad,Power Grid Corporation,432.97,434.48,434.05,434.48,67.3,59.69,32.27,2017-10-01,2021-10-10,2021-10-08,2022-03-16,2017,93.3,100.0,12,12,Under Implementation,0.35,0,,0,0,2026-03-06
PRJ-PT-0072,"Transmission Line Project in Chittoor, Maharashtra",Ministry of Power,Power Transmission,Transmission Line,Maharashtra,Bellary,Power Grid Corporation,6925.95,6804.73,7152.56,6804.73,932.72,1123.2,703.88,2020-01-01,2023-01-15,2023-03-27,2023-06-20,2020,99.9,100.0,7,10,Under Implementation,-1.75,0,,0,0,2026-04-01
PRJ-PT-0073,Transmission Line - Maharashtra (Raigad),Ministry of Power,Power Transmission,Transmission Line,Maharashtra,Khammam,Power Grid Corporation,10226.93,10708.03,10658.36,10708.03,0,1375.59,1211.38,2019-04-01,2021-12-16,2022-02-02,2022-07-04,2019,100.0,100.0,12,12,Completed,4.7,0,,0,0,2026-03-07
PRJ-PT-0074,"Construction of Grid Interconnection at Hassan, Telangana",Ministry of Power,Power Transmission,Grid Interconnection,Telangana,Meerut,Power Grid Corporation,481.28,511.75,521.24,431.41,105.54,99.89,58.07,2022-10-01,2027-03-09,2028-03-03,2028-07-28,2022,83.9,84.3,13,19,Under Implementation,6.33,12,Inter-departmental coordination delays,2,2,2026-03-10
PRJ-PT-0075,"Substation Project in Rourkela, Odisha",Ministry of Power,Power Transmission,Substation,Odisha,Warangal,PGCIL,658.13,668.88,692.54,668.88,0,85.92,66.51,2014-07-01,2016-07-20,2016-10-03,2017-01-01,2014,100.0,100.0,7,7,Completed,1.63,0,,0,0,2026-03-11
PRJ-PT-0076,"Construction of Transmission Line at North, Karnataka",Ministry of Power,Power Transmission,Transmission Line,Karnataka,Burdwan,PGCIL,854.42,892.75,887.15,892.75,182.99,80.0,127.48,2014-10-01,2016-11-19,2017-02-06,2017-06-15,2014,97.5,100.0,13,13,Under Implementation,4.49,0,,0,0,2026-03-19
PRJ-PT-0077,"Construction of HVDC at South, West Bengal",Ministry of Power,Power Transmission,HVDC,West Bengal,Bellary,Power Grid Corporation,2109.84,2104.72,2200.41,1762.62,295.8,209.1,177.16,2014-04-01,2019-02-04,2019-04-03,2019-05-05,2014,93.5,83.7,18,20,Under Implementation,-0.24,0,,0,0,2026-03-10
PRJ-PT-0078,HVDC - Himachal Pradesh (Barmer),Ministry of Power,Power Transmission,HVDC,Himachal Pradesh,Tumkur,Power Grid Corporation,528.86,531.49,543.97,531.49,0,50.22,96.57,2012-01-01,2014-02-19,2014-01-26,2013-11-09,2012,100.0,100.0,17,17,Completed,0.5,0,,0,0,2026-03-17
PRJ-PT-0079,"HVDC Project in Durg, Rajasthan",Ministry of Power,Power Transmission,HVDC,Rajasthan,West,PGCIL,4501.29,4529.36,4796.12,4351.99,630.7,819.32,879.98,2013-07-01,2016-10-13,2016-09-07,2016-09-23,2013,99.9,96.1,14,16,Under Implementation,0.62,0,,0,0,2026-04-01
PRJ-PT-0080,"HVDC Project in Central, Karnataka",Ministry of Power,Power Transmission,HVDC,Karnataka,Jharsuguda,Power Grid Corporation,1074.18,1063.49,1051.5,943.33,239.06,103.45,230.55,2015-04-01,2018-07-14,2018-06-09,2018-05-11,2015,97.6,88.7,16,19,Under Implementation,-1.0,0,,0,0,2026-03-18
PRJ-PT-0081,"Transmission Line Project in Burdwan, Madhya Pradesh",Ministry of Power,Power Transmission,Transmission Line,Madhya Pradesh,South,PGCIL,3948.49,4218.97,4213.52,4159.6,501.62,727.53,873.62,2013-10-01,2015-07-23,2015-08-29,2015-11-25,2013,99.9,98.6,9,9,Under Implementation,6.85,0,,3,0,2026-03-30
PRJ-PT-0082,Substation - Kerala (Raichur),Ministry of Power,Power Transmission,Substation,Kerala,Satna,Power Grid Corporation,501.37,526.28,561.42,500.26,73.41,91.57,70.97,2015-04-01,2018-04-15,2018-02-21,2017-12-04,2015,99.9,95.1,5,8,Under Implementation,4.97,0,,0,0,2026-03-17
PRJ-PT-0083,Transmission Line - Himachal Pradesh (Khammam),Ministry of Power,Power Transmission,Transmission Line,Himachal Pradesh,Guntur,PGCIL,1115.15,1133.95,1219.1,1133.95,149.02,266.73,88.13,2009-10-01,2012-05-18,2014-01-08,2013-12-17,2009,94.4,100.0,6,8,Under Implementation,1.69,20,Right-of-Way (RoW) issues; Inter-departmental coordination delays,0,2,2026-03-29
PRJ-PT-0084,Transmission Line - Tamil Nadu (Solapur),Ministry of Power,Power Transmission,Transmission Line,Tamil Nadu,Rourkela,Power Grid Corporation,1753.61,1972.63,1948.97,1972.63,0,199.17,337.02,2020-04-01,2023-03-17,2024-12-06,2025-02-19,2020,100.0,100.0,20,20,Completed,12.49,21,COVID-19 pandemic impact; Law and order issues,2,2,2026-03-27
PRJ-PT-0085,HVDC - Tamil Nadu (Latur),Ministry of Power,Power Transmission,HVDC,Tamil Nadu,Satna,PGCIL,792.12,859.72,876.1,859.72,0,92.9,116.42,2010-01-01,2013-04-15,2013-06-21,2013-07-29,2010,100.0,100.0,18,18,Completed,8.53,0,,3,0,2026-03-09
PRJ-PT-0086,"Construction of Substation at Karnal, Telangana",Ministry of Power,Power Transmission,Substation,Telangana,Tirunelveli,Power Grid Corporation,1621.44,1704.3,1761.85,1609.62,253.7,234.09,267.96,2018-07-01,2020-01-22,2020-04-15,2020-05-17,2018,99.7,94.4,5,8,Under Implementation,5.11,0,,3,0,2026-03-27
PRJ-PT-0087,Substation - Andhra Pradesh (Korba),Ministry of Power,Power Transmission,Substation,Andhra Pradesh,Salem,Power Grid Corporation,720.1,806.08,820.28,679.51,189.7,156.88,169.57,2018-04-01,2022-03-11,2022-04-10,2022-07-07,2018,90.7,84.3,3,5,Under Implementation,11.94,1,Right-of-Way (RoW) issues,3,3,2026-03-22
PRJ-PT-0088,"Transmission Line Project in Warangal, Uttar Pradesh",Ministry of Power,Power Transmission,Transmission Line,Uttar Pradesh,Anand,PGCIL,259.54,260.98,261.09,260.98,0,15.53,38.13,2024-07-01,2026-02-21,2026-02-21,2026-07-26,2024,100.0,100.0,18,18,Completed,0.55,0,,0,1,2026-03-11
PRJ-PT-0089,"Construction of Transmission Line at Jharsuguda, Uttar Pradesh",Ministry of Power,Power Transmission,Transmission Line,Uttar Pradesh,Bijapur,PGCIL,1663.88,1653.48,1692.04,1653.48,145.65,115.28,56.89,2016-01-01,2018-10-17,2020-05-09,2020-05-15,2016,99.9,100.0,6,6,Under Implementation,-0.63,19,Labour shortage,0,3,2026-03-20
PRJ-PT-0090,Grid Interconnection - Bihar (Tumkur),Ministry of Power,Power Transmission,Grid Interconnection,Bihar,East,Power Grid Corporation,1052.29,1046.81,1090.36,1046.81,0,85.88,184.09,2021-07-01,2024-02-16,2024-04-13,2024-03-01,2021,100.0,100.0,10,10,Completed,-0.52,0,,0,0,2026-03-11
PRJ-PT-0091,Grid Interconnection - Rajasthan (Latur),Ministry of Power,Power Transmission,Grid Interconnection,Rajasthan,Bellary,PGCIL,1864.7,1843.73,1849.45,1837.54,268.03,388.93,176.16,2015-04-01,2018-08-13,2018-06-26,2018-12-19,2015,99.9,99.7,19,20,Under Implementation,-1.12,0,,0,0,2026-03-24
PRJ-PT-0092,"HVDC Project in Siliguri, Gujarat",Ministry of Power,Power Transmission,HVDC,Gujarat,Tumkur,Power Grid Corporation,767.56,776.44,822.44,776.44,0,74.8,61.47,2017-10-01,2020-01-19,2019-11-20,2020-05-06,2017,100.0,100.0,18,18,Completed,1.16,0,,0,0,2026-03-09
PRJ-PT-0093,"Grid Interconnection Project in Bokaro, Uttar Pradesh",Ministry of Power,Power Transmission,Grid Interconnection,Uttar Pradesh,Bijapur,Power Grid Corporation,928.74,931.98,929.2,867.78,115.87,82.19,170.91,2009-01-01,2012-05-15,2012-05-15,2012-07-25,2009,99.9,93.1,10,11,Under Implementation,0.35,0,,0,1,2026-03-15
PRJ-PT-0094,"Substation Project in Karnal, Kerala",Ministry of Power,Power Transmission,Substation,Kerala,Dharwad,PGCIL,2284.22,2266.75,2314.52,2046.87,261.42,207.86,512.99,2011-07-01,2013-09-18,2014-08-14,2014-12-17,2011,99.7,90.3,11,13,Under Implementation,-0.76,11,Geological surprises during construction; Labour shortage; Forest clearance pending,0,2,2026-03-10
PRJ-PT-0095,"Substation Project in Latur, Maharashtra",Ministry of Power,Power Transmission,Substation,Maharashtra,Khammam,Power Grid Corporation,482.53,476.55,469.04,446.21,30.41,30.9,93.21,2020-07-01,2022-08-20,2022-07-09,2022-05-18,2020,93.9,93.6,7,9,Under Implementation,-1.24,0,,0,0,2026-03-14
PRJ-PT-0096,"Construction of Substation at Khammam, Gujarat",Ministry of Power,Power Transmission,Substation,Gujarat,Hassan,Power Grid Corporation,2434.66,2505.76,2629.86,2349.84,675.26,379.52,339.54,2011-04-01,2013-07-19,2013-12-16,2014-01-17,2011,99.9,93.8,14,15,Under Implementation,2.92,5,Equipment delivery delays; Land acquisition delays; Contractual issues with EPC contractor,0,1,2026-03-25
PRJ-PT-0097,Substation - Uttar Pradesh (Satna),Ministry of Power,Power Transmission,Substation,Uttar Pradesh,East,Power Grid Corporation,620.37,613.84,602.45,613.84,161.11,122.38,62.44,2011-10-01,2015-12-09,2016-01-02,2016-05-28,2011,99.9,100.0,7,9,Under Implementation,-1.05,0,,0,0,2026-03-10
PRJ-PT-0098,"Construction of Grid Interconnection at Meerut, Telangana",Ministry of Power,Power Transmission,Grid Interconnection,Telangana,Dibrugarh,Power Grid Corporation,2138.31,2334.18,2490.71,2334.18,0,123.58,419.24,2012-01-01,2016-02-09,2016-03-01,2016-03-04,2012,100.0,100.0,8,8,Completed,9.16,0,,1,0,2026-03-16
PRJ-RE-0001,Green Hydrogen - Punjab (Bellary),Ministry of New & Renewable Energy,Renewable Energy,Green Hydrogen,Punjab,South,State RE Agencies,350.43,350.43,351.27,309.39,24.7,33.45,44.91,2010-01-01,2012-02-20,2012-02-25,2012-07-21,2010,95.1,88.3,9,9,Under Implementation,0,0,,4,0,2026-03-28
PRJ-RE-0002,"Solar Park Project in Korba, Sikkim",Ministry of New & Renewable Energy,Renewable Energy,Solar Park,Sikkim,Satna,IREDA,3124.68,3211.2,3152.22,3211.2,358.8,319.98,487.62,2010-01-01,2012-07-19,2013-02-14,2013-03-21,2010,99.3,100.0,18,20,Under Implementation,2.77,7,Labour shortage; Inter-departmental coordination delays,0,3,2026-03-07
PRJ-RE-0003,"Hybrid Project in Raigad, Maharashtra",Ministry of New & Renewable Energy,Renewable Energy,Hybrid,Maharashtra,North,State RE Agencies,1872.26,1944.96,2076.8,1662.27,233.7,173.52,193.99,2017-04-01,2020-01-16,2020-11-11,2021-03-25,2017,97.2,85.5,11,11,Under Implementation,3.88,10,Land acquisition delays,0,3,2026-03-26
PRJ-RE-0004,Hybrid - Goa (Satna),Ministry of New & Renewable Energy,Renewable Energy,Hybrid,Goa,Raigad,State RE Agencies,812.32,821.54,886.43,821.54,0,86.34,106.43,2023-01-01,2025-07-19,2025-06-02,2025-03-29,2023,100.0,100.0,11,11,Completed,1.14,0,,0,0,2026-04-01
PRJ-RE-0005,"Construction of Green Hydrogen at Chittoor, Karnataka",Ministry of New & Renewable Energy,Renewable Energy,Green Hydrogen,Karnataka,Durg,NTPC RE,3645.67,3665.78,3697.92,2907.34,276.9,321.39,564.6,2024-01-01,2026-11-16,2026-09-24,2026-08-08,2024,90.0,79.3,7,7,Under Implementation,0.55,0,,0,0,2026-03-26
PRJ-RE-0006,Green Hydrogen - Punjab (Guntur),Ministry of New & Renewable Energy,Renewable Energy,Green Hydrogen,Punjab,Guntur,IREDA,1282.79,1271.0,1285.95,1271.0,126.11,113.72,278.05,2011-01-01,2013-12-16,2014-10-12,2014-12-18,2011,99.9,100.0,9,9,Under Implementation,-0.92,10,Equipment delivery delays; Fund release delays,0,1,2026-03-06
PRJ-RE-0007,"Solar Park Project in Jalgaon, Telangana",Ministry of New & Renewable Energy,Renewable Energy,Solar Park,Telangana,Nellore,IREDA,700.73,722.69,717.66,619.11,132.65,180.94,144.22,2008-04-01,2010-03-22,2010-02-24,2010-04-14,2008,99.9,85.7,20,20,Under Implementation,3.13,0,,0,0,2026-03-23
PRJ-RE-0008,"Construction of Solar Park at Dibrugarh, Chhattisgarh",Ministry of New & Renewable Energy,Renewable Energy,Solar Park,Chhattisgarh,Barmer,State RE Agencies,2216.34,2243.21,2391.69,2189.14,680.99,406.19,114.91,2023-01-01,2024-10-22,2024-12-02,2025-04-24,2023,96.5,97.6,13,15,Under Implementation,1.21,0,,0,0,2026-03-26
PRJ-RE-0009,"Green Hydrogen Project in Raichur, Uttar Pradesh",Ministry of New & Renewable Energy,Renewable Energy,Green Hydrogen,Uttar Pradesh,Hassan,State RE Agencies,1106.52,1110.45,1101.32,1076.52,199.6,244.74,49.4,2011-04-01,2012-09-22,2013-07-19,2013-09-11,2011,93.2,96.9,17,19,Under Implementation,0.36,10,Law and order issues; Change in project scope,0,3,2026-03-16
PRJ-RE-0010,Hybrid - Jharkhand (Warangal),Ministry of New & Renewable Energy,Renewable Energy,Hybrid,Jharkhand,Guntur,SECI,2885.21,2830.8,2949.87,2830.8,407.06,379.56,509.56,2020-04-01,2023-08-14,2023-09-07,2023-12-24,2020,99.9,100.0,5,6,Under Implementation,-1.89,0,,0,0,2026-03-31
PRJ-RE-0011,"Construction of Wind Farm at Bijapur, Manipur",Ministry of New & Renewable Energy,Renewable Energy,Wind Farm,Manipur,West,SECI,7907.42,7907.42,8064.7,1695.24,1034.81,1181.0,741.28,2024-07-01,2026-11-18,2028-11-07,2028-12-26,2024,21.9,21.4,1,13,Under Implementation,0,24,Utility shifting delays,4,1,2026-03-03
PRJ-RE-0012,"Solar Park Project in Bellary, Delhi",Ministry of New & Renewable Energy,Renewable Energy,Solar Park,Delhi,Barmer,IREDA,206.72,224.5,234.8,224.5,0,22.32,33.46,2017-10-01,2021-09-10,2021-09-28,2021-08-13,2017,100.0,100.0,17,17,Completed,8.6,0,,2,0,2026-04-01
PRJ-RE-0013,Green Hydrogen - Kerala (Guntur),Ministry of New & Renewable Energy,Renewable Energy,Green Hydrogen,Kerala,Jharsuguda,IREDA,2226.78,2283.49,2318.5,2283.49,0,263.32,528.95,2022-10-01,2025-11-14,2025-10-15,2026-01-18,2022,100.0,100.0,16,16,Completed,2.55,0,,0,0,2026-03-28
PRJ-RE-0014,Green Hydrogen - Rajasthan (Burdwan),Ministry of New & Renewable Energy,Renewable Energy,Green Hydrogen,Rajasthan,Satna,State RE Agencies,1757.81,1752.53,1863.6,1752.53,0,157.59,272.74,2013-04-01,2016-09-12,2016-12-11,2016-11-07,2013,100.0,100.0,12,12,Completed,-0.3,0,,0,0,2026-03-09
PRJ-RE-0015,"Wind Farm Project in Meerut, Kerala",Ministry of New & Renewable Energy,Renewable Energy,Wind Farm,Kerala,Tumkur,State RE Agencies,2915.78,2998.27,3133.6,1398.58,460.33,350.69,195.3,2024-10-01,2027-12-15,2027-12-07,2028-01-11,2024,48.1,46.6,9,17,Under Implementation,2.83,0,,0,0,2026-03-14
PRJ-RE-0016,"Construction of Hybrid at Dibrugarh, West Bengal",Ministry of New & Renewable Energy,Renewable Energy,Hybrid,West Bengal,Dibrugarh,IREDA,1271.25,1264.45,1298.58,1131.13,142.82,147.91,200.37,2021-04-01,2022-09-23,2022-08-19,2023-01-28,2021,99.9,89.5,16,18,Under Implementation,-0.53,0,,0,0,2026-03-14
PRJ-RE-0017,Green Hydrogen - Punjab (Karnal),Ministry of New & Renewable Energy,Renewable Energy,Green Hydrogen,Punjab,Guntur,SECI,870.66,870.8,889.22,846.85,165.1,111.04,106.75,2009-07-01,2013-03-12,2013-04-30,2013-04-06,2009,99.9,97.2,9,10,Under Implementation,0.02,0,,0,0,2026-03-11
PRJ-RE-0018,"Green Hydrogen Project in Jalgaon, Goa",Ministry of New & Renewable Energy,Renewable Energy,Green Hydrogen,Goa,Bellary,NTPC RE,1000.9,1003.87,1037.46,1003.87,138.93,169.08,74.36,2009-04-01,2011-02-20,2012-04-15,2012-05-13,2009,99.9,100.0,6,9,Under Implementation,0.3,14,Equipment delivery delays; Change in project scope; Contractual issues with EPC contractor,0,3,2026-03-20
PRJ-RE-0019,"Construction of Wind Farm at West, Haryana",Ministry of New & Renewable Energy,Renewable Energy,Wind Farm,Haryana,Tirunelveli,NTPC RE,6729.15,6744.1,6881.09,6744.1,961.55,1050.67,360.71,2022-07-01,2024-01-22,2025-09-13,2025-08-11,2022,99.9,100.0,10,11,Under Implementation,0.22,20,Material supply chain disruption,0,2,2026-03-08
PRJ-RE-0020,"Hybrid Project in Central, Tamil Nadu",Ministry of New & Renewable Energy,Renewable Energy,Hybrid,Tamil Nadu,East,State RE Agencies,1543.6,1614.77,1739.68,1614.77,0,187.45,74.05,2020-04-01,2023-05-16,2023-07-30,2024-01-12,2020,100.0,100.0,19,19,Completed,4.61,0,,0,0,2026-03-17
PRJ-RE-0021,Green Hydrogen - Gujarat (Jharsuguda),Ministry of New & Renewable Energy,Renewable Energy,Green Hydrogen,Gujarat,Jalgaon,NTPC RE,1035.1,1082.57,1158.07,1082.57,0,106.06,97.62,2014-01-01,2017-09-12,2018-09-07,2018-12-23,2014,100.0,100.0,10,10,Completed,4.59,12,Court stay orders; Environmental clearance pending,0,2,2026-03-04
PRJ-RE-0022,"Construction of Hybrid at Tirunelveli, West Bengal",Ministry of New & Renewable Energy,Renewable Energy,Hybrid,West Bengal,Satna,State RE Agencies,9995.94,10336.23,10676.84,8950.33,2445.91,2123.36,1129.1,2016-04-01,2020-02-10,2021-09-02,2021-11-05,2016,99.9,86.6,2,5,Under Implementation,3.4,19,Forest clearance pending; Regulatory approvals pending; Change in technology specifications,0,1,2026-03-02
PRJ-RE-0023,Solar Park - Haryana (Barmer),Ministry of New & Renewable Energy,Renewable Energy,Solar Park,Haryana,Chittoor,NTPC RE,1253.23,1254.49,1257.32,1254.49,179.65,168.97,116.8,2019-10-01,2021-07-22,2021-09-18,2021-09-26,2019,99.9,100.0,12,13,Under Implementation,0.1,0,,2,0,2026-03-14
PRJ-RE-0024,"Construction of Hybrid at West, Uttar Pradesh",Ministry of New & Renewable Energy,Renewable Energy,Hybrid,Uttar Pradesh,Bokaro,IREDA,527.43,540.14,529.37,540.14,0,36.52,120.33,2018-01-01,2019-06-25,2019-06-23,2019-09-10,2018,100.0,100.0,16,16,Completed,2.41,0,,0,0,2026-03-19
PRJ-RE-0025,"Wind Farm Project in Barmer, Rajasthan",Ministry of New & Renewable Energy,Renewable Energy,Wind Farm,Rajasthan,Bijapur,SECI,1142.18,1132.82,1175.84,1132.82,133.69,114.4,273.97,2018-07-01,2020-08-19,2020-10-13,2021-03-26,2018,99.9,100.0,13,16,Under Implementation,-0.82,0,,0,0,2026-03-06
PRJ-RE-0026,"Green Hydrogen Project in Karnal, Maharashtra",Ministry of New & Renewable Energy,Renewable Energy,Green Hydrogen,Maharashtra,Tirunelveli,IREDA,953.59,964.35,993.81,964.35,0,98.37,221.23,2011-01-01,2013-01-20,2013-11-16,2014-04-30,2011,100.0,100.0,17,17,Completed,1.13,10,Law and order issues,3,2,2026-03-15
PRJ-RE-0027,"Construction of Green Hydrogen at Jharsuguda, Tamil Nadu",Ministry of New & Renewable Energy,Renewable Energy,Green Hydrogen,Tamil Nadu,Bellary,SECI,1499.61,1828.91,1974.98,1828.91,274.4,432.32,329.98,2013-10-01,2015-06-23,2015-07-31,2015-08-21,2013,95.9,100.0,9,12,Under Implementation,21.96,0,,2,0,2026-03-02
PRJ-RE-0028,Hybrid - Kerala (Korba),Ministry of New & Renewable Energy,Renewable Energy,Hybrid,Kerala,Durg,SECI,900.27,915.43,936.9,915.43,0,49.41,201.14,2008-01-01,2010-07-19,2010-08-18,2010-09-03,2008,100.0,100.0,8,8,Completed,1.68,1,Fund release delays; Right-of-Way (RoW) issues; Design changes during execution,2,1,2026-03-10
PRJ-RE-0029,Hybrid - Karnataka (Hassan),Ministry of New & Renewable Energy,Renewable Energy,Hybrid,Karnataka,Bellary,State RE Agencies,494.81,494.81,514.08,300.74,75.58,42.87,58.08,2024-07-01,2028-02-11,2027-12-24,2028-02-15,2024,57.0,60.8,10,17,Under Implementation,0,0,,3,0,2026-03-24
PRJ-RE-0030,"Construction of Wind Farm at Raichur, West Bengal",Ministry of New & Renewable Energy,Renewable Energy,Wind Farm,West Bengal,Hassan,State RE Agencies,1842.51,1817.33,1807.73,1817.33,0,231.58,459.3,2024-01-01,2026-01-20,2026-03-03,2026-06-22,2024,100.0,100.0,18,18,Completed,-1.37,0,,0,0,2026-03-25
PRJ-RE-0031,"Hybrid Project in Dharwad, Uttar Pradesh",Ministry of New & Renewable Energy,Renewable Energy,Hybrid,Uttar Pradesh,Bellary,SECI,5224.66,5333.25,5595.03,5333.25,0,527.75,541.62,2013-01-01,2016-02-15,2016-05-05,2016-10-20,2013,100.0,100.0,11,11,Completed,2.08,0,,0,0,2026-03-31
PRJ-RE-0032,Green Hydrogen - Rajasthan (Bijapur),Ministry of New & Renewable Energy,Renewable Energy,Green Hydrogen,Rajasthan,Salem,IREDA,395.91,466.22,461.32,380.43,35.61,23.94,82.22,2009-10-01,2012-01-19,2013-07-12,2013-06-11,2009,92.7,81.6,6,9,Under Implementation,17.76,18,Court stay orders; Land acquisition delays,2,1,2026-04-01
PRJ-RE-0033,"Construction of Solar Park at Barmer, Jammu & Kashmir",Ministry of New & Renewable Energy,Renewable Energy,Solar Park,Jammu & Kashmir,Tumkur,NTPC RE,683.41,675.61,667.72,576.1,129.52,114.65,152.24,2020-04-01,2022-01-21,2021-12-01,2022-03-29,2020,96.7,85.3,7,10,Under Implementation,-1.14,0,,0,0,2026-03-19
PRJ-RE-0034,Solar Park - Maharashtra (Burdwan),Ministry of New & Renewable Energy,Renewable Energy,Solar Park,Maharashtra,Tirunelveli,SECI,3381.28,3529.67,3703.8,3069.61,618.32,502.13,582.79,2019-10-01,2023-08-11,2024-07-06,2024-05-06,2019,99.9,87.0,6,6,Under Implementation,4.39,11,COVID-19 pandemic impact; State government coordination issues,0,2,2026-03-25
PRJ-RE-0035,"Wind Farm Project in Barmer, Karnataka",Ministry of New & Renewable Energy,Renewable Energy,Wind Farm,Karnataka,Solapur,State RE Agencies,564.55,685.42,704.55,304.63,5.85,10.42,118.66,2024-07-01,2026-06-21,2027-08-15,2027-06-25,2024,48.0,44.4,2,10,Shelved,21.41,14,Regulatory approvals pending,1,2,2026-03-10
PRJ-RE-0036,"Wind Farm Project in Latur, Nagaland",Ministry of New & Renewable Energy,Renewable Energy,Wind Farm,Nagaland,Burdwan,State RE Agencies,1125.56,1133.78,1217.98,1133.78,0,118.86,206.03,2008-04-01,2010-11-17,2010-11-24,2010-11-26,2008,100.0,100.0,6,6,Completed,0.73,0,,0,0,2026-03-28
PRJ-RE-0037,"Hybrid Project in Raigad, Odisha",Ministry of New & Renewable Energy,Renewable Energy,Hybrid,Odisha,Tirunelveli,SECI,1955.34,2023.31,2149.03,2023.31,0,287.64,93.6,2008-04-01,2011-02-15,2011-01-08,2010-10-21,2008,100.0,100.0,7,7,Completed,3.48,0,,0,0,2026-03-29
PRJ-RE-0038,Green Hydrogen - Andhra Pradesh (Bijapur),Ministry of New & Renewable Energy,Renewable Energy,Green Hydrogen,Andhra Pradesh,Raigad,SECI,5075.29,5228.41,5571.93,5228.41,811.68,789.8,1063.81,2019-04-01,2021-06-19,2022-12-11,2023-03-08,2019,99.9,100.0,13,16,Under Implementation,3.02,18,Right-of-Way (RoW) issues; Land acquisition delays; Court stay orders,0,3,2026-03-29
PRJ-RE-0039,"Construction of Green Hydrogen at North, Bihar",Ministry of New & Renewable Energy,Renewable Energy,Green Hydrogen,Bihar,Siliguri,State RE Agencies,4379.94,4505.74,4548.19,4505.74,474.33,517.81,940.42,2012-07-01,2015-03-18,2015-02-26,2015-03-04,2012,99.9,100.0,4,7,Under Implementation,2.87,0,,0,0,2026-04-01
PRJ-RE-0040,Solar Park - Odisha (Warangal),Ministry of New & Renewable Energy,Renewable Energy,Solar Park,Odisha,Dharwad,NTPC RE,295.94,301.03,300.57,212.36,46.69,30.14,37.09,2024-10-01,2026-03-25,2027-05-19,2027-06-30,2024,69.2,70.5,5,8,Under Implementation,1.72,14,Forest clearance pending,0,1,2026-03-23
PRJ-RE-0041,Hybrid - Telangana (Burdwan),Ministry of New & Renewable Energy,Renewable Energy,Hybrid,Telangana,Central,State RE Agencies,664.33,666.97,670.53,578.92,143.85,112.56,139.34,2016-10-01,2020-05-13,2020-04-29,2020-05-14,2016,91.4,86.8,6,9,Under Implementation,0.4,0,,0,0,2026-03-08
PRJ-RE-0042,"Construction of Hybrid at Raigad, West Bengal",Ministry of New & Renewable Energy,Renewable Energy,Hybrid,West Bengal,Korba,IREDA,174.91,194.5,201.74,173.99,16.28,10.84,36.04,2022-01-01,2024-06-19,2024-05-08,2024-04-27,2022,99.9,89.5,17,18,Under Implementation,11.2,0,,3,0,2026-03-19
PRJ-RE-0043,"Construction of Hybrid at Durg, Punjab",Ministry of New & Renewable Energy,Renewable Energy,Hybrid,Punjab,Latur,IREDA,1383.59,1445.57,1525.26,1445.57,0,204.45,335.64,2015-07-01,2017-11-17,2017-12-06,2017-09-16,2015,100.0,100.0,20,20,Completed,4.48,0,,0,0,2026-03-24
PRJ-RE-0044,"Solar Park Project in Durg, Tamil Nadu",Ministry of New & Renewable Energy,Renewable Energy,Solar Park,Tamil Nadu,East,SECI,1797.52,1797.52,1929.43,1049.11,231.3,192.92,298.95,2024-01-01,2027-07-14,2027-11-11,2027-11-22,2024,60.4,58.4,12,19,Under Implementation,0,4,Utility shifting delays; Adverse weather conditions,2,2,2026-03-03
PRJ-RE-0045,"Solar Park Project in Rourkela, Telangana",Ministry of New & Renewable Energy,Renewable Energy,Solar Park,Telangana,Guntur,NTPC RE,1442.51,1416.77,1474.84,1299.48,475.69,219.97,194.22,2019-01-01,2020-07-24,2020-10-09,2020-09-21,2019,99.9,91.7,15,15,Under Implementation,-1.78,0,,0,0,2026-03-20
PRJ-RE-0046,Hybrid - Nagaland (Raichur),Ministry of New & Renewable Energy,Renewable Energy,Hybrid,Nagaland,Bokaro,IREDA,1310.66,1286.22,1276.0,1069.02,171.05,122.74,185.12,2018-07-01,2021-05-16,2021-04-24,2021-08-30,2018,93.8,83.1,5,5,Under Implementation,-1.86,0,,0,0,2026-03-16
PRJ-RE-0047,"Wind Farm Project in Hassan, Gujarat",Ministry of New & Renewable Energy,Renewable Energy,Wind Farm,Gujarat,Bellary,IREDA,556.21,580.0,580.01,580.0,98.71,66.94,66.16,2010-04-01,2013-08-13,2013-08-26,2014-01-22,2010,99.9,100.0,13,15,Under Implementation,4.28,0,,0,0,2026-03-16
PRJ-RE-0048,"Solar Park Project in West, Maharashtra",Ministry of New & Renewable Energy,Renewable Energy,Solar Park,Maharashtra,Korba,NTPC RE,1376.6,1395.44,1427.8,1349.23,343.78,277.49,289.38,2009-07-01,2013-06-10,2013-08-26,2013-09-30,2009,99.9,96.7,15,17,Under Implementation,1.37,0,,0,0,2026-03-07
PRJ-RE-0049,"Green Hydrogen Project in Satna, Uttar Pradesh",Ministry of New & Renewable Energy,Renewable Energy,Green Hydrogen,Uttar Pradesh,Raichur,NTPC RE,245.61,253.76,254.56,246.97,32.56,27.85,47.3,2014-04-01,2018-02-09,2018-01-07,2018-02-10,2014,99.9,97.3,7,7,Under Implementation,3.32,0,,0,0,2026-03-09
PRJ-RE-0050,"Hybrid Project in Latur, Tripura",Ministry of New & Renewable Energy,Renewable Energy,Hybrid,Tripura,Jalgaon,NTPC RE,4775.7,4929.59,5023.16,4466.0,506.37,410.38,183.49,2008-01-01,2011-02-14,2011-06-14,2011-10-04,2008,95.1,90.6,6,7,Under Implementation,3.22,4,Rehabilitation and resettlement issues; Change in technology specifications; COVID-19 pandemic impact,0,1,2026-03-27
PRJ-RE-0051,"Construction of Hybrid at Chittoor, Uttar Pradesh",Ministry of New & Renewable Energy,Renewable Energy,Hybrid,Uttar Pradesh,Jalgaon,State RE Agencies,12628.35,14243.77,14946.89,14223.35,3234.61,2738.38,2986.85,2012-04-01,2014-07-20,2014-08-27,2014-06-29,2012,99.9,99.9,11,12,Under Implementation,12.79,0,,1,0,2026-04-01
PRJ-RE-0052,Wind Farm - Uttar Pradesh (Bijapur),Ministry of New & Renewable Energy,Renewable Energy,Wind Farm,Uttar Pradesh,Meerut,IREDA,4314.68,4275.82,4502.99,4121.16,357.22,320.71,482.92,2017-07-01,2020-12-12,2021-04-11,2021-09-09,2017,96.8,96.4,15,18,Under Implementation,-0.9,4,Environmental clearance pending,0,1,2026-03-12
PRJ-RE-0053,"Construction of Green Hydrogen at North, Arunachal Pradesh",Ministry of New & Renewable Energy,Renewable Energy,Green Hydrogen,Arunachal Pradesh,Chittoor,IREDA,8557.0,8788.04,8651.71,8788.04,584.64,867.53,1321.64,2013-01-01,2015-04-21,2015-06-14,2015-11-18,2013,99.9,100.0,9,10,Under Implementation,2.7,0,,0,0,2026-03-16
PRJ-RE-0054,Hybrid - Punjab (Satna),Ministry of New & Renewable Energy,Renewable Energy,Hybrid,Punjab,South,NTPC RE,577.38,602.37,646.45,602.37,0,54.51,73.68,2018-10-01,2020-04-23,2020-06-30,2020-07-21,2018,100.0,100.0,18,18,Completed,4.33,0,,0,0,2026-03-20
PRJ-RE-0055,"Green Hydrogen Project in Tumkur, Uttar Pradesh",Ministry of New & Renewable Energy,Renewable Energy,Green Hydrogen,Uttar Pradesh,Tumkur,IREDA,3034.29,3093.37,3069.89,3042.69,735.27,428.6,182.89,2012-04-01,2015-03-17,2015-10-13,2015-11-27,2012,99.9,98.4,5,6,Under Implementation,1.95,7,Inter-departmental coordination delays; Design changes during execution,0,3,2026-03-06
PRJ-RE-0056,"Construction of Wind Farm at East, Haryana",Ministry of New & Renewable Energy,Renewable Energy,Wind Farm,Haryana,Siliguri,SECI,1128.01,1176.52,1232.1,1176.52,0,132.4,218.77,2019-07-01,2021-08-19,2021-08-31,2021-10-04,2019,100.0,100.0,11,11,Completed,4.3,0,,0,0,2026-03-08
PRJ-RE-0057,"Green Hydrogen Project in Bellary, Madhya Pradesh",Ministry of New & Renewable Energy,Renewable Energy,Green Hydrogen,Madhya Pradesh,Chittoor,State RE Agencies,3835.56,3825.3,3926.39,3601.47,741.04,731.58,491.79,2009-04-01,2011-10-18,2011-10-15,2012-01-19,2009,84.3,94.1,11,15,Under Implementation,-0.27,0,,0,0,2026-03-05
PRJ-RE-0058,"Construction of Green Hydrogen at Central, Uttar Pradesh",Ministry of New & Renewable Energy,Renewable Energy,Green Hydrogen,Uttar Pradesh,Siliguri,SECI,1857.52,1860.87,1955.44,1804.49,215.17,121.07,217.46,2016-04-01,2019-05-16,2019-07-22,2019-08-02,2016,86.7,97.0,11,13,Under Implementation,0.18,0,,0,0,2026-03-10
PRJ-RE-0059,Green Hydrogen - Uttar Pradesh (East),Ministry of New & Renewable Energy,Renewable Energy,Green Hydrogen,Uttar Pradesh,Karnal,State RE Agencies,716.43,721.71,759.2,721.71,0,86.7,173.48,2014-07-01,2018-04-11,2018-08-09,2018-09-29,2014,100.0,100.0,10,10,Completed,0.74,4,Environmental clearance pending; Fund release delays,0,1,2026-03-17
PRJ-RE-0060,"Wind Farm Project in Anand, Punjab",Ministry of New & Renewable Energy,Renewable Energy,Wind Farm,Punjab,Korba,State RE Agencies,1221.83,1322.34,1374.37,1322.34,0,196.38,116.8,2022-07-01,2024-09-18,2024-11-15,2024-10-14,2022,100.0,100.0,11,11,Completed,8.23,0,,4,0,2026-03-22
PRJ-RE-0061,Hybrid - Tamil Nadu (Khammam),Ministry of New & Renewable Energy,Renewable Energy,Hybrid,Tamil Nadu,East,SECI,15000,16587.49,17293.68,16587.49,0,834.54,2327.47,2020-04-01,2023-08-14,2023-07-10,2023-12-05,2020,100.0,100.0,5,5,Completed,10.58,0,,3,0,2026-03-16
PRJ-RE-0062,"Construction of Green Hydrogen at Guntur, Punjab",Ministry of New & Renewable Energy,Renewable Energy,Green Hydrogen,Punjab,Burdwan,NTPC RE,291.78,301.45,302.85,301.45,72.28,40.01,47.88,2011-07-01,2014-04-16,2014-04-29,2014-03-26,2011,99.9,100.0,8,9,Under Implementation,3.31,0,,0,0,2026-03-19
PRJ-RE-0063,"Solar Park Project in Tirunelveli, Andhra Pradesh",Ministry of New & Renewable Energy,Renewable Energy,Solar Park,Andhra Pradesh,Latur,State RE Agencies,5150.7,5150.7,5433.83,5150.7,0,277.35,719.73,2019-04-01,2020-10-22,2022-05-15,2022-08-13,2019,100.0,100.0,12,12,Completed,0,19,Regulatory approvals pending,1,3,2026-03-09
PRJ-RE-0064,"Hybrid Project in Guntur, Maharashtra",Ministry of New & Renewable Energy,Renewable Energy,Hybrid,Maharashtra,Barmer,NTPC RE,1176.2,1164.56,1234.4,1164.56,0,124.99,266.95,2015-04-01,2018-04-15,2019-04-10,2019-09-23,2015,100.0,100.0,11,11,Completed,-0.99,12,Land acquisition delays; Court stay orders; Fund release delays,0,1,2026-03-11
PRJ-RE-0065,"Construction of Green Hydrogen at Korba, Manipur",Ministry of New & Renewable Energy,Renewable Energy,Green Hydrogen,Manipur,Tirunelveli,SECI,1139.56,1174.53,1195.42,1174.53,0,167.98,217.88,2014-10-01,2016-03-24,2016-06-16,2016-06-18,2014,100.0,100.0,6,6,Completed,3.07,0,,0,0,2026-03-06
PRJ-RE-0066,"Construction of Wind Farm at Raigad, Uttar Pradesh",Ministry of New & Renewable Energy,Renewable Energy,Wind Farm,Uttar Pradesh,Chittoor,SECI,3614.86,3633.99,3754.46,3633.99,0,352.28,379.24,2010-10-01,2013-02-17,2013-05-08,2013-03-07,2010,100.0,100.0,18,18,Completed,0.53,0,,0,0,2026-03-13
PRJ-RE-0067,"Solar Park Project in Tumkur, Nagaland",Ministry of New & Renewable Energy,Renewable Energy,Solar Park,Nagaland,Tirunelveli,State RE Agencies,1200.77,1226.93,1296.75,1160.49,98.35,107.51,167.36,2021-04-01,2023-06-20,2023-05-04,2023-08-08,2021,99.9,94.6,15,16,Under Implementation,2.18,0,,0,0,2026-03-02
PRJ-RE-0068,"Green Hydrogen Project in Satna, Uttarakhand",Ministry of New & Renewable Energy,Renewable Energy,Green Hydrogen,Uttarakhand,Solapur,IREDA,4271.78,4282.33,4402.24,4282.33,816.78,388.69,729.04,2019-07-01,2021-09-18,2021-11-19,2021-11-07,2019,99.9,100.0,3,6,Under Implementation,0.25,0,,0,0,2026-03-20
PRJ-RE-0069,"Wind Farm Project in Nellore, Nagaland",Ministry of New & Renewable Energy,Renewable Energy,Wind Farm,Nagaland,Warangal,SECI,14294.71,14860.39,15138.67,14069.78,2108.4,1509.1,664.84,2016-01-01,2018-11-16,2018-12-09,2019-01-27,2016,99.9,94.7,11,14,Under Implementation,3.96,0,,4,0,2026-03-19
PRJ-RE-0070,Wind Farm - Arunachal Pradesh (Satna),Ministry of New & Renewable Energy,Renewable Energy,Wind Farm,Arunachal Pradesh,Rourkela,IREDA,2913.03,2977.62,3190.18,2771.22,924.79,727.02,299.48,2016-07-01,2019-06-16,2019-06-05,2019-09-10,2016,99.9,93.1,6,7,Under Implementation,2.22,0,,0,0,2026-03-19
PRJ-RE-0071,Hybrid - Delhi (Karnal),Ministry of New & Renewable Energy,Renewable Energy,Hybrid,Delhi,Tirunelveli,IREDA,897.76,919.56,945.64,919.56,171.79,121.14,121.61,2019-01-01,2020-12-21,2021-01-09,2021-07-02,2019,98.0,100.0,11,14,Under Implementation,2.43,0,,0,0,2026-03-02
PRJ-RE-0072,Solar Park - Himachal Pradesh (Central),Ministry of New & Renewable Energy,Renewable Energy,Solar Park,Himachal Pradesh,Raichur,SECI,997.74,998.84,1024.55,998.84,146.99,156.84,127.69,2012-07-01,2015-12-13,2015-11-09,2015-09-25,2012,95.5,100.0,17,19,Under Implementation,0.11,0,,0,0,2026-03-26
PRJ-RE-0073,"Construction of Solar Park at Burdwan, Haryana",Ministry of New & Renewable Energy,Renewable Energy,Solar Park,Haryana,Jalgaon,State RE Agencies,2263.29,2733.45,2882.08,2733.45,287.28,251.62,162.57,2009-07-01,2011-03-23,2011-06-20,2011-10-16,2009,94.0,100.0,15,16,Under Implementation,20.77,0,,2,0,2026-03-30
PRJ-RE-0074,"Green Hydrogen Project in Raigad, Madhya Pradesh",Ministry of New & Renewable Energy,Renewable Energy,Green Hydrogen,Madhya Pradesh,North,NTPC RE,1055.33,1285.3,1336.43,296.95,427.7,274.61,115.74,2024-07-01,2027-09-14,2029-01-06,2028-10-31,2024,23.5,23.1,2,10,Under Implementation,21.79,16,Design changes during execution; Adverse weather conditions; Slow mobilization by contractor,2,3,2026-03-04
PRJ-RE-0075,"Wind Farm Project in Satna, Andhra Pradesh",Ministry of New & Renewable Energy,Renewable Energy,Wind Farm,Andhra Pradesh,Bijapur,State RE Agencies,2283.57,2273.48,2431.76,2273.48,0,273.36,171.68,2022-07-01,2023-12-23,2024-01-02,2024-06-14,2022,100.0,100.0,12,12,Completed,-0.44,0,,0,0,2026-03-06
PRJ-PR-0001,New Refinery - Gujarat (Warangal),Ministry of Petroleum & Natural Gas,Petroleum Refining,New Refinery,Gujarat,Salem,HPCL,24939.55,24602.6,25876.7,20413.29,4990.67,6343.39,1829.98,2022-04-01,2027-01-05,2028-08-27,2028-06-18,2022,75.7,83.0,5,10,Under Implementation,-1.35,20,Fund release delays; Adverse weather conditions; Labour shortage,0,2,2026-03-30
PRJ-PR-0002,"Refinery Expansion Project in Satna, Maharashtra",Ministry of Petroleum & Natural Gas,Petroleum Refining,Refinery Expansion,Maharashtra,Nellore,NRL,9862.9,10050.46,10628.31,10050.46,0,530.6,698.06,2009-01-01,2012-01-16,2011-12-22,2012-04-28,2009,100.0,100.0,13,13,Completed,1.9,0,,0,0,2026-03-16
PRJ-PR-0003,New Refinery - Jharkhand (North),Ministry of Petroleum & Natural Gas,Petroleum Refining,New Refinery,Jharkhand,Nellore,BPCL,6078.12,6030.31,6209.03,6030.31,1146.6,1042.76,823.07,2016-07-01,2023-11-22,2025-03-16,2025-06-02,2016,99.9,100.0,19,19,Under Implementation,-0.79,16,Slow mobilization by contractor,0,2,2026-03-02
PRJ-PR-0004,Petrochemical Complex - Assam (Satna),Ministry of Petroleum & Natural Gas,Petroleum Refining,Petrochemical Complex,Assam,Bellary,BPCL,10011.4,10226.68,10201.78,9787.61,2261.98,2067.79,1054.12,2021-07-01,2025-05-11,2027-10-28,2028-01-14,2021,97.3,95.7,10,12,Under Implementation,2.15,30,Rehabilitation and resettlement issues,0,3,2026-03-24
PRJ-PR-0005,"Construction of Refinery Expansion at Salem, Arunachal Pradesh",Ministry of Petroleum & Natural Gas,Petroleum Refining,Refinery Expansion,Arunachal Pradesh,Dharwad,MRPL,21988.13,22875.97,24492.85,22875.97,0,2221.43,2075.5,2010-01-01,2015-02-04,2017-01-24,2017-07-01,2010,100.0,100.0,8,8,Completed,4.04,24,Utility shifting delays; Inter-departmental coordination delays,0,3,2026-03-15
PRJ-PR-0006,"Refinery Expansion Project in South, Rajasthan",Ministry of Petroleum & Natural Gas,Petroleum Refining,Refinery Expansion,Rajasthan,Raigad,MRPL,8449.01,9796.21,10571.18,7377.57,2056.38,1578.48,1359.45,2022-01-01,2027-04-05,2028-11-25,2029-02-24,2022,80.3,75.3,9,14,Under Implementation,15.95,20,Contractual issues with EPC contractor; Right-of-Way (RoW) issues; Fund release delays,2,2,2026-03-25
PRJ-PR-0007,"Construction of Refinery Expansion at Nellore, Karnataka",Ministry of Petroleum & Natural Gas,Petroleum Refining,Refinery Expansion,Karnataka,Salem,HPCL,50208.02,51306.56,53473.61,51306.56,8800.51,4396.93,7151.31,2017-04-01,2020-11-11,2021-04-10,2021-09-07,2017,99.9,100.0,16,17,Under Implementation,2.19,5,Adverse weather conditions; Land acquisition delays; Court stay orders,0,1,2026-03-15
PRJ-PR-0008,"New Refinery Project in Bellary, Bihar",Ministry of Petroleum & Natural Gas,Petroleum Refining,New Refinery,Bihar,Guntur,MRPL,47824.44,61370.86,63692.31,17479.89,346.42,550.66,3939.92,2020-10-01,2026-08-01,2026-06-05,2026-07-12,2020,29.2,28.5,5,17,Shelved,28.33,0,,2,0,2026-03-23
PRJ-PR-0009,"Construction of New Refinery at Burdwan, Odisha",Ministry of Petroleum & Natural Gas,Petroleum Refining,New Refinery,Odisha,Bijapur,MRPL,7098.17,7000.02,7443.05,2394.7,0.62,62.17,1375.77,2024-07-01,2030-04-01,2030-03-14,2030-04-27,2024,33.9,34.2,0,5,Stalled,-1.38,0,,0,0,2026-03-11
PRJ-PR-0010,Petrochemical Complex - Arunachal Pradesh (Bijapur),Ministry of Petroleum & Natural Gas,Petroleum Refining,Petrochemical Complex,Arunachal Pradesh,Anand,IOCL,24604.76,25226.9,25174.02,25226.9,0,2896.72,4892.57,2008-10-01,2016-02-22,2016-02-22,2015-12-16,2008,100.0,100.0,7,7,Completed,2.53,0,,0,0,2026-03-09
PRJ-PR-0011,"Construction of New Refinery at North, Tamil Nadu",Ministry of Petroleum & Natural Gas,Petroleum Refining,New Refinery,Tamil Nadu,Bokaro,NRL,22964.93,24832.63,24657.09,24832.63,3926.1,2649.36,3950.82,2015-10-01,2018-11-14,2018-09-21,2018-10-31,2015,99.9,100.0,10,13,Under Implementation,8.13,0,,1,0,2026-03-17
PRJ-PR-0012,Petrochemical Complex - Maharashtra (Hassan),Ministry of Petroleum & Natural Gas,Petroleum Refining,Petrochemical Complex,Maharashtra,Bellary,HPCL,41194.42,42478.67,45773.99,40228.5,6425.45,6448.06,2240.33,2008-07-01,2013-02-05,2013-04-03,2013-06-01,2008,99.9,94.7,14,15,Under Implementation,3.12,0,,0,0,2026-03-23
PRJ-PR-0013,"Construction of New Refinery at South, Maharashtra",Ministry of Petroleum & Natural Gas,Petroleum Refining,New Refinery,Maharashtra,Tirunelveli,CPCL,2653.75,2633.79,2692.02,2633.79,270.22,313.53,176.06,2012-10-01,2020-02-22,2021-02-16,2021-05-29,2012,98.3,100.0,5,6,Under Implementation,-0.75,12,Adverse weather conditions; Regulatory approvals pending; Design changes during execution,0,2,2026-03-17
PRJ-PR-0014,Petrochemical Complex - Rajasthan (Jharsuguda),Ministry of Petroleum & Natural Gas,Petroleum Refining,Petrochemical Complex,Rajasthan,South,NRL,24087.77,28524.09,29940.13,28524.09,0,3333.06,1050.65,2019-10-01,2024-04-07,2024-12-03,2024-10-08,2019,100.0,100.0,8,8,Completed,18.42,8,Fund release delays; Labour shortage; Land acquisition delays,2,3,2026-03-27
PRJ-PR-0015,"Petrochemical Complex Project in Burdwan, Meghalaya",Ministry of Petroleum & Natural Gas,Petroleum Refining,Petrochemical Complex,Meghalaya,Solapur,NRL,7703.47,10090.37,10046.31,9986.04,2097.8,1011.59,1779.18,2009-04-01,2012-11-11,2012-09-25,2012-10-28,2009,99.9,99.0,13,14,Under Implementation,30.98,0,,1,0,2026-03-23
PRJ-PR-0016,"Construction of Petrochemical Complex at Dharwad, Odisha",Ministry of Petroleum & Natural Gas,Petroleum Refining,Petrochemical Complex,Odisha,Burdwan,NRL,11397.11,14484.4,14708.65,14484.4,0,1232.92,950.92,2019-10-01,2023-10-10,2023-12-24,2024-04-28,2019,100.0,100.0,12,12,Completed,27.09,0,,2,0,2026-03-25
PRJ-PR-0017,Refinery Expansion - Nagaland (West),Ministry of Petroleum & Natural Gas,Petroleum Refining,Refinery Expansion,Nagaland,Bokaro,HPCL,10750.58,10653.43,11441.39,1124.86,2431.88,1498.75,852.75,2024-01-01,2029-02-03,2033-11-09,2034-01-20,2024,9.4,10.6,0,6,Under Implementation,-0.9,58,Contractual issues with EPC contractor,0,3,2026-03-23
PRJ-PR-0018,New Refinery - Rajasthan (South),Ministry of Petroleum & Natural Gas,Petroleum Refining,New Refinery,Rajasthan,Raigad,HPCL,27591.02,27403.75,28209.59,25565.84,7221.85,4128.85,4685.03,2008-01-01,2013-06-03,2015-04-24,2015-10-15,2008,96.7,93.3,9,9,Under Implementation,-0.68,23,Regulatory approvals pending,0,2,2026-03-10
PRJ-PR-0019,"New Refinery Project in Warangal, Karnataka",Ministry of Petroleum & Natural Gas,Petroleum Refining,New Refinery,Karnataka,Rourkela,HPCL,17407.28,17524.49,17730.93,17524.49,0,1933.7,3451.03,2011-07-01,2016-09-02,2016-11-22,2016-09-05,2011,100.0,100.0,18,18,Completed,0.67,0,,0,0,2026-03-04
PRJ-PR-0020,Refinery Expansion - Uttar Pradesh (North),Ministry of Petroleum & Natural Gas,Petroleum Refining,Refinery Expansion,Uttar Pradesh,Raichur,MRPL,4543.65,4549.28,4766.03,1588.39,918.38,583.42,238.76,2024-01-01,2026-12-16,2029-02-03,2028-12-08,2024,40.7,34.9,1,8,Under Implementation,0.12,26,Forest clearance pending,0,3,2026-03-08
PRJ-PR-0021,"New Refinery Project in Karnal, Uttar Pradesh",Ministry of Petroleum & Natural Gas,Petroleum Refining,New Refinery,Uttar Pradesh,West,IOCL,16988.99,17172.32,17569.56,14786.13,2604.25,2623.76,1670.02,2015-01-01,2021-04-29,2021-06-25,2021-10-07,2015,88.5,86.1,10,13,Under Implementation,1.08,0,,0,0,2026-03-07
PRJ-PR-0022,New Refinery - Gujarat (Bellary),Ministry of Petroleum & Natural Gas,Petroleum Refining,New Refinery,Gujarat,Bijapur,BPCL,22932.52,22925.29,23606.05,14678.53,2832.01,4235.45,4664.79,2021-07-01,2026-12-02,2029-03-21,2029-08-28,2021,75.3,64.0,11,16,Under Implementation,-0.03,28,Regulatory approvals pending; Forest clearance pending; Land acquisition delays,0,2,2026-03-19
PRJ-PR-0023,"Construction of Petrochemical Complex at Bokaro, Delhi",Ministry of Petroleum & Natural Gas,Petroleum Refining,Petrochemical Complex,Delhi,Khammam,CPCL,10157.98,13613.06,13383.24,13613.06,0,1403.75,598.75,2014-07-01,2021-01-25,2021-02-23,2021-02-25,2014,100.0,100.0,8,8,Completed,34.01,0,,3,0,2026-03-30
PRJ-PR-0024,New Refinery - Bihar (Korba),Ministry of Petroleum & Natural Gas,Petroleum Refining,New Refinery,Bihar,Raigad,IOCL,18192.62,18498.54,19845.42,18498.54,3289.08,2876.25,3361.46,2012-04-01,2015-06-15,2016-06-09,2016-07-28,2012,96.2,100.0,16,16,Under Implementation,1.68,12,Fund release delays; Equipment delivery delays,0,3,2026-03-02
PRJ-PR-0025,Petrochemical Complex - Jharkhand (Siliguri),Ministry of Petroleum & Natural Gas,Petroleum Refining,Petrochemical Complex,Jharkhand,Bijapur,NRL,6300.26,6375.62,6393.7,5188.57,916.17,1722.03,1130.49,2019-04-01,2027-02-18,2027-03-28,2027-06-26,2019,89.0,81.4,6,6,Under Implementation,1.2,0,,0,0,2026-03-11
PRJ-PR-0026,"Refinery Expansion Project in Guntur, Telangana",Ministry of Petroleum & Natural Gas,Petroleum Refining,Refinery Expansion,Telangana,Barmer,HPCL,14949.93,15444.16,15494.97,8555.58,1516.16,1278.86,3380.96,2022-04-01,2027-04-05,2029-08-22,2029-10-04,2022,59.3,55.4,10,20,Under Implementation,3.31,29,Slow mobilization by contractor,0,3,2026-03-16
PRJ-PR-0027,"Construction of New Refinery at Barmer, Uttarakhand",Ministry of Petroleum & Natural Gas,Petroleum Refining,New Refinery,Uttarakhand,Chittoor,NRL,4447.92,4557.65,4810.04,4210.03,475.41,442.64,243.88,2018-01-01,2024-06-28,2024-08-03,2024-12-16,2018,99.9,92.4,7,8,Under Implementation,2.47,0,,2,0,2026-03-24
PRJ-PR-0028,New Refinery - Maharashtra (Raichur),Ministry of Petroleum & Natural Gas,Petroleum Refining,New Refinery,Maharashtra,Barmer,MRPL,13234.72,13861.2,14315.05,13861.2,0,1766.36,550.28,2014-07-01,2021-07-24,2023-12-11,2024-01-12,2014,100.0,100.0,8,8,Completed,4.73,29,Regulatory approvals pending; Material supply chain disruption,0,1,2026-03-17
PRJ-PR-0029,Petrochemical Complex - Odisha (West),Ministry of Petroleum & Natural Gas,Petroleum Refining,Petrochemical Complex,Odisha,Tumkur,MRPL,3390.09,3376.37,3388.64,3376.37,208.85,301.1,720.96,2016-07-01,2020-03-12,2020-02-02,2020-02-13,2016,99.9,100.0,16,17,Under Implementation,-0.4,0,,0,0,2026-03-12
PRJ-PR-0030,"Refinery Expansion Project in North, Haryana",Ministry of Petroleum & Natural Gas,Petroleum Refining,Refinery Expansion,Haryana,East,NRL,6319.91,8834.06,9521.16,8834.06,1650.44,999.73,305.98,2020-01-01,2027-11-20,2027-12-31,2028-02-28,2020,92.0,100.0,3,5,Under Implementation,39.78,0,,2,0,2026-03-04
PRJ-PR-0031,"Refinery Expansion Project in South, Maharashtra",Ministry of Petroleum & Natural Gas,Petroleum Refining,Refinery Expansion,Maharashtra,Dharwad,NRL,3602.11,3572.04,3734.07,242.16,457.42,385.67,655.98,2024-07-01,2031-10-23,2034-01-10,2033-12-23,2024,6.0,6.8,0,16,Under Implementation,-0.83,27,Right-of-Way (RoW) issues; Contractual issues with EPC contractor; Change in project scope,0,2,2026-03-03
PRJ-PR-0032,"New Refinery Project in Nellore, Jharkhand",Ministry of Petroleum & Natural Gas,Petroleum Refining,New Refinery,Jharkhand,Raichur,NRL,6943.22,6943.22,6861.68,6097.34,1581.67,710.7,1174.3,2021-01-01,2026-03-06,2027-11-26,2028-05-09,2021,95.9,87.8,11,11,Under Implementation,0,21,State government coordination issues,4,3,2026-03-18
PRJ-PR-0033,"Construction of Petrochemical Complex at Raichur, Jharkhand",Ministry of Petroleum & Natural Gas,Petroleum Refining,Petrochemical Complex,Jharkhand,Jharsuguda,BPCL,6071.75,5999.98,6346.99,4418.89,1274.75,1292.38,729.12,2019-10-01,2026-09-24,2030-09-03,2030-10-28,2019,70.4,73.6,3,5,Under Implementation,-1.18,48,Contractual issues with EPC contractor; Labour shortage,0,2,2026-03-15
PRJ-PR-0034,Petrochemical Complex - Uttarakhand (East),Ministry of Petroleum & Natural Gas,Petroleum Refining,Petrochemical Complex,Uttarakhand,Korba,IOCL,9140.95,11827.05,11780.58,11440.19,2560.67,2221.23,1916.48,2017-04-01,2023-01-30,2025-01-19,2025-03-29,2017,99.9,96.7,15,16,Under Implementation,29.39,24,Labour shortage; Court stay orders; Rehabilitation and resettlement issues,1,1,2026-03-16
PRJ-PR-0035,"Refinery Expansion Project in Raigad, Gujarat",Ministry of Petroleum & Natural Gas,Petroleum Refining,Refinery Expansion,Gujarat,Jharsuguda,MRPL,18548.83,19196.01,19377.38,19196.01,0,1506.6,1696.28,2012-01-01,2015-11-11,2020-02-18,2020-06-18,2012,100.0,100.0,9,9,Completed,3.49,52,Adverse weather conditions,0,2,2026-03-09
PRJ-PR-0036,"Construction of Petrochemical Complex at Salem, Bihar",Ministry of Petroleum & Natural Gas,Petroleum Refining,Petrochemical Complex,Bihar,Bijapur,CPCL,12688.44,13274.22,13519.41,11934.07,858.31,1292.55,806.92,2019-04-01,2025-08-27,2025-08-27,2025-11-14,2019,99.9,89.9,11,13,Under Implementation,4.62,0,,0,3,2026-03-26
PRJ-PR-0037,"Construction of Petrochemical Complex at Salem, Gujarat",Ministry of Petroleum & Natural Gas,Petroleum Refining,Petrochemical Complex,Gujarat,Khammam,BPCL,5708.32,5930.51,6311.74,5930.51,0,437.64,435.65,2015-04-01,2020-10-31,2020-10-31,2020-10-01,2015,100.0,100.0,18,18,Completed,3.89,0,,0,2,2026-03-29
PRJ-PR-0038,"Construction of Petrochemical Complex at Satna, Madhya Pradesh",Ministry of Petroleum & Natural Gas,Petroleum Refining,Petrochemical Complex,Madhya Pradesh,Warangal,NRL,7168.57,7260.67,7713.41,7260.67,0,810.19,867.24,2016-07-01,2020-06-10,2020-09-01,2020-12-17,2016,100.0,100.0,16,16,Completed,1.28,0,,0,0,2026-03-17
PRJ-PR-0039,Refinery Expansion - Odisha (Raigad),Ministry of Petroleum & Natural Gas,Petroleum Refining,Refinery Expansion,Odisha,Raichur,NRL,4428.29,4617.73,4528.35,4617.73,0,445.61,805.08,2015-10-01,2020-03-08,2020-05-27,2020-08-09,2015,100.0,100.0,7,7,Completed,4.28,0,,0,0,2026-03-10
PRJ-PR-0040,New Refinery - Assam (Bokaro),Ministry of Petroleum & Natural Gas,Petroleum Refining,New Refinery,Assam,Central,CPCL,16589.54,18992.49,19801.64,261.64,2697.34,1392.66,3736.52,2024-10-01,2032-06-21,2032-08-21,2032-06-16,2024,1.2,1.4,0,17,Under Implementation,14.48,0,,1,0,2026-03-12
PRJ-PR-0041,"Petrochemical Complex Project in Rourkela, Rajasthan",Ministry of Petroleum & Natural Gas,Petroleum Refining,Petrochemical Complex,Rajasthan,Chittoor,BPCL,13396.23,13129.85,13125.43,12473.19,2554.22,2426.11,3138.56,2021-01-01,2026-11-01,2026-09-28,2026-09-15,2021,95.0,95.0,12,13,Under Implementation,-1.99,0,,0,0,2026-03-09
PRJ-PR-0042,"Petrochemical Complex Project in Guntur, Madhya Pradesh",Ministry of Petroleum & Natural Gas,Petroleum Refining,Petrochemical Complex,Madhya Pradesh,West,IOCL,13999.62,13943.05,13695.48,13943.05,0,1384.51,3267.67,2011-10-01,2014-12-14,2014-11-10,2014-12-22,2011,100.0,100.0,9,9,Completed,-0.4,0,,0,0,2026-04-01
PRJ-PR-0043,"Construction of Petrochemical Complex at Solapur, Jharkhand",Ministry of Petroleum & Natural Gas,Petroleum Refining,Petrochemical Complex,Jharkhand,Jharsuguda,BPCL,8775.24,9871.49,10517.33,6850.59,1332.79,1116.68,1053.61,2020-04-01,2027-08-23,2030-05-09,2030-08-24,2020,65.5,69.4,9,13,Under Implementation,12.49,33,Change in project scope,2,2,2026-03-11
PRJ-PR-0044,"Refinery Expansion Project in Nellore, Rajasthan",Ministry of Petroleum & Natural Gas,Petroleum Refining,Refinery Expansion,Rajasthan,Anand,BPCL,8159.22,9361.64,9931.64,9361.64,0,1210.1,1235.53,2009-07-01,2015-04-01,2015-05-28,2015-10-03,2009,100.0,100.0,5,5,Completed,14.74,0,,3,0,2026-03-12
PRJ-PR-0045,"Petrochemical Complex Project in Durg, Maharashtra",Ministry of Petroleum & Natural Gas,Petroleum Refining,Petrochemical Complex,Maharashtra,Bellary,BPCL,3227.51,3178.18,3357.12,3178.18,0,244.54,585.91,2011-10-01,2019-07-21,2019-07-07,2019-04-17,2011,100.0,100.0,7,7,Completed,-1.53,0,,0,0,2026-03-21
PRJ-O&G-0001,"Construction of Crude Pipeline at Raichur, Madhya Pradesh",Ministry of Petroleum & Natural Gas,Oil & Gas Pipelines,Crude Pipeline,Madhya Pradesh,Korba,HPCL Pipelines,8205.13,9905.6,10494.6,2568.1,0.2,121.46,780.62,2024-04-01,2029-03-06,2030-01-30,2030-02-11,2024,24.8,25.9,0,10,Stalled,20.72,11,Environmental clearance pending; Forest clearance pending,2,1,2026-03-10
PRJ-O&G-0002,"Crude Pipeline Project in Karnal, Haryana",Ministry of Petroleum & Natural Gas,Oil & Gas Pipelines,Crude Pipeline,Haryana,Hassan,GAIL,2216.1,2257.58,2219.12,2257.58,0,204.52,156.09,2022-01-01,2025-09-12,2026-01-10,2026-04-09,2022,100.0,100.0,6,6,Completed,1.87,4,Fund release delays; Right-of-Way (RoW) issues; Slow mobilization by contractor,0,3,2026-03-05
PRJ-O&G-0003,LNG Terminal - West Bengal (Bellary),Ministry of Petroleum & Natural Gas,Oil & Gas Pipelines,LNG Terminal,West Bengal,Guntur,Indian Oil Pipelines Division,476.19,498.56,535.44,498.56,0,72.24,100.06,2020-10-01,2024-01-14,2024-07-12,2024-07-12,2020,100.0,100.0,7,7,Completed,4.7,6,Inter-departmental coordination delays,0,1,2026-03-09
PRJ-O&G-0004,"Construction of Gas Pipeline at Dharwad, Assam",Ministry of Petroleum & Natural Gas,Oil & Gas Pipelines,Gas Pipeline,Assam,Durg,HPCL Pipelines,1410.76,1714.94,1716.75,980.55,345.09,354.49,165.11,2024-07-01,2027-10-14,2028-02-11,2028-08-08,2024,52.0,57.2,7,16,Under Implementation,21.56,4,Inter-departmental coordination delays; Contractual issues with EPC contractor,4,2,2026-03-31
PRJ-O&G-0005,"Crude Pipeline Project in Bellary, Rajasthan",Ministry of Petroleum & Natural Gas,Oil & Gas Pipelines,Crude Pipeline,Rajasthan,Satna,IOCL Pipelines,3724.45,3752.9,3780.52,3752.9,0,553.67,159.23,2010-01-01,2012-11-16,2012-11-02,2012-09-16,2010,100.0,100.0,10,10,Completed,0.76,0,,0,0,2026-03-20
PRJ-O&G-0006,LNG Terminal - Sikkim (Dibrugarh),Ministry of Petroleum & Natural Gas,Oil & Gas Pipelines,LNG Terminal,Sikkim,West,HPCL Pipelines,3765.75,3754.68,3718.38,3411.32,797.66,840.47,141.93,2020-04-01,2022-06-20,2023-12-12,2024-01-01,2020,97.0,90.9,12,13,Under Implementation,-0.29,18,Adverse weather conditions; Change in project scope,0,3,2026-03-30
PRJ-O&G-0007,"Construction of Product Pipeline at Salem, Rajasthan",Ministry of Petroleum & Natural Gas,Oil & Gas Pipelines,Product Pipeline,Rajasthan,Rourkela,BPCL Pipelines,874.45,881.24,892.57,812.88,116.55,132.28,128.12,2010-04-01,2012-04-20,2014-09-07,2015-01-27,2010,88.6,92.2,5,6,Under Implementation,0.78,29,Environmental clearance pending; Change in project scope; State government coordination issues,1,1,2026-03-29
PRJ-O&G-0008,Crude Pipeline - Nagaland (Dibrugarh),Ministry of Petroleum & Natural Gas,Oil & Gas Pipelines,Crude Pipeline,Nagaland,Dharwad,HPCL Pipelines,455.08,630.56,639.47,630.56,0,46.72,54.54,2018-07-01,2021-03-17,2021-03-21,2021-09-13,2018,100.0,100.0,5,5,Completed,38.56,0,,4,0,2026-03-05
PRJ-O&G-0009,"Construction of LNG Terminal at Tirunelveli, West Bengal",Ministry of Petroleum & Natural Gas,Oil & Gas Pipelines,LNG Terminal,West Bengal,Central,Indian Oil Pipelines Division,275.67,323.85,334.74,323.85,85.73,61.74,30.19,2017-04-01,2019-03-22,2019-02-02,2019-01-18,2017,98.3,100.0,14,17,Under Implementation,17.48,0,,2,0,2026-03-10
PRJ-O&G-0010,LNG Terminal - Goa (Nellore),Ministry of Petroleum & Natural Gas,Oil & Gas Pipelines,LNG Terminal,Goa,Solapur,IOCL Pipelines,2789.28,2834.2,2824.78,1206.14,540.23,313.7,325.59,2024-07-01,2028-04-11,2028-04-19,2028-08-28,2024,39.5,42.6,5,14,Under Implementation,1.61,0,,0,0,2026-03-30
PRJ-O&G-0011,"LNG Terminal Project in Dharwad, Karnataka",Ministry of Petroleum & Natural Gas,Oil & Gas Pipelines,LNG Terminal,Karnataka,Burdwan,Indian Oil Pipelines Division,12159.91,12588.04,13283.48,11956.18,788.09,964.1,1057.4,2021-01-01,2024-12-11,2026-12-31,2027-04-20,2021,99.9,95.0,10,10,Under Implementation,3.52,25,Design changes during execution; Inter-departmental coordination delays; Equipment delivery delays,0,2,2026-03-19
PRJ-O&G-0012,Product Pipeline - Maharashtra (Latur),Ministry of Petroleum & Natural Gas,Oil & Gas Pipelines,Product Pipeline,Maharashtra,Barmer,GAIL,1064.39,1106.45,1131.38,1004.76,151.03,91.35,148.86,2009-10-01,2013-08-11,2015-07-02,2015-09-11,2009,96.3,90.8,13,14,Under Implementation,3.95,23,Equipment delivery delays; State government coordination issues; Inter-departmental coordination delays,4,3,2026-03-30
PRJ-O&G-0013,"Construction of Gas Pipeline at Meerut, Arunachal Pradesh",Ministry of Petroleum & Natural Gas,Oil & Gas Pipelines,Gas Pipeline,Arunachal Pradesh,Siliguri,BPCL Pipelines,657.18,673.81,688.54,673.81,89.57,93.58,92.26,2011-01-01,2014-11-11,2016-03-05,2016-06-30,2011,98.6,100.0,19,19,Under Implementation,2.53,16,Environmental clearance pending; Rehabilitation and resettlement issues,0,3,2026-03-09
PRJ-O&G-0014,"Product Pipeline Project in Raigad, Telangana",Ministry of Petroleum & Natural Gas,Oil & Gas Pipelines,Product Pipeline,Telangana,Siliguri,Indian Oil Pipelines Division,2107.56,2083.22,2043.05,2083.22,0,127.49,218.12,2016-10-01,2022-03-04,2022-03-27,2022-09-21,2016,100.0,100.0,9,9,Completed,-1.15,0,,0,0,2026-03-17
PRJ-O&G-0015,"Construction of Product Pipeline at Latur, Haryana",Ministry of Petroleum & Natural Gas,Oil & Gas Pipelines,Product Pipeline,Haryana,Chittoor,GAIL,3972.81,4146.99,4449.41,1847.9,712.58,984.36,154.38,2022-07-01,2028-03-31,2030-01-20,2029-12-26,2022,48.0,44.6,4,9,Under Implementation,4.38,22,Design changes during execution; Environmental clearance pending; Forest clearance pending,0,3,2026-03-10
PRJ-O&G-0016,LNG Terminal - Haryana (Bellary),Ministry of Petroleum & Natural Gas,Oil & Gas Pipelines,LNG Terminal,Haryana,Raichur,GAIL,9875.72,10047.06,9850.46,3968.73,1135.5,663.18,1740.73,2023-10-01,2028-09-04,2029-01-02,2028-11-25,2023,42.1,39.5,4,11,Under Implementation,1.73,4,Forest clearance pending; Land acquisition delays,0,2,2026-03-29
PRJ-O&G-0017,"LNG Terminal Project in Siliguri, Haryana",Ministry of Petroleum & Natural Gas,Oil & Gas Pipelines,LNG Terminal,Haryana,Siliguri,IOCL Pipelines,3170.77,3773.24,3788.17,3773.24,0,371.96,421.53,2012-01-01,2015-03-16,2015-02-03,2015-06-25,2012,100.0,100.0,20,20,Completed,19.0,0,,2,0,2026-03-18
PRJ-O&G-0018,"Construction of Crude Pipeline at Guntur, Kerala",Ministry of Petroleum & Natural Gas,Oil & Gas Pipelines,Crude Pipeline,Kerala,West,IOCL Pipelines,3648.78,4152.67,4169.77,4152.67,0,232.79,645.38,2019-04-01,2022-01-15,2024-08-02,2024-10-24,2019,100.0,100.0,12,12,Completed,13.81,31,Law and order issues; Geological surprises during construction; Design changes during execution,3,3,2026-03-04
PRJ-O&G-0019,"Product Pipeline Project in Latur, Odisha",Ministry of Petroleum & Natural Gas,Oil & Gas Pipelines,Product Pipeline,Odisha,Tumkur,IOCL Pipelines,16937.29,16915.15,17552.6,5440.69,2814.47,2528.98,3583.59,2022-10-01,2028-01-03,2031-05-17,2031-07-08,2022,28.2,32.2,2,5,Under Implementation,-0.13,41,Geological surprises during construction,0,3,2026-03-28
PRJ-O&G-0020,"Product Pipeline Project in Durg, Jharkhand",Ministry of Petroleum & Natural Gas,Oil & Gas Pipelines,Product Pipeline,Jharkhand,Dharwad,IOCL Pipelines,6180.37,6307.45,6312.03,6307.45,569.54,545.4,561.92,2011-04-01,2014-05-15,2016-02-04,2015-12-22,2011,99.9,100.0,8,9,Under Implementation,2.06,21,Court stay orders,0,1,2026-03-24
PRJ-O&G-0021,"Product Pipeline Project in Bokaro, Goa",Ministry of Petroleum & Natural Gas,Oil & Gas Pipelines,Product Pipeline,Goa,Guntur,IOCL Pipelines,11625.93,11495.66,11443.98,3597.36,68.54,265.26,1572.37,2016-07-01,2018-09-19,2018-07-27,2018-10-18,2016,30.2,31.3,0,7,Shelved,-1.12,0,,0,0,2026-03-17
PRJ-O&G-0022,"Gas Pipeline Project in Warangal, Haryana",Ministry of Petroleum & Natural Gas,Oil & Gas Pipelines,Gas Pipeline,Haryana,Tumkur,IOCL Pipelines,573.43,581.32,594.56,581.32,0,65.1,56.9,2009-04-01,2013-11-06,2013-11-10,2013-11-10,2009,100.0,100.0,13,13,Completed,1.38,0,,0,0,2026-03-06
PRJ-O&G-0023,"Product Pipeline Project in Jalgaon, Karnataka",Ministry of Petroleum & Natural Gas,Oil & Gas Pipelines,Product Pipeline,Karnataka,Bijapur,IOCL Pipelines,5993.08,6253.92,6471.87,6253.92,0,496.35,374.67,2010-01-01,2013-06-14,2013-05-16,2013-04-04,2010,100.0,100.0,10,10,Completed,4.35,0,,0,0,2026-03-02
PRJ-O&G-0024,LNG Terminal - Punjab (Raichur),Ministry of Petroleum & Natural Gas,Oil & Gas Pipelines,LNG Terminal,Punjab,Dibrugarh,GAIL,6516.98,8444.58,8350.12,8444.58,0,1116.12,813.38,2019-10-01,2023-08-11,2023-07-06,2023-09-04,2019,100.0,100.0,18,18,Completed,29.58,0,,2,0,2026-04-01
PRJ-O&G-0025,Gas Pipeline - Karnataka (Bokaro),Ministry of Petroleum & Natural Gas,Oil & Gas Pipelines,Gas Pipeline,Karnataka,Salem,HPCL Pipelines,1625.42,1942.55,2067.0,1942.55,208.53,181.86,95.57,2021-04-01,2026-12-31,2027-02-23,2027-06-13,2021,98.7,100.0,9,12,Under Implementation,19.51,0,,1,0,2026-03-21
PRJ-O&G-0026,"Construction of LNG Terminal at Bijapur, Assam",Ministry of Petroleum & Natural Gas,Oil & Gas Pipelines,LNG Terminal,Assam,Meerut,Indian Oil Pipelines Division,898.92,937.66,984.56,937.66,135.62,129.9,135.7,2008-10-01,2013-09-05,2015-08-26,2015-10-20,2008,99.9,100.0,13,16,Under Implementation,4.31,24,Forest clearance pending; Change in project scope; Law and order issues,0,2,2026-03-21
PRJ-O&G-0027,"Construction of Product Pipeline at Karnal, Maharashtra",Ministry of Petroleum & Natural Gas,Oil & Gas Pipelines,Product Pipeline,Maharashtra,Bellary,IOCL Pipelines,2530.73,2484.44,2506.73,2484.44,0,167.7,493.09,2019-04-01,2021-03-21,2021-01-25,2021-07-14,2019,100.0,100.0,7,7,Completed,-1.83,0,,0,0,2026-03-14
PRJ-O&G-0028,Product Pipeline - Bihar (Raigad),Ministry of Petroleum & Natural Gas,Oil & Gas Pipelines,Product Pipeline,Bihar,Salem,GAIL,1201.56,1223.53,1318.87,867.17,181.93,247.91,66.61,2022-10-01,2025-10-15,2028-06-01,2028-11-01,2022,72.2,70.9,12,17,Under Implementation,1.83,32,Forest clearance pending; Right-of-Way (RoW) issues,0,2,2026-03-19
PRJ-O&G-0029,"Construction of Product Pipeline at Meerut, Karnataka",Ministry of Petroleum & Natural Gas,Oil & Gas Pipelines,Product Pipeline,Karnataka,Korba,BPCL Pipelines,4676.61,4676.61,4645.7,1879.88,27.18,105.03,186.33,2023-01-01,2026-06-14,2026-06-22,2026-05-20,2023,43.1,40.2,6,17,Shelved,0,0,,1,0,2026-03-23
PRJ-O&G-0030,"Construction of Product Pipeline at Chittoor, Karnataka",Ministry of Petroleum & Natural Gas,Oil & Gas Pipelines,Product Pipeline,Karnataka,Meerut,GAIL,1217.73,1275.45,1252.23,1262.04,239.35,218.23,217.42,2012-04-01,2016-09-07,2018-07-29,2018-09-13,2012,96.8,98.9,19,19,Under Implementation,4.74,23,Land acquisition delays; Fund release delays,0,2,2026-03-02
PRJ-O&G-0031,Gas Pipeline - Jharkhand (Bijapur),Ministry of Petroleum & Natural Gas,Oil & Gas Pipelines,Gas Pipeline,Jharkhand,North,HPCL Pipelines,7521.85,7836.98,8186.95,7836.98,0,520.67,274.32,2018-04-01,2020-10-17,2020-10-16,2021-03-25,2018,100.0,100.0,20,20,Completed,4.19,0,,0,0,2026-03-10
PRJ-O&G-0032,Product Pipeline - Goa (Rourkela),Ministry of Petroleum & Natural Gas,Oil & Gas Pipelines,Product Pipeline,Goa,Salem,Indian Oil Pipelines Division,565.32,577.94,568.89,577.94,44.82,31.98,27.96,2013-10-01,2018-09-05,2018-08-04,2018-11-11,2013,99.0,100.0,9,11,Under Implementation,2.23,0,,0,0,2026-03-18
PRJ-O&G-0033,"Product Pipeline Project in Dharwad, Andhra Pradesh",Ministry of Petroleum & Natural Gas,Oil & Gas Pipelines,Product Pipeline,Andhra Pradesh,Bellary,BPCL Pipelines,2641.89,2698.43,2912.03,2451.95,552.41,686.47,630.76,2024-01-01,2027-04-15,2027-06-08,2027-07-14,2024,82.8,90.9,3,5,Under Implementation,2.14,0,,0,0,2026-03-31
PRJ-O&G-0034,"LNG Terminal Project in Bokaro, West Bengal",Ministry of Petroleum & Natural Gas,Oil & Gas Pipelines,LNG Terminal,West Bengal,Jharsuguda,Indian Oil Pipelines Division,9451.39,9727.65,10467.71,8391.92,822.87,1234.68,1455.54,2011-07-01,2016-11-01,2016-10-18,2016-08-27,2011,99.6,86.3,15,17,Under Implementation,2.92,0,,0,0,2026-04-01
PRJ-O&G-0035,"Crude Pipeline Project in Tumkur, Rajasthan",Ministry of Petroleum & Natural Gas,Oil & Gas Pipelines,Crude Pipeline,Rajasthan,Jharsuguda,IOCL Pipelines,6770.68,6858.35,7003.57,6858.35,0,666.91,313.28,2017-10-01,2023-08-31,2023-08-31,2024-01-11,2017,100.0,100.0,13,13,Completed,1.29,0,,0,2,2026-03-25
PRJ-O&G-0036,Gas Pipeline - Uttarakhand (East),Ministry of Petroleum & Natural Gas,Oil & Gas Pipelines,Gas Pipeline,Uttarakhand,Bijapur,BPCL Pipelines,18407.64,18416.5,18696.29,18416.5,0,1741.68,701.67,2017-10-01,2023-02-02,2025-09-19,2026-02-03,2017,100.0,100.0,14,14,Completed,0.05,32,Contractual issues with EPC contractor; Law and order issues,0,2,2026-03-30
PRJ-O&G-0037,"Construction of LNG Terminal at West, Uttarakhand",Ministry of Petroleum & Natural Gas,Oil & Gas Pipelines,LNG Terminal,Uttarakhand,Latur,GAIL,3340.76,3483.35,3645.48,2308.91,842.3,601.77,407.32,2023-04-01,2028-09-01,2028-07-05,2028-05-18,2023,70.5,66.3,7,14,Under Implementation,4.27,0,,0,0,2026-03-30
PRJ-O&G-0038,"Construction of Product Pipeline at Karnal, Gujarat",Ministry of Petroleum & Natural Gas,Oil & Gas Pipelines,Product Pipeline,Gujarat,West,Indian Oil Pipelines Division,18804.3,20978.66,20782.53,20978.66,2267.53,3717.49,1131.7,2013-01-01,2018-04-05,2020-02-24,2020-04-23,2013,97.5,100.0,18,18,Under Implementation,11.56,23,COVID-19 pandemic impact; Change in technology specifications,2,1,2026-03-13
PRJ-O&G-0039,"Construction of Crude Pipeline at Anand, Rajasthan",Ministry of Petroleum & Natural Gas,Oil & Gas Pipelines,Crude Pipeline,Rajasthan,Burdwan,HPCL Pipelines,2096.51,2063.78,2120.12,2063.78,0,257.14,499.08,2014-07-01,2018-04-11,2018-04-11,2018-07-29,2014,100.0,100.0,16,16,Completed,-1.56,0,,0,2,2026-03-03
PRJ-O&G-0040,"Construction of Product Pipeline at Khammam, Uttar Pradesh",Ministry of Petroleum & Natural Gas,Oil & Gas Pipelines,Product Pipeline,Uttar Pradesh,Barmer,Indian Oil Pipelines Division,662.78,801.94,860.17,796.35,183.76,166.6,47.31,2008-07-01,2011-08-15,2011-06-18,2011-10-25,2008,98.5,99.3,14,14,Under Implementation,21.0,0,,4,0,2026-03-14
PRJ-O&G-0041,"Product Pipeline Project in Raigad, Bihar",Ministry of Petroleum & Natural Gas,Oil & Gas Pipelines,Product Pipeline,Bihar,Durg,IOCL Pipelines,442.75,438.03,465.9,348.12,61.84,50.81,96.11,2024-04-01,2026-12-17,2026-12-17,2026-10-06,2024,93.2,79.5,12,15,Under Implementation,-1.07,0,,0,3,2026-03-07
PRJ-O&G-0042,"Gas Pipeline Project in Tirunelveli, Tamil Nadu",Ministry of Petroleum & Natural Gas,Oil & Gas Pipelines,Gas Pipeline,Tamil Nadu,Latur,HPCL Pipelines,1298.23,1348.38,1373.74,1348.38,0,178.86,148.16,2017-04-01,2019-05-21,2019-04-08,2019-06-19,2017,100.0,100.0,18,18,Completed,3.86,0,,0,0,2026-03-24
PRJ-O&G-0043,"Construction of Crude Pipeline at Dharwad, Uttarakhand",Ministry of Petroleum & Natural Gas,Oil & Gas Pipelines,Crude Pipeline,Uttarakhand,East,Indian Oil Pipelines Division,1961.44,1982.56,2098.47,576.25,3.96,11.81,407.9,2024-10-01,2028-01-14,2031-12-24,2031-11-19,2024,33.4,29.1,6,18,Stalled,1.08,48,Land acquisition delays; Equipment delivery delays; Design changes during execution,0,2,2026-03-16
PRJ-O&G-0044,"Construction of Gas Pipeline at Tirunelveli, Delhi",Ministry of Petroleum & Natural Gas,Oil & Gas Pipelines,Gas Pipeline,Delhi,Rourkela,Indian Oil Pipelines Division,3091.88,3576.89,3607.26,3576.89,0,261.44,452.87,2016-04-01,2018-09-18,2018-08-25,2018-07-24,2016,100.0,100.0,5,5,Completed,15.69,0,,1,0,2026-04-01
PRJ-O&G-0045,"Crude Pipeline Project in East, Assam",Ministry of Petroleum & Natural Gas,Oil & Gas Pipelines,Crude Pipeline,Assam,Central,HPCL Pipelines,2024.72,2085.46,2249.66,2066.63,267.05,227.99,73.81,2018-01-01,2021-09-12,2021-08-20,2021-06-18,2018,99.9,99.1,15,15,Under Implementation,3.0,0,,0,0,2026-03-10
PRJ-O&G-0046,Gas Pipeline - Himachal Pradesh (East),Ministry of Petroleum & Natural Gas,Oil & Gas Pipelines,Gas Pipeline,Himachal Pradesh,Chittoor,Indian Oil Pipelines Division,1977.93,2024.81,2149.13,1657.65,381.11,276.12,424.09,2023-04-01,2027-05-10,2027-05-10,2027-08-17,2023,90.1,81.9,7,11,Under Implementation,2.37,0,,0,2,2026-03-06
PRJ-O&G-0047,LNG Terminal - Gujarat (Hassan),Ministry of Petroleum & Natural Gas,Oil & Gas Pipelines,LNG Terminal,Gujarat,Dharwad,BPCL Pipelines,967.88,1055.43,1047.78,1055.43,0,154.63,160.65,2021-04-01,2026-02-04,2025-12-31,2025-12-06,2021,100.0,100.0,6,6,Completed,9.05,0,,3,0,2026-03-05
PRJ-O&G-0048,"Construction of LNG Terminal at Siliguri, Karnataka",Ministry of Petroleum & Natural Gas,Oil & Gas Pipelines,LNG Terminal,Karnataka,Jharsuguda,GAIL,606.99,722.84,741.27,722.84,173.86,189.0,150.38,2016-10-01,2018-12-20,2018-12-26,2019-05-23,2016,99.9,100.0,13,15,Under Implementation,19.09,0,,3,0,2026-03-26
PRJ-O&G-0049,"Construction of Crude Pipeline at Burdwan, West Bengal",Ministry of Petroleum & Natural Gas,Oil & Gas Pipelines,Crude Pipeline,West Bengal,Burdwan,HPCL Pipelines,1178.34,1196.6,1235.62,1064.43,218.87,222.3,236.13,2018-01-01,2023-03-06,2023-01-28,2022-12-23,2018,99.9,89.0,14,15,Under Implementation,1.55,0,,0,0,2026-03-19
PRJ-O&G-0050,"Construction of Product Pipeline at Satna, Haryana",Ministry of Petroleum & Natural Gas,Oil & Gas Pipelines,Product Pipeline,Haryana,Jharsuguda,HPCL Pipelines,2215.69,2308.39,2308.86,2124.57,656.56,392.99,382.09,2010-10-01,2015-11-04,2015-10-30,2015-12-29,2010,97.0,92.0,11,12,Under Implementation,4.18,0,,0,0,2026-03-17
PRJ-O&G-0051,Crude Pipeline - Gujarat (Rourkela),Ministry of Petroleum & Natural Gas,Oil & Gas Pipelines,Crude Pipeline,Gujarat,Barmer,BPCL Pipelines,4994.39,5017.65,5237.41,3976.5,921.56,583.72,385.92,2022-01-01,2027-11-01,2027-11-04,2027-08-23,2022,87.9,79.3,12,17,Under Implementation,0.47,0,,0,0,2026-03-14
PRJ-O&G-0052,Crude Pipeline - Bihar (Siliguri),Ministry of Petroleum & Natural Gas,Oil & Gas Pipelines,Crude Pipeline,Bihar,Jalgaon,HPCL Pipelines,1252.21,1318.61,1294.14,1318.61,0,141.4,136.39,2018-07-01,2023-05-06,2023-12-02,2023-11-03,2018,100.0,100.0,18,18,Completed,5.3,7,Rehabilitation and resettlement issues; Contractual issues with EPC contractor,2,1,2026-03-21
PRJ-T-0001,Optical Fiber - Uttarakhand (Warangal),Ministry of Communications,Telecom,Optical Fiber,Uttarakhand,South,BharatNet,210.56,217.44,216.13,39.22,0.22,1.55,32.45,2009-07-01,2011-08-20,2012-04-16,2012-10-12,2009,18.7,18.0,0,9,Stalled,3.27,8,Right-of-Way (RoW) issues,0,1,2026-03-25
PRJ-T-0002,"Construction of Mobile Tower at North, Jammu & Kashmir",Ministry of Communications,Telecom,Mobile Tower,Jammu & Kashmir,Barmer,BSNL,4532.5,4490.85,4579.71,4490.85,0,514.12,1074.25,2010-04-01,2012-03-21,2013-08-13,2013-06-16,2010,100.0,100.0,6,6,Completed,-0.92,17,Contractual issues with EPC contractor,0,2,2026-03-29
PRJ-T-0003,"Construction of Data Center at Satna, Jharkhand",Ministry of Communications,Telecom,Data Center,Jharkhand,Barmer,BharatNet,667.87,657.48,645.61,657.48,0,93.53,26.07,2011-01-01,2013-05-20,2013-04-08,2013-06-07,2011,100.0,100.0,10,10,Completed,-1.56,0,,0,0,2026-03-09
PRJ-T-0004,Data Center - Bihar (Dharwad),Ministry of Communications,Telecom,Data Center,Bihar,Solapur,TCIL,1657.18,2120.84,2243.84,2120.84,358.95,284.07,145.13,2020-07-01,2021-12-23,2023-04-17,2023-10-07,2020,93.1,100.0,4,7,Under Implementation,27.98,16,Regulatory approvals pending; Equipment delivery delays; Law and order issues,2,1,2026-03-24
PRJ-T-0005,Mobile Tower - Haryana (Bellary),Ministry of Communications,Telecom,Mobile Tower,Haryana,Bijapur,C-DOT,4190.49,4188.44,4436.86,4160.65,441.48,215.71,511.81,2019-07-01,2021-10-18,2022-01-16,2022-04-05,2019,98.3,99.3,6,9,Under Implementation,-0.05,0,,0,0,2026-03-05
PRJ-T-0006,5G Network - Odisha (Solapur),Ministry of Communications,Telecom,5G Network,Odisha,Meerut,BSNL,2414.06,2515.02,2538.55,2346.9,409.24,294.24,336.23,2011-10-01,2013-08-21,2014-06-17,2014-09-09,2011,99.9,93.3,10,10,Under Implementation,4.18,10,Regulatory approvals pending; Forest clearance pending,0,2,2026-03-11
PRJ-T-0007,"Construction of Optical Fiber at Dibrugarh, Madhya Pradesh",Ministry of Communications,Telecom,Optical Fiber,Madhya Pradesh,Anand,BSNL,1735.77,1739.91,1848.21,358.53,544.95,400.18,286.87,2024-10-01,2027-07-18,2028-12-09,2029-03-12,2024,23.2,20.6,0,7,Under Implementation,0.24,17,Land acquisition delays,0,3,2026-03-17
PRJ-T-0008,"Construction of 5G Network at Hassan, Maharashtra",Ministry of Communications,Telecom,5G Network,Maharashtra,Central,BSNL,3252.74,3396.11,3652.74,3396.11,0,456.19,468.43,2019-04-01,2021-04-20,2021-04-01,2021-06-25,2019,100.0,100.0,6,6,Completed,4.41,0,,0,0,2026-03-29
PRJ-T-0009,Mobile Tower - Gujarat (Satna),Ministry of Communications,Telecom,Mobile Tower,Gujarat,Barmer,BharatNet,807.11,809.34,855.01,703.47,115.81,108.71,173.62,2023-01-01,2024-10-22,2024-11-03,2024-08-21,2023,99.9,86.9,2,5,Under Implementation,0.28,0,,0,0,2026-03-31
PRJ-T-0010,Mobile Tower - Rajasthan (Latur),Ministry of Communications,Telecom,Mobile Tower,Rajasthan,Karnal,C-DOT,1438.0,1490.88,1589.86,1490.88,252.77,256.51,283.86,2009-01-01,2011-04-21,2011-03-03,2011-04-23,2009,99.9,100.0,14,17,Under Implementation,3.68,0,,0,0,2026-03-31
PRJ-T-0011,"Data Center Project in Hassan, Tripura",Ministry of Communications,Telecom,Data Center,Tripura,Tumkur,BharatNet,1342.21,1366.52,1405.52,1365.54,153.71,156.16,246.33,2021-10-01,2023-03-25,2023-01-28,2023-05-23,2021,99.9,99.9,6,7,Under Implementation,1.81,0,,0,0,2026-03-20
PRJ-T-0012,Optical Fiber - Tamil Nadu (South),Ministry of Communications,Telecom,Optical Fiber,Tamil Nadu,Siliguri,BSNL,2716.63,2724.63,2737.6,2724.63,367.63,258.84,473.42,2018-01-01,2020-10-17,2020-11-17,2020-09-05,2018,99.9,100.0,9,9,Under Implementation,0.29,0,,0,0,2026-03-16
PRJ-T-0013,"5G Network Project in Central, Maharashtra",Ministry of Communications,Telecom,5G Network,Maharashtra,Chittoor,C-DOT,3991.73,5131.56,5514.56,4446.23,693.65,576.26,850.12,2015-10-01,2017-11-19,2018-01-29,2017-11-05,2015,99.9,86.6,11,13,Under Implementation,28.55,0,,4,0,2026-03-29
PRJ-T-0014,"Optical Fiber Project in Tirunelveli, Rajasthan",Ministry of Communications,Telecom,Optical Fiber,Rajasthan,Central,C-DOT,4434.85,4591.7,4603.22,4591.7,0,430.65,804.66,2019-07-01,2021-05-21,2021-08-19,2021-10-09,2019,100.0,100.0,14,14,Completed,3.54,3,Design changes during execution,0,3,2026-03-16
PRJ-T-0015,"Construction of Mobile Tower at Salem, Punjab",Ministry of Communications,Telecom,Mobile Tower,Punjab,Jalgaon,BSNL,474.4,465.63,490.22,436.33,141.55,82.89,72.23,2023-01-01,2026-10-12,2026-10-12,2026-12-11,2023,99.9,93.7,3,5,Under Implementation,-1.85,0,,0,3,2026-03-08
PRJ-T-0016,"Construction of Optical Fiber at Central, Manipur",Ministry of Communications,Telecom,Optical Fiber,Manipur,Bellary,TCIL,2199.76,2297.99,2362.15,2297.99,0,139.99,307.5,2009-01-01,2011-04-21,2012-04-15,2012-08-27,2009,100.0,100.0,18,18,Completed,4.47,12,Contractual issues with EPC contractor; Forest clearance pending,0,3,2026-03-30
PRJ-T-0017,"Data Center Project in South, West Bengal",Ministry of Communications,Telecom,Data Center,West Bengal,Bokaro,TCIL,2893.25,3135.92,3239.22,3135.92,442.08,358.9,562.63,2023-01-01,2024-08-23,2024-08-23,2024-07-18,2023,99.9,100.0,12,13,Under Implementation,8.39,0,,4,1,2026-03-24
PRJ-T-0018,"Construction of Data Center at Satna, Assam",Ministry of Communications,Telecom,Data Center,Assam,Warangal,BSNL,1437.33,1454.65,1545.01,1133.11,365.01,196.69,242.35,2023-07-01,2026-11-12,2027-07-10,2027-12-27,2023,82.0,77.9,14,17,Under Implementation,1.21,8,Fund release delays; Material supply chain disruption,0,2,2026-04-01
PRJ-T-0019,"5G Network Project in Dibrugarh, Delhi",Ministry of Communications,Telecom,5G Network,Delhi,Burdwan,BharatNet,2870.45,2870.45,3089.11,2683.35,953.19,459.42,305.42,2023-01-01,2026-11-11,2027-02-03,2026-12-07,2023,82.3,93.5,7,9,Under Implementation,0,0,,2,0,2026-03-06
PRJ-T-0020,Data Center - Arunachal Pradesh (Khammam),Ministry of Communications,Telecom,Data Center,Arunachal Pradesh,South,BharatNet,5637.24,5692.13,6059.5,5064.44,1286.68,1205.19,1308.19,2023-07-01,2026-03-17,2027-04-11,2027-09-03,2023,87.7,89.0,6,7,Under Implementation,0.97,13,Labour shortage; Regulatory approvals pending,0,3,2026-03-15
PRJ-T-0021,"Mobile Tower Project in Raigad, Odisha",Ministry of Communications,Telecom,Mobile Tower,Odisha,Khammam,BSNL,733.93,723.29,752.87,723.29,82.36,52.71,148.23,2013-07-01,2015-12-18,2015-11-26,2016-04-05,2013,96.1,100.0,10,13,Under Implementation,-1.45,0,,0,0,2026-03-16
PRJ-T-0022,"Construction of Optical Fiber at Korba, Uttarakhand",Ministry of Communications,Telecom,Optical Fiber,Uttarakhand,Satna,TCIL,6461.23,6716.24,7104.18,6716.24,0,844.05,372.06,2013-10-01,2016-07-17,2017-09-10,2018-03-01,2013,100.0,100.0,8,8,Completed,3.95,14,Inter-departmental coordination delays; Right-of-Way (RoW) issues; Material supply chain disruption,0,3,2026-03-09
PRJ-T-0023,Mobile Tower - Tamil Nadu (Meerut),Ministry of Communications,Telecom,Mobile Tower,Tamil Nadu,South,BharatNet,2428.39,2428.39,2599.12,2428.39,473.42,296.6,335.54,2011-04-01,2013-09-17,2013-12-09,2014-04-25,2011,99.9,100.0,13,13,Under Implementation,0,0,,4,0,2026-03-09
PRJ-T-0024,"5G Network Project in Rourkela, Uttar Pradesh",Ministry of Communications,Telecom,5G Network,Uttar Pradesh,Karnal,BharatNet,905.22,909.67,944.08,909.67,91.4,54.3,209.31,2013-04-01,2016-01-16,2016-01-11,2016-01-12,2013,99.9,100.0,4,5,Under Implementation,0.49,0,,0,0,2026-03-02
PRJ-T-0025,"Construction of Mobile Tower at Barmer, Odisha",Ministry of Communications,Telecom,Mobile Tower,Odisha,Bijapur,TCIL,1814.14,1839.64,1843.34,1686.69,110.85,137.74,143.08,2012-04-01,2015-04-16,2017-06-04,2017-06-24,2012,95.0,91.7,10,12,Under Implementation,1.41,26,Labour shortage; Environmental clearance pending,0,1,2026-03-15
PRJ-T-0026,5G Network - Odisha (Dibrugarh),Ministry of Communications,Telecom,5G Network,Odisha,Jharsuguda,TCIL,432.36,499.71,510.47,434.07,32.57,44.09,67.61,2017-10-01,2019-05-24,2019-05-29,2019-08-24,2017,99.9,86.9,13,14,Under Implementation,15.58,0,,1,0,2026-03-31
PRJ-T-0027,"5G Network Project in Latur, Maharashtra",Ministry of Communications,Telecom,5G Network,Maharashtra,Nellore,TCIL,195.86,231.83,227.77,224.82,35.54,25.72,38.68,2017-10-01,2020-11-14,2020-11-08,2020-08-19,2017,99.9,97.0,11,12,Under Implementation,18.37,0,,1,0,2026-03-14
PRJ-T-0028,"Optical Fiber Project in Jharsuguda, Uttar Pradesh",Ministry of Communications,Telecom,Optical Fiber,Uttar Pradesh,North,TCIL,1583.09,1558.9,1661.38,1305.06,138.75,99.52,68.98,2022-10-01,2024-10-20,2024-09-15,2024-12-19,2022,93.5,83.7,8,9,Under Implementation,-1.53,0,,0,0,2026-03-05
PRJ-T-0029,5G Network - Karnataka (Siliguri),Ministry of Communications,Telecom,5G Network,Karnataka,Khammam,TCIL,2668.62,2745.08,2776.54,2745.08,0,255.95,506.53,2015-10-01,2017-09-20,2018-09-15,2018-06-23,2015,100.0,100.0,16,16,Completed,2.87,12,Regulatory approvals pending; Change in technology specifications,0,1,2026-03-19
PRJ-T-0030,"Mobile Tower Project in Nellore, Madhya Pradesh",Ministry of Communications,Telecom,Mobile Tower,Madhya Pradesh,South,C-DOT,176.85,179.99,192.4,166.23,33.56,43.46,30.31,2016-01-01,2019-11-11,2019-09-17,2020-02-03,2016,99.8,92.4,9,11,Under Implementation,1.78,0,,0,0,2026-03-09
PRJ-T-0031,"Construction of Optical Fiber at Burdwan, Gujarat",Ministry of Communications,Telecom,Optical Fiber,Gujarat,Chittoor,TCIL,2289.42,2338.37,2429.31,1992.81,522.15,282.75,495.61,2017-04-01,2020-11-11,2021-01-27,2021-05-04,2017,95.9,85.2,10,13,Under Implementation,2.14,0,,0,0,2026-03-17
PRJ-T-0032,"Construction of Optical Fiber at Karnal, Punjab",Ministry of Communications,Telecom,Optical Fiber,Punjab,Jharsuguda,C-DOT,4254.75,4350.98,4452.82,4350.98,0,328.42,506.75,2011-07-01,2013-07-20,2013-08-30,2013-08-01,2011,100.0,100.0,16,16,Completed,2.26,0,,0,0,2026-03-04
PRJ-T-0033,5G Network - Rajasthan (Warangal),Ministry of Communications,Telecom,5G Network,Rajasthan,Durg,BSNL,243.17,251.39,270.25,251.39,59.81,35.11,29.75,2015-07-01,2017-05-21,2017-12-17,2018-03-09,2015,97.2,100.0,5,8,Under Implementation,3.38,7,Change in project scope,0,1,2026-03-11
PRJ-T-0034,"Construction of 5G Network at Korba, Tripura",Ministry of Communications,Telecom,5G Network,Tripura,Warangal,C-DOT,478.01,501.03,523.71,501.03,82.97,115.1,40.72,2012-10-01,2014-06-23,2014-06-09,2014-11-14,2012,99.3,100.0,13,16,Under Implementation,4.82,0,,0,0,2026-03-02
PRJ-T-0035,Data Center - Rajasthan (Durg),Ministry of Communications,Telecom,Data Center,Rajasthan,Tumkur,C-DOT,3866.1,3941.84,4125.59,3941.84,0,381.56,459.62,2021-01-01,2022-11-22,2023-01-30,2023-07-07,2021,100.0,100.0,18,18,Completed,1.96,0,,0,0,2026-03-09
PRJ-T-0036,"Construction of Mobile Tower at Dharwad, Uttar Pradesh",Ministry of Communications,Telecom,Mobile Tower,Uttar Pradesh,Siliguri,TCIL,2911.18,3055.73,3278.37,3055.73,0,437.29,150.81,2021-04-01,2023-10-18,2023-09-25,2023-08-10,2021,100.0,100.0,20,20,Completed,4.97,0,,0,0,2026-03-27
PRJ-T-0037,"Optical Fiber Project in Meerut, Gujarat",Ministry of Communications,Telecom,Optical Fiber,Gujarat,Jharsuguda,TCIL,210.73,210.73,206.83,183.15,41.47,23.55,52.09,2012-01-01,2015-07-14,2015-07-14,2015-12-26,2012,92.9,86.9,13,16,Under Implementation,0,0,,1,0,2026-03-28
PRJ-T-0038,Mobile Tower - Uttar Pradesh (Satna),Ministry of Communications,Telecom,Mobile Tower,Uttar Pradesh,Tumkur,BSNL,9485.92,9835.01,10276.94,9835.01,0,814.57,1807.35,2019-04-01,2022-07-14,2022-09-01,2022-11-24,2019,100.0,100.0,5,5,Completed,3.68,0,,2,0,2026-03-24
PRJ-T-0039,"5G Network Project in Warangal, Bihar",Ministry of Communications,Telecom,5G Network,Bihar,Tumkur,BharatNet,759.62,763.01,791.84,763.01,197.63,131.85,132.65,2015-04-01,2017-06-19,2017-06-10,2017-05-14,2015,99.9,100.0,7,8,Under Implementation,0.45,0,,0,0,2026-03-22
PRJ-T-0040,"Data Center Project in Korba, Kerala",Ministry of Communications,Telecom,Data Center,Kerala,Chittoor,BharatNet,4989.64,5224.87,5218.67,4794.43,805.21,1322.05,636.11,2019-10-01,2023-04-13,2023-02-20,2023-08-09,2019,94.5,91.8,8,10,Under Implementation,4.71,0,,0,0,2026-03-06
PRJ-T-0041,"5G Network Project in North, Uttar Pradesh",Ministry of Communications,Telecom,5G Network,Uttar Pradesh,Solapur,TCIL,826.77,918.94,915.85,918.94,0,61.4,133.29,2023-07-01,2025-02-20,2025-04-28,2025-05-15,2023,100.0,100.0,10,10,Completed,11.15,0,,4,0,2026-03-26
PRJ-T-0042,"Construction of Data Center at Raigad, Tamil Nadu",Ministry of Communications,Telecom,Data Center,Tamil Nadu,Barmer,BSNL,471.05,477.24,511.96,398.0,111.86,95.09,20.09,2013-10-01,2017-06-12,2017-07-10,2017-05-03,2013,97.3,83.4,5,5,Under Implementation,1.31,0,,0,0,2026-03-05
PRJ-T-0043,"5G Network Project in Burdwan, Tripura",Ministry of Communications,Telecom,5G Network,Tripura,Chittoor,TCIL,6077.07,6085.45,6003.14,5729.97,1386.16,1470.55,613.81,2022-04-01,2025-06-14,2025-08-05,2025-07-22,2022,99.9,94.2,5,5,Under Implementation,0.14,0,,3,0,2026-03-03
PRJ-T-0044,"Mobile Tower Project in Siliguri, Telangana",Ministry of Communications,Telecom,Mobile Tower,Telangana,Meerut,BSNL,937.35,949.5,971.23,949.5,165.29,65.27,176.34,2008-01-01,2010-10-17,2011-05-15,2011-06-25,2008,99.9,100.0,17,20,Under Implementation,1.3,7,Fund release delays,0,3,2026-03-18
PRJ-T-0045,"Construction of Data Center at Bellary, Uttar Pradesh",Ministry of Communications,Telecom,Data Center,Uttar Pradesh,Satna,C-DOT,498.5,519.81,531.76,519.81,124.77,102.45,96.29,2013-10-01,2015-05-24,2015-07-11,2015-07-16,2013,99.9,100.0,6,9,Under Implementation,4.27,0,,0,0,2026-03-18
PRJ-T-0046,"5G Network Project in Guntur, Madhya Pradesh",Ministry of Communications,Telecom,5G Network,Madhya Pradesh,Dibrugarh,C-DOT,8643.55,8513.79,8702.2,2469.49,1011.15,668.99,1960.91,2024-10-01,2028-04-13,2028-05-12,2028-04-22,2024,30.4,29.0,0,6,Under Implementation,-1.5,0,,0,0,2026-03-25
PRJ-T-0047,"Mobile Tower Project in Anand, Uttar Pradesh",Ministry of Communications,Telecom,Mobile Tower,Uttar Pradesh,Salem,BSNL,10420.12,11437.27,11685.6,11437.27,2537.67,1239.35,320.07,2018-04-01,2022-01-10,2022-01-21,2022-01-13,2018,99.9,100.0,8,8,Under Implementation,9.76,0,,3,0,2026-03-13
PRJ-T-0048,Optical Fiber - Maharashtra (Guntur),Ministry of Communications,Telecom,Optical Fiber,Maharashtra,Central,TCIL,12085.44,12206.14,12330.69,10768.86,2018.68,3130.75,597.09,2018-04-01,2021-10-12,2022-06-09,2022-06-18,2018,96.1,88.2,12,12,Under Implementation,1.0,8,Fund release delays; Geological surprises during construction; COVID-19 pandemic impact,0,2,2026-03-07
PRJ-T-0049,Data Center - Madhya Pradesh (Anand),Ministry of Communications,Telecom,Data Center,Madhya Pradesh,Korba,TCIL,2039.74,2124.1,2194.23,1883.62,289.6,528.56,133.71,2010-10-01,2012-08-21,2012-08-16,2012-09-20,2010,94.7,88.7,12,13,Under Implementation,4.14,0,,0,0,2026-03-23
PRJ-T-0050,"Construction of 5G Network at Meerut, Uttarakhand",Ministry of Communications,Telecom,5G Network,Uttarakhand,Solapur,BSNL,472.89,481.76,508.34,414.35,128.95,97.74,78.68,2016-10-01,2018-12-20,2019-12-15,2020-03-14,2016,99.9,86.0,9,12,Under Implementation,1.88,12,Environmental clearance pending; COVID-19 pandemic impact; Regulatory approvals pending,0,3,2026-03-27
PRJ-T-0051,"Data Center Project in Siliguri, Haryana",Ministry of Communications,Telecom,Data Center,Haryana,Durg,TCIL,1618.13,1943.02,2020.52,1710.44,545.35,313.0,310.46,2023-01-01,2024-10-22,2026-04-15,2026-01-30,2023,97.6,88.0,16,17,Under Implementation,20.08,18,Environmental clearance pending; Equipment delivery delays,3,1,2026-03-26
PRJ-T-0052,"Construction of Mobile Tower at Salem, Odisha",Ministry of Communications,Telecom,Mobile Tower,Odisha,Raigad,BSNL,327.5,329.46,343.93,329.46,0,16.64,79.95,2009-01-01,2012-02-15,2012-02-04,2011-11-19,2009,100.0,100.0,13,13,Completed,0.6,0,,0,0,2026-03-10
PRJ-T-0053,"5G Network Project in Tirunelveli, Gujarat",Ministry of Communications,Telecom,5G Network,Gujarat,Bokaro,BharatNet,3814.4,3793.99,3795.66,3234.08,622.53,800.63,166.05,2009-01-01,2011-10-18,2013-02-09,2013-02-15,2009,99.9,85.2,20,20,Under Implementation,-0.54,16,Land acquisition delays; Change in technology specifications; Design changes during execution,0,1,2026-03-21
PRJ-T-0054,Data Center - Rajasthan (Bellary),Ministry of Communications,Telecom,Data Center,Rajasthan,Satna,BharatNet,1337.4,1346.53,1355.33,1346.53,0,122.52,60.65,2013-10-01,2015-10-21,2015-10-14,2015-12-18,2013,100.0,100.0,9,9,Completed,0.68,0,,0,0,2026-03-26
PRJ-T-0055,"Construction of Data Center at Durg, Karnataka",Ministry of Communications,Telecom,Data Center,Karnataka,Korba,BharatNet,1700.03,2145.27,2270.98,2145.27,0,225.67,281.35,2014-07-01,2018-02-10,2018-03-08,2018-04-25,2014,100.0,100.0,6,6,Completed,26.19,0,,2,0,2026-03-27
PRJ-UI-0001,"Housing Project in Tumkur, Meghalaya",Ministry of Housing & Urban Affairs,Urban Infrastructure,Housing,Meghalaya,Guntur,LMRC,6146.11,6278.15,6307.77,6278.15,0,657.51,1290.2,2010-07-01,2013-09-13,2013-10-09,2013-12-14,2010,100.0,100.0,10,10,Completed,2.15,0,,0,0,2026-03-22
PRJ-UI-0002,Urban Transport - Jammu & Kashmir (Satna),Ministry of Housing & Urban Affairs,Urban Infrastructure,Urban Transport,Jammu & Kashmir,Durg,LMRC,2223.36,3790.13,4016.92,3790.13,0,256.57,315.33,2015-10-01,2020-05-07,2021-07-01,2021-04-15,2015,100.0,100.0,9,9,Completed,70.47,14,Design changes during execution,1,3,2026-03-27
PRJ-UI-0003,Smart City - Gujarat (Tirunelveli),Ministry of Housing & Urban Affairs,Urban Infrastructure,Smart City,Gujarat,Siliguri,CMRL,5293.17,8787.85,9253.7,561.98,1907.55,1451.44,1241.3,2024-10-01,2029-04-08,2030-02-02,2029-11-26,2024,6.5,6.4,0,12,Under Implementation,66.02,10,Contractual issues with EPC contractor; Fund release delays; Material supply chain disruption,1,3,2026-03-26
PRJ-UI-0004,"Smart City Project in Meerut, Jharkhand",Ministry of Housing & Urban Affairs,Urban Infrastructure,Smart City,Jharkhand,Salem,NMRC,18863.61,22429.29,22064.66,21657.25,3775.0,3325.87,4357.91,2022-04-01,2028-04-29,2028-04-14,2028-05-12,2022,89.8,96.6,7,8,Under Implementation,18.9,0,,1,0,2026-03-29
PRJ-UI-0005,Smart City - Andhra Pradesh (Tirunelveli),Ministry of Housing & Urban Affairs,Urban Infrastructure,Smart City,Andhra Pradesh,Barmer,CMRL,3899.11,3936.66,3990.33,3936.66,1022.01,865.2,679.24,2018-07-01,2025-01-25,2028-10-06,2029-03-29,2018,99.9,100.0,11,11,Under Implementation,0.96,45,State government coordination issues; Material supply chain disruption; Design changes during execution,0,2,2026-03-26
PRJ-UI-0006,Housing - Tamil Nadu (Bijapur),Ministry of Housing & Urban Affairs,Urban Infrastructure,Housing,Tamil Nadu,Meerut,DMRC,4140.73,4140.73,4188.27,4090.7,429.72,705.04,319.33,2017-07-01,2021-12-07,2024-06-24,2024-08-16,2017,99.9,98.8,12,13,Under Implementation,0,31,Fund release delays; Design changes during execution,2,1,2026-03-25
PRJ-UI-0007,Metro Rail - Karnataka (Karnal),Ministry of Housing & Urban Affairs,Urban Infrastructure,Metro Rail,Karnataka,Khammam,NMRC,5896.05,9385.42,9354.64,8768.3,2604.76,2341.55,1420.2,2019-07-01,2026-01-25,2025-12-24,2025-12-13,2019,94.6,93.4,15,15,Under Implementation,59.18,0,,4,0,2026-03-11
PRJ-UI-0008,Smart City - Chhattisgarh (Raichur),Ministry of Housing & Urban Affairs,Urban Infrastructure,Smart City,Chhattisgarh,Central,NMRC,3620.32,3921.59,4008.05,3854.58,296.87,343.91,150.39,2014-04-01,2018-05-10,2018-03-15,2018-02-16,2014,99.9,98.3,20,20,Under Implementation,8.32,0,,4,0,2026-03-06
PRJ-UI-0009,Urban Transport - Maharashtra (Solapur),Ministry of Housing & Urban Affairs,Urban Infrastructure,Urban Transport,Maharashtra,North,BMRCL,1523.89,1595.49,1580.61,1595.49,242.59,206.76,181.24,2019-10-01,2023-08-11,2023-08-11,2023-08-11,2019,99.9,100.0,17,20,Under Implementation,4.7,0,,0,1,2026-03-16
PRJ-UI-0010,"Construction of Urban Transport at Khammam, Tamil Nadu",Ministry of Housing & Urban Affairs,Urban Infrastructure,Urban Transport,Tamil Nadu,Barmer,DMRC,3017.94,3069.48,3010.86,2417.77,625.88,622.7,429.9,2017-10-01,2023-05-03,2029-12-27,2029-11-05,2017,75.3,78.8,7,13,Under Implementation,1.71,81,Forest clearance pending; Utility shifting delays,4,2,2026-03-24
PRJ-UI-0011,"Construction of Housing at Anand, Gujarat",Ministry of Housing & Urban Affairs,Urban Infrastructure,Housing,Gujarat,Solapur,KMRL,11143.61,11418.85,12232.94,10083.19,3652.82,2084.71,1249.28,2015-10-01,2019-07-12,2021-07-01,2021-07-04,2015,98.5,88.3,7,7,Under Implementation,2.47,24,Land acquisition delays,0,1,2026-03-29
PRJ-UI-0012,Urban Transport - Jharkhand (Durg),Ministry of Housing & Urban Affairs,Urban Infrastructure,Urban Transport,Jharkhand,Dibrugarh,BMRCL,2737.85,3421.81,3424.71,3421.81,0,409.36,252.11,2018-04-01,2024-05-29,2025-12-20,2026-05-14,2018,100.0,100.0,19,19,Completed,24.98,19,COVID-19 pandemic impact; Slow mobilization by contractor,1,3,2026-03-27
PRJ-UI-0013,Smart City - Uttar Pradesh (Dharwad),Ministry of Housing & Urban Affairs,Urban Infrastructure,Smart City,Uttar Pradesh,Bokaro,LMRC,12737.92,17104.42,17967.01,17104.42,2149.81,1302.88,869.68,2019-07-01,2023-12-07,2027-05-20,2027-03-26,2019,93.6,100.0,6,7,Under Implementation,34.28,42,Change in technology specifications; Fund release delays; State government coordination issues,4,3,2026-03-23
PRJ-UI-0014,"Construction of Smart City at Barmer, Karnataka",Ministry of Housing & Urban Affairs,Urban Infrastructure,Smart City,Karnataka,Durg,BMRCL,4260.5,7607.45,7725.2,6611.32,1006.83,838.5,909.32,2011-10-01,2015-01-13,2018-09-24,2018-12-17,2011,87.3,86.9,14,15,Under Implementation,78.56,45,Land acquisition delays,4,1,2026-03-25
PRJ-UI-0015,"Urban Transport Project in Guntur, Himachal Pradesh",Ministry of Housing & Urban Affairs,Urban Infrastructure,Urban Transport,Himachal Pradesh,Dibrugarh,Smart City SPVs,258.07,295.64,301.11,93.85,37.46,37.3,52.25,2024-01-01,2027-06-14,2029-03-05,2029-07-18,2024,34.2,31.7,0,5,Under Implementation,14.56,21,Slow mobilization by contractor,4,2,2026-03-05
PRJ-UI-0016,"Construction of Metro Rail at Bijapur, Uttar Pradesh",Ministry of Housing & Urban Affairs,Urban Infrastructure,Metro Rail,Uttar Pradesh,Tirunelveli,BMRCL,1595.6,1660.03,1656.52,1457.13,113.99,154.9,330.8,2015-01-01,2019-11-06,2021-12-25,2022-02-05,2015,95.7,87.8,15,18,Under Implementation,4.04,26,Change in project scope,0,2,2026-03-27
PRJ-UI-0017,"Construction of Metro Rail at Solapur, Andhra Pradesh",Ministry of Housing & Urban Affairs,Urban Infrastructure,Metro Rail,Andhra Pradesh,Korba,CMRL,10376.68,14915.84,15408.82,14915.84,4176.87,2359.91,2054.8,2020-01-01,2026-02-28,2027-04-24,2027-08-07,2020,89.0,100.0,15,17,Under Implementation,43.74,14,State government coordination issues,3,3,2026-03-02
PRJ-UI-0018,"Construction of Sewerage at West, Jharkhand",Ministry of Housing & Urban Affairs,Urban Infrastructure,Sewerage,Jharkhand,Durg,Smart City SPVs,2397.81,2364.62,2345.86,2364.62,0,309.52,214.83,2010-07-01,2016-03-31,2022-10-26,2022-09-30,2010,100.0,100.0,19,19,Completed,-1.38,80,Design changes during execution; Regulatory approvals pending,0,1,2026-03-29
PRJ-UI-0019,Urban Transport - Uttar Pradesh (Jharsuguda),Ministry of Housing & Urban Affairs,Urban Infrastructure,Urban Transport,Uttar Pradesh,Karnal,LMRC,2179.44,2284.19,2250.62,2284.19,422.27,322.7,312.85,2008-04-01,2014-08-28,2014-11-22,2015-04-07,2008,99.9,100.0,11,12,Under Implementation,4.81,0,,0,0,2026-03-09
PRJ-UI-0020,Housing - Tamil Nadu (Nellore),Ministry of Housing & Urban Affairs,Urban Infrastructure,Housing,Tamil Nadu,Dibrugarh,KMRL,1220.63,1249.21,1319.39,1249.21,0,131.27,114.29,2015-07-01,2018-08-14,2023-06-19,2023-03-21,2015,100.0,100.0,17,17,Completed,2.34,59,Regulatory approvals pending,0,2,2026-03-14
PRJ-UI-0021,"Construction of Sewerage at Dharwad, Uttarakhand",Ministry of Housing & Urban Affairs,Urban Infrastructure,Sewerage,Uttarakhand,Dharwad,CMRL,150,170.19,169.14,170.19,12.92,17.06,16.28,2019-04-01,2024-10-01,2024-10-01,2025-02-07,2019,99.9,100.0,15,16,Under Implementation,13.46,0,,3,0,2026-03-21
PRJ-UI-0022,"Construction of Urban Transport at Nellore, Himachal Pradesh",Ministry of Housing & Urban Affairs,Urban Infrastructure,Urban Transport,Himachal Pradesh,Dibrugarh,BMRCL,1713.78,1697.26,1745.01,1697.26,0,235.11,360.09,2020-10-01,2025-07-07,2025-08-30,2025-07-11,2020,100.0,100.0,11,11,Completed,-0.96,0,,0,0,2026-03-10
PRJ-UI-0023,Housing - Tripura (Central),Ministry of Housing & Urban Affairs,Urban Infrastructure,Housing,Tripura,Jharsuguda,DMRC,5575.6,5752.33,6087.1,5752.33,0,429.52,1330.86,2008-01-01,2012-01-10,2014-09-26,2015-02-24,2008,100.0,100.0,13,13,Completed,3.17,33,Adverse weather conditions; Land acquisition delays,0,2,2026-03-24
PRJ-UI-0024,"Housing Project in Guntur, Madhya Pradesh",Ministry of Housing & Urban Affairs,Urban Infrastructure,Housing,Madhya Pradesh,Warangal,CMRL,5762.8,6226.71,6617.71,6226.71,0,731.96,940.75,2012-01-01,2017-06-03,2018-12-25,2019-04-16,2012,100.0,100.0,17,17,Completed,8.05,19,Material supply chain disruption; State government coordination issues; Design changes during execution,1,2,2026-03-13
PRJ-UI-0025,"Construction of Housing at Warangal, Andhra Pradesh",Ministry of Housing & Urban Affairs,Urban Infrastructure,Housing,Andhra Pradesh,Khammam,NMRC,4821.24,5904.79,6348.84,5469.49,1003.83,541.99,675.62,2020-10-01,2025-03-09,2027-04-28,2027-03-23,2020,91.2,92.6,5,8,Under Implementation,22.47,26,Adverse weather conditions; COVID-19 pandemic impact; Utility shifting delays,3,2,2026-03-04
PRJ-UI-0026,Housing - Telangana (Siliguri),Ministry of Housing & Urban Affairs,Urban Infrastructure,Housing,Telangana,Karnal,LMRC,5387.13,8493.57,8787.73,7.74,1577.41,1350.35,1010.66,2024-01-01,2030-09-26,2035-06-02,2035-08-25,2024,0.1,0.1,1,19,Under Implementation,57.66,57,Right-of-Way (RoW) issues; Court stay orders,4,1,2026-03-15
PRJ-UI-0027,Sewerage - Uttar Pradesh (Dharwad),Ministry of Housing & Urban Affairs,Urban Infrastructure,Sewerage,Uttar Pradesh,Durg,LMRC,5363.5,6502.14,6989.23,6502.14,600.21,1098.94,363.52,2012-07-01,2018-05-31,2018-04-19,2018-03-16,2012,97.2,100.0,8,11,Under Implementation,21.23,0,,1,0,2026-03-02
PRJ-UI-0028,"Housing Project in Khammam, Jammu & Kashmir",Ministry of Housing & Urban Affairs,Urban Infrastructure,Housing,Jammu & Kashmir,Karnal,Smart City SPVs,9612.6,9612.6,9779.22,9612.6,1311.18,1341.86,2353.79,2010-07-01,2016-05-30,2016-05-30,2016-06-02,2010,99.9,100.0,13,13,Under Implementation,0,0,,4,3,2026-03-14
PRJ-UI-0029,"Metro Rail Project in Korba, Haryana",Ministry of Housing & Urban Affairs,Urban Infrastructure,Metro Rail,Haryana,Salem,CMRL,1341.33,1320.27,1417.43,1188.11,230.96,253.4,203.97,2014-10-01,2020-06-01,2023-07-16,2023-09-15,2014,99.9,90.0,13,16,Under Implementation,-1.57,38,Geological surprises during construction; Inter-departmental coordination delays,0,2,2026-03-03
PRJ-UI-0030,"Construction of Sewerage at Hassan, Rajasthan",Ministry of Housing & Urban Affairs,Urban Infrastructure,Sewerage,Rajasthan,Jalgaon,LMRC,6400.72,6712.9,7114.58,6712.9,1370.34,1515.28,989.9,2016-04-01,2022-08-28,2025-11-10,2025-09-05,2016,99.9,100.0,11,14,Under Implementation,4.88,39,Design changes during execution; Regulatory approvals pending,0,2,2026-03-07
PRJ-UI-0031,"Smart City Project in South, Haryana",Ministry of Housing & Urban Affairs,Urban Infrastructure,Smart City,Haryana,Bijapur,CMRL,1435.19,1857.55,1921.38,750.9,328.4,537.62,257.9,2021-01-01,2026-03-06,2031-06-08,2031-07-16,2021,46.5,40.4,6,18,Under Implementation,29.43,64,Inter-departmental coordination delays; Law and order issues; Slow mobilization by contractor,4,1,2026-03-02
PRJ-UI-0032,"Construction of Sewerage at Tumkur, Odisha",Ministry of Housing & Urban Affairs,Urban Infrastructure,Sewerage,Odisha,Jalgaon,Smart City SPVs,10596.83,14597.32,15593.7,14597.32,0,1719.58,1539.83,2012-07-01,2018-07-30,2023-11-01,2023-08-09,2012,100.0,100.0,18,18,Completed,37.75,64,Forest clearance pending; Geological surprises during construction,2,3,2026-03-30
PRJ-UI-0033,"Housing Project in Latur, Uttar Pradesh",Ministry of Housing & Urban Affairs,Urban Infrastructure,Housing,Uttar Pradesh,Meerut,DMRC,393.72,469.75,494.51,469.75,0,26.59,46.24,2009-01-01,2014-10-02,2017-07-18,2017-12-11,2009,100.0,100.0,17,17,Completed,19.31,34,Utility shifting delays; Labour shortage; COVID-19 pandemic impact,3,3,2026-03-23
PRJ-UI-0034,"Sewerage Project in Salem, Karnataka",Ministry of Housing & Urban Affairs,Urban Infrastructure,Sewerage,Karnataka,Guntur,NMRC,2616.05,2708.69,2852.53,2708.69,0,306.88,284.69,2015-07-01,2018-11-12,2020-07-04,2020-05-14,2015,100.0,100.0,17,17,Completed,3.54,20,Material supply chain disruption,0,3,2026-03-11
PRJ-UI-0035,"Construction of Smart City at East, Karnataka",Ministry of Housing & Urban Affairs,Urban Infrastructure,Smart City,Karnataka,Dibrugarh,BMRCL,4602.3,4602.3,4661.97,4523.51,1367.88,1010.15,699.24,2019-10-01,2024-11-03,2026-09-24,2027-01-24,2019,89.0,98.3,8,10,Under Implementation,0,23,Fund release delays; Rehabilitation and resettlement issues; Court stay orders,4,1,2026-03-09
PRJ-UI-0036,"Construction of Metro Rail at Dibrugarh, Rajasthan",Ministry of Housing & Urban Affairs,Urban Infrastructure,Metro Rail,Rajasthan,Bijapur,NMRC,5367.11,5427.9,5612.65,4583.69,953.6,1076.65,1185.49,2022-10-01,2028-05-02,2028-05-20,2028-06-24,2022,74.8,84.4,8,14,Under Implementation,1.13,0,,0,0,2026-03-05
PRJ-UI-0037,Urban Transport - Maharashtra (Dharwad),Ministry of Housing & Urban Affairs,Urban Infrastructure,Urban Transport,Maharashtra,West,LMRC,533.84,701.91,718.12,701.91,0,45.44,50.66,2008-01-01,2013-10-01,2013-11-15,2013-10-16,2008,100.0,100.0,7,7,Completed,31.48,0,,1,0,2026-03-25
PRJ-UI-0038,"Construction of Sewerage at Bijapur, Gujarat",Ministry of Housing & Urban Affairs,Urban Infrastructure,Sewerage,Gujarat,Central,DMRC,1584.26,1639.54,1732.25,1474.73,176.17,140.46,169.8,2022-10-01,2026-03-14,2026-01-15,2026-04-10,2022,99.9,89.9,8,9,Under Implementation,3.49,0,,0,0,2026-03-17
PRJ-UI-0039,"Construction of Smart City at Satna, Rajasthan",Ministry of Housing & Urban Affairs,Urban Infrastructure,Smart City,Rajasthan,Anand,KMRL,30231.65,44271.52,44250.51,44271.52,0,6190.13,6849.6,2013-04-01,2019-06-29,2019-06-29,2019-07-13,2013,100.0,100.0,5,5,Completed,46.44,0,,3,2,2026-03-09
PRJ-UI-0040,"Urban Transport Project in Karnal, Madhya Pradesh",Ministry of Housing & Urban Affairs,Urban Infrastructure,Urban Transport,Madhya Pradesh,Raichur,LMRC,4356.06,5421.56,5806.5,4647.79,1080.69,616.24,166.8,2019-10-01,2026-04-27,2026-07-03,2026-08-05,2019,99.9,85.7,18,18,Under Implementation,24.46,0,,4,0,2026-03-08
PRJ-UI-0041,"Urban Transport Project in Guntur, Uttar Pradesh",Ministry of Housing & Urban Affairs,Urban Infrastructure,Urban Transport,Uttar Pradesh,Dibrugarh,Smart City SPVs,2238.62,2213.87,2305.25,2213.87,0,144.92,422.21,2008-10-01,2012-04-13,2012-11-09,2012-10-15,2008,100.0,100.0,18,18,Completed,-1.11,7,Fund release delays; State government coordination issues; Environmental clearance pending,0,3,2026-03-14
PRJ-UI-0042,"Urban Transport Project in Raigad, Madhya Pradesh",Ministry of Housing & Urban Affairs,Urban Infrastructure,Urban Transport,Madhya Pradesh,Hassan,KMRL,4665.35,5856.38,5753.78,5220.02,1228.85,773.55,460.78,2012-01-01,2015-12-11,2018-12-25,2018-11-09,2012,99.9,89.1,16,19,Under Implementation,25.53,37,Right-of-Way (RoW) issues; Utility shifting delays,4,1,2026-03-04
PRJ-UI-0043,Metro Rail - Madhya Pradesh (Warangal),Ministry of Housing & Urban Affairs,Urban Infrastructure,Metro Rail,Madhya Pradesh,Dharwad,BMRCL,4405.53,4512.28,4661.79,4512.28,0,334.59,659.88,2016-07-01,2020-01-12,2020-03-10,2020-06-05,2016,100.0,100.0,18,18,Completed,2.42,0,,0,0,2026-03-11
PRJ-UI-0044,"Smart City Project in Karnal, Maharashtra",Ministry of Housing & Urban Affairs,Urban Infrastructure,Smart City,Maharashtra,East,BMRCL,5927.79,6008.58,6207.85,1467.13,1.19,105.8,1174.92,2013-01-01,2017-02-09,2017-03-16,2017-05-04,2013,22.0,24.4,3,20,Stalled,1.36,0,,0,0,2026-03-15
PRJ-UI-0045,"Construction of Smart City at Tumkur, Maharashtra",Ministry of Housing & Urban Affairs,Urban Infrastructure,Smart City,Maharashtra,Dibrugarh,LMRC,728.17,752.77,802.42,688.62,178.12,167.91,26.64,2019-04-01,2023-09-07,2023-10-16,2023-12-07,2019,99.9,91.5,3,5,Under Implementation,3.38,0,,0,0,2026-03-02
PRJ-UI-0046,"Housing Project in Burdwan, Andhra Pradesh",Ministry of Housing & Urban Affairs,Urban Infrastructure,Housing,Andhra Pradesh,Burdwan,Smart City SPVs,9556.89,12683.78,13439.28,12683.78,0,1689.98,1669.84,2015-01-01,2021-10-26,2021-12-06,2022-02-10,2015,100.0,100.0,13,13,Completed,32.72,0,,3,0,2026-03-26
PRJ-UI-0047,Sewerage - Uttar Pradesh (Solapur),Ministry of Housing & Urban Affairs,Urban Infrastructure,Sewerage,Uttar Pradesh,Tumkur,NMRC,9266.78,9565.2,10162.94,9565.2,0,1390.22,2079.32,2008-10-01,2014-04-03,2014-04-27,2014-05-21,2008,100.0,100.0,16,16,Completed,3.22,0,,2,0,2026-03-07
PRJ-UI-0048,"Construction of Housing at Bokaro, Telangana",Ministry of Housing & Urban Affairs,Urban Infrastructure,Housing,Telangana,Chittoor,CMRL,1328.29,1500.35,1600.87,59.63,213.15,167.11,217.1,2024-10-01,2030-05-03,2030-04-04,2030-07-10,2024,4.6,4.0,0,5,Under Implementation,12.95,0,,2,0,2026-03-12
PRJ-UI-0049,"Construction of Housing at Salem, Gujarat",Ministry of Housing & Urban Affairs,Urban Infrastructure,Housing,Gujarat,Tirunelveli,KMRL,3734.94,3865.99,4070.42,3865.99,0,437.91,642.28,2021-04-01,2024-06-14,2025-09-07,2025-07-31,2021,100.0,100.0,17,17,Completed,3.51,15,Change in project scope; Material supply chain disruption; Fund release delays,0,3,2026-03-20
PRJ-UI-0050,"Construction of Metro Rail at Barmer, Karnataka",Ministry of Housing & Urban Affairs,Urban Infrastructure,Metro Rail,Karnataka,Khammam,CMRL,2365.63,2923.19,2908.67,2923.19,0,315.41,248.4,2012-10-01,2018-07-02,2018-09-20,2018-06-30,2012,100.0,100.0,19,19,Completed,23.57,0,,4,0,2026-03-21
PRJ-UI-0051,Housing - West Bengal (Dibrugarh),Ministry of Housing & Urban Affairs,Urban Infrastructure,Housing,West Bengal,Raichur,CMRL,15189.15,21673.4,22951.99,21673.4,0,2875.01,3432.03,2016-07-01,2021-03-07,2025-07-14,2025-08-08,2016,100.0,100.0,6,6,Completed,42.69,53,Environmental clearance pending,4,2,2026-03-28
PRJ-UI-0052,Housing - Madhya Pradesh (Central),Ministry of Housing & Urban Affairs,Urban Infrastructure,Housing,Madhya Pradesh,Jalgaon,LMRC,1730.72,1780.55,1912.88,1780.55,0,186.68,141.09,2017-07-01,2023-10-28,2024-01-26,2024-03-05,2017,100.0,100.0,19,19,Completed,2.88,0,,0,0,2026-03-27
PRJ-UI-0053,"Smart City Project in Bijapur, Kerala",Ministry of Housing & Urban Affairs,Urban Infrastructure,Smart City,Kerala,Karnal,LMRC,1506.73,2184.6,2345.65,1849.76,308.4,277.12,253.24,2020-01-01,2023-06-14,2023-08-16,2023-10-26,2020,99.4,84.7,9,12,Under Implementation,44.99,0,,4,0,2026-03-28
PRJ-UI-0054,Sewerage - Bihar (Siliguri),Ministry of Housing & Urban Affairs,Urban Infrastructure,Sewerage,Bihar,Burdwan,LMRC,280.94,290.26,296.15,283.69,37.93,30.51,21.78,2020-10-01,2025-10-05,2025-09-11,2025-09-19,2020,99.9,97.7,8,8,Under Implementation,3.32,0,,0,0,2026-03-17
PRJ-UI-0055,"Construction of Sewerage at Bokaro, Uttarakhand",Ministry of Housing & Urban Affairs,Urban Infrastructure,Sewerage,Uttarakhand,Meerut,KMRL,3682.85,3860.1,3797.25,3860.1,0,343.67,223.65,2017-10-01,2023-04-03,2023-08-31,2023-07-08,2017,100.0,100.0,9,9,Completed,4.81,5,Change in project scope,0,1,2026-03-30
PRJ-UI-0056,"Construction of Sewerage at Bijapur, Andhra Pradesh",Ministry of Housing & Urban Affairs,Urban Infrastructure,Sewerage,Andhra Pradesh,Rourkela,DMRC,5150.66,6936.56,7123.19,6936.56,0,448.1,698.09,2010-07-01,2013-10-13,2013-10-17,2013-12-07,2010,100.0,100.0,11,11,Completed,34.67,0,,2,0,2026-03-09
PRJ-UI-0057,"Sewerage Project in Nellore, Rajasthan",Ministry of Housing & Urban Affairs,Urban Infrastructure,Sewerage,Rajasthan,Satna,LMRC,4515.99,4623.96,4573.44,4592.86,596.64,433.16,244.73,2018-10-01,2022-12-09,2023-02-07,2023-08-06,2018,95.2,99.3,13,16,Under Implementation,2.39,2,Design changes during execution; Geological surprises during construction,0,3,2026-03-26
PRJ-UI-0058,"Housing Project in Meerut, Karnataka",Ministry of Housing & Urban Affairs,Urban Infrastructure,Housing,Karnataka,Jalgaon,Smart City SPVs,3337.85,3309.31,3481.38,3309.31,0,231.43,108.98,2008-10-01,2012-05-13,2013-05-08,2013-09-01,2008,100.0,100.0,10,10,Completed,-0.86,12,Environmental clearance pending; Inter-departmental coordination delays; Change in technology specifications,0,2,2026-03-05
PRJ-UI-0059,"Construction of Housing at Korba, Delhi",Ministry of Housing & Urban Affairs,Urban Infrastructure,Housing,Delhi,Central,Smart City SPVs,10833.93,12919.07,12905.45,11393.8,2962.58,1347.45,426.5,2017-04-01,2023-05-30,2023-06-08,2023-03-29,2017,93.1,88.2,16,20,Under Implementation,19.25,0,,1,0,2026-03-08
PRJ-UI-0060,Urban Transport - Haryana (Karnal),Ministry of Housing & Urban Affairs,Urban Infrastructure,Urban Transport,Haryana,Dibrugarh,CMRL,3851.34,3851.36,4008.05,2847.35,567.26,598.26,592.24,2022-01-01,2027-09-02,2027-08-05,2027-07-24,2022,71.7,73.9,11,18,Under Implementation,0.0,0,,0,0,2026-03-07
PRJ-UI-0061,"Construction of Metro Rail at Siliguri, Telangana",Ministry of Housing & Urban Affairs,Urban Infrastructure,Metro Rail,Telangana,Bijapur,NMRC,2262.88,2871.38,2911.27,2871.38,408.29,276.59,310.89,2009-10-01,2013-10-10,2013-11-14,2014-05-01,2009,95.0,100.0,10,12,Under Implementation,26.89,0,,1,0,2026-03-19
PRJ-UI-0062,"Sewerage Project in Satna, Jharkhand",Ministry of Housing & Urban Affairs,Urban Infrastructure,Sewerage,Jharkhand,East,LMRC,1535.08,1650.17,1718.72,1434.91,363.35,356.45,208.48,2010-07-01,2015-01-06,2016-12-26,2017-02-26,2010,93.5,87.0,11,11,Under Implementation,7.5,24,Contractual issues with EPC contractor; Slow mobilization by contractor; Environmental clearance pending,4,3,2026-03-22
PRJ-UI-0063,Smart City - Bihar (North),Ministry of Housing & Urban Affairs,Urban Infrastructure,Smart City,Bihar,Anand,LMRC,4998.53,5189.34,5228.83,5189.34,588.88,567.98,839.22,2009-10-01,2013-02-12,2018-05-17,2018-03-23,2009,99.9,100.0,12,14,Under Implementation,3.82,64,Design changes during execution; Change in technology specifications; Right-of-Way (RoW) issues,3,3,2026-03-08
PRJ-UI-0064,Metro Rail - Gujarat (Rourkela),Ministry of Housing & Urban Affairs,Urban Infrastructure,Metro Rail,Gujarat,Solapur,NMRC,867.34,877.07,861.59,805.97,186.64,89.14,37.73,2014-01-01,2017-06-14,2017-07-25,2017-12-25,2014,99.9,91.9,5,5,Under Implementation,1.12,0,,0,0,2026-03-28
PRJ-UI-0065,"Metro Rail Project in Chittoor, Uttar Pradesh",Ministry of Housing & Urban Affairs,Urban Infrastructure,Metro Rail,Uttar Pradesh,Nellore,Smart City SPVs,919.54,1315.31,1393.22,1315.31,104.85,132.58,121.93,2020-01-01,2023-05-15,2025-01-04,2025-05-25,2020,96.6,100.0,6,7,Under Implementation,43.04,20,Design changes during execution; Land acquisition delays,4,3,2026-03-16
PRJ-UI-0066,"Sewerage Project in Hassan, Haryana",Ministry of Housing & Urban Affairs,Urban Infrastructure,Sewerage,Haryana,Bellary,BMRCL,1609.15,1661.12,1728.17,1661.12,235.64,399.61,55.34,2014-01-01,2017-11-11,2017-11-22,2017-12-06,2014,99.7,100.0,11,14,Under Implementation,3.23,0,,0,0,2026-03-06
PRJ-UI-0067,Metro Rail - Manipur (Bokaro),Ministry of Housing & Urban Affairs,Urban Infrastructure,Metro Rail,Manipur,Bokaro,BMRCL,5259.5,5364.47,5324.75,5364.47,608.7,513.32,363.15,2014-07-01,2019-09-03,2019-10-03,2019-11-26,2014,94.0,100.0,8,9,Under Implementation,2.0,1,Right-of-Way (RoW) issues; Material supply chain disruption,0,2,2026-03-29
PRJ-UI-0068,"Construction of Sewerage at Raichur, West Bengal",Ministry of Housing & Urban Affairs,Urban Infrastructure,Sewerage,West Bengal,Burdwan,DMRC,1635.32,1743.25,1749.66,1743.25,0,147.33,293.87,2009-10-01,2016-01-28,2016-12-23,2016-11-08,2009,100.0,100.0,18,18,Completed,6.6,11,Material supply chain disruption; Labour shortage,2,1,2026-03-06
PRJ-UI-0069,"Construction of Metro Rail at Anand, Manipur",Ministry of Housing & Urban Affairs,Urban Infrastructure,Metro Rail,Manipur,Chittoor,LMRC,6054.13,6025.36,6105.08,6025.36,0,694.05,209.55,2010-10-01,2014-04-13,2014-04-10,2014-07-04,2010,100.0,100.0,11,11,Completed,-0.48,0,,0,0,2026-03-07
PRJ-UI-0070,"Construction of Sewerage at Hassan, Himachal Pradesh",Ministry of Housing & Urban Affairs,Urban Infrastructure,Sewerage,Himachal Pradesh,Raichur,Smart City SPVs,4280.68,5547.67,5842.44,5014.68,684.36,606.45,530.97,2019-01-01,2025-06-28,2025-05-19,2025-06-04,2019,99.9,90.4,8,8,Under Implementation,29.6,0,,2,0,2026-03-23
PRJ-UI-0071,"Construction of Smart City at Barmer, Bihar",Ministry of Housing & Urban Affairs,Urban Infrastructure,Smart City,Bihar,Korba,DMRC,13203.78,13728.46,14106.0,11992.19,1162.53,1357.34,1682.33,2011-10-01,2015-12-09,2015-10-16,2015-11-28,2011,99.9,87.4,13,15,Under Implementation,3.97,0,,0,0,2026-03-27
PRJ-UI-0072,"Construction of Housing at East, Bihar",Ministry of Housing & Urban Affairs,Urban Infrastructure,Housing,Bihar,Bijapur,DMRC,16324.09,21866.9,22273.52,18627.32,6048.81,4002.48,2043.63,2022-01-01,2025-11-11,2027-08-03,2027-05-14,2022,99.5,85.2,11,12,Under Implementation,33.95,21,Change in project scope; COVID-19 pandemic impact; Design changes during execution,2,3,2026-03-28
PRJ-UI-0073,Smart City - Jharkhand (Karnal),Ministry of Housing & Urban Affairs,Urban Infrastructure,Smart City,Jharkhand,Satna,NMRC,1733.26,1714.66,1698.88,1593.64,116.38,183.52,387.9,2022-07-01,2027-02-05,2027-03-06,2027-07-21,2022,99.9,92.9,5,7,Under Implementation,-1.07,0,,0,0,2026-03-20
PRJ-UI-0074,Housing - Uttar Pradesh (Guntur),Ministry of Housing & Urban Affairs,Urban Infrastructure,Housing,Uttar Pradesh,South,BMRCL,16202.02,16817.25,17922.25,15911.57,1911.29,1691.06,2823.46,2010-07-01,2014-06-10,2019-03-16,2019-08-02,2010,99.9,94.6,10,11,Under Implementation,3.8,58,Forest clearance pending,0,3,2026-03-13
PRJ-UI-0075,"Metro Rail Project in North, Andhra Pradesh",Ministry of Housing & Urban Affairs,Urban Infrastructure,Metro Rail,Andhra Pradesh,Warangal,KMRL,2041.18,2068.82,2075.99,2068.82,180.07,207.14,107.03,2015-04-01,2019-04-10,2022-12-20,2022-12-28,2015,99.9,100.0,12,12,Under Implementation,1.35,45,Change in technology specifications,0,2,2026-03-27
PRJ-UI-0076,"Construction of Housing at Central, Uttar Pradesh",Ministry of Housing & Urban Affairs,Urban Infrastructure,Housing,Uttar Pradesh,West,DMRC,2281.26,2366.07,2524.96,1268.35,444.7,408.35,214.11,2022-04-01,2026-09-07,2030-10-16,2030-09-18,2022,55.0,53.6,9,16,Under Implementation,3.72,50,Contractual issues with EPC contractor; Slow mobilization by contractor,0,2,2026-03-23
PRJ-UI-0077,"Urban Transport Project in Dibrugarh, Uttar Pradesh",Ministry of Housing & Urban Affairs,Urban Infrastructure,Urban Transport,Uttar Pradesh,East,DMRC,3499.48,3598.36,3599.73,3598.36,599.12,494.85,770.85,2009-01-01,2015-03-01,2021-04-28,2021-05-19,2009,99.9,100.0,6,8,Under Implementation,2.83,75,State government coordination issues; Court stay orders,0,2,2026-03-05
PRJ-UI-0078,"Urban Transport Project in Salem, Madhya Pradesh",Ministry of Housing & Urban Affairs,Urban Infrastructure,Urban Transport,Madhya Pradesh,Siliguri,DMRC,5657.64,5584.0,5997.86,4950.31,1437.22,1416.6,1094.0,2014-01-01,2019-11-01,2024-02-08,2023-12-24,2014,93.3,88.7,12,16,Under Implementation,-1.3,52,Adverse weather conditions,0,2,2026-03-18
PRJ-UI-0079,Urban Transport - Kerala (Hassan),Ministry of Housing & Urban Affairs,Urban Infrastructure,Urban Transport,Kerala,East,KMRL,4329.07,4420.02,4500.39,4420.02,0,470.65,737.59,2019-04-01,2023-03-11,2023-04-20,2023-09-16,2019,100.0,100.0,10,10,Completed,2.1,0,,0,0,2026-03-18
PRJ-UI-0080,Smart City - Haryana (Chittoor),Ministry of Housing & Urban Affairs,Urban Infrastructure,Smart City,Haryana,Korba,DMRC,9717.18,10442.66,10752.95,10316.86,1239.39,1086.86,1426.03,2008-01-01,2014-11-25,2014-10-21,2015-01-15,2008,96.4,98.8,5,8,Under Implementation,7.47,0,,4,0,2026-03-14
PRJ-UI-0081,"Smart City Project in Dibrugarh, Delhi",Ministry of Housing & Urban Affairs,Urban Infrastructure,Smart City,Delhi,Jalgaon,NMRC,2936.2,3033.42,2985.88,3033.42,490.95,659.11,303.1,2016-04-01,2020-01-11,2021-09-02,2021-09-28,2016,98.1,100.0,6,8,Under Implementation,3.31,20,Equipment delivery delays; Regulatory approvals pending; Land acquisition delays,0,2,2026-03-08
PRJ-UI-0082,Urban Transport - Andhra Pradesh (Satna),Ministry of Housing & Urban Affairs,Urban Infrastructure,Urban Transport,Andhra Pradesh,North,NMRC,9463.02,9416.54,9890.53,7743.15,1986.05,1837.12,1169.69,2020-10-01,2027-08-26,2027-07-13,2027-06-03,2020,89.1,82.2,12,13,Under Implementation,-0.49,0,,0,0,2026-03-24
PRJ-UI-0083,"Metro Rail Project in Karnal, Rajasthan",Ministry of Housing & Urban Affairs,Urban Infrastructure,Metro Rail,Rajasthan,North,BMRCL,3015.33,3026.21,3126.09,3026.21,249.2,310.78,591.19,2017-01-01,2020-12-11,2020-12-11,2021-01-03,2017,97.7,100.0,14,14,Under Implementation,0.36,0,,0,2,2026-03-18
PRJ-UI-0084,Sewerage - Madhya Pradesh (Jalgaon),Ministry of Housing & Urban Affairs,Urban Infrastructure,Sewerage,Madhya Pradesh,Warangal,BMRCL,4572.08,6424.29,6336.52,6424.29,0,759.4,723.5,2018-01-01,2023-01-05,2022-11-28,2022-11-02,2018,100.0,100.0,10,10,Completed,40.51,0,,2,0,2026-03-18
PRJ-UI-0085,Smart City - Tamil Nadu (Chittoor),Ministry of Housing & Urban Affairs,Urban Infrastructure,Smart City,Tamil Nadu,Central,BMRCL,3385.8,3386.78,3330.71,3386.78,1159.36,787.11,381.59,2016-07-01,2020-05-11,2020-06-18,2020-07-10,2016,96.0,100.0,8,8,Under Implementation,0.03,0,,0,0,2026-03-29
PRJ-UI-0086,Smart City - Uttar Pradesh (Barmer),Ministry of Housing & Urban Affairs,Urban Infrastructure,Smart City,Uttar Pradesh,Tumkur,CMRL,4806.07,4727.0,4939.55,4727.0,0,298.06,372.21,2010-04-01,2014-12-06,2015-12-31,2016-02-20,2010,100.0,100.0,17,17,Completed,-1.65,13,COVID-19 pandemic impact; Geological surprises during construction,0,1,2026-03-15
PRJ-UI-0087,"Construction of Metro Rail at Burdwan, Punjab",Ministry of Housing & Urban Affairs,Urban Infrastructure,Metro Rail,Punjab,Anand,BMRCL,380.82,516.72,526.39,494.45,49.72,40.56,86.55,2016-10-01,2021-11-04,2021-11-27,2021-11-13,2016,97.4,95.7,8,8,Under Implementation,35.69,0,,1,0,2026-03-31
PRJ-UI-0088,"Construction of Urban Transport at Korba, Bihar",Ministry of Housing & Urban Affairs,Urban Infrastructure,Urban Transport,Bihar,West,BMRCL,22799.63,23293.61,23859.82,21945.05,4163.55,1702.96,4264.3,2009-01-01,2013-08-08,2016-06-23,2016-04-02,2009,99.9,94.2,18,19,Under Implementation,2.17,35,Regulatory approvals pending; Environmental clearance pending; COVID-19 pandemic impact,0,2,2026-03-26
PRJ-UI-0089,"Smart City Project in Dharwad, Andhra Pradesh",Ministry of Housing & Urban Affairs,Urban Infrastructure,Smart City,Andhra Pradesh,Burdwan,KMRL,1944.31,2662.32,2763.14,2662.32,0,280.44,177.35,2011-04-01,2015-09-07,2020-09-10,2020-11-24,2011,100.0,100.0,17,17,Completed,36.93,61,Land acquisition delays; Environmental clearance pending; Right-of-Way (RoW) issues,4,2,2026-03-26
PRJ-UI-0090,"Construction of Urban Transport at Bijapur, Bihar",Ministry of Housing & Urban Affairs,Urban Infrastructure,Urban Transport,Bihar,East,BMRCL,2918.12,3458.56,3537.41,3458.56,0,205.85,346.44,2008-01-01,2012-05-09,2012-05-09,2012-07-15,2008,100.0,100.0,16,16,Completed,18.52,0,,2,1,2026-03-31
PRJ-UI-0091,"Construction of Metro Rail at Tumkur, Tamil Nadu",Ministry of Housing & Urban Affairs,Urban Infrastructure,Metro Rail,Tamil Nadu,Korba,KMRL,3958.27,4641.16,4741.35,4641.16,0,283.03,516.19,2018-07-01,2021-09-13,2021-11-18,2022-03-31,2018,100.0,100.0,11,11,Completed,17.25,0,,2,0,2026-03-29
PRJ-UI-0092,Housing - Uttarakhand (Anand),Ministry of Housing & Urban Affairs,Urban Infrastructure,Housing,Uttarakhand,Meerut,Smart City SPVs,4415.17,4368.65,4609.03,4368.65,0,630.75,789.23,2008-01-01,2011-10-12,2011-09-03,2012-01-22,2008,100.0,100.0,11,11,Completed,-1.05,0,,0,0,2026-03-05
PRJ-UI-0093,Sewerage - Karnataka (Jalgaon),Ministry of Housing & Urban Affairs,Urban Infrastructure,Sewerage,Karnataka,Tumkur,BMRCL,10929.57,17733.66,18944.37,17733.66,0,2426.14,2267.51,2012-04-01,2018-03-01,2019-10-22,2019-12-02,2012,100.0,100.0,18,18,Completed,62.25,20,Geological surprises during construction; Law and order issues; Inter-departmental coordination delays,3,3,2026-03-09
PRJ-UI-0094,"Sewerage Project in Bellary, Jammu & Kashmir",Ministry of Housing & Urban Affairs,Urban Infrastructure,Sewerage,Jammu & Kashmir,Khammam,NMRC,2699.1,3560.27,3563.42,3560.27,0,285.44,90.46,2012-04-01,2015-06-15,2015-04-30,2015-05-23,2012,100.0,100.0,20,20,Completed,31.91,0,,4,0,2026-03-23
PRJ-UI-0095,"Metro Rail Project in East, Odisha",Ministry of Housing & Urban Affairs,Urban Infrastructure,Metro Rail,Odisha,Raichur,KMRL,6091.3,5998.93,6168.41,5998.93,0,433.62,464.92,2012-07-01,2018-08-29,2018-10-26,2018-09-25,2012,100.0,100.0,15,15,Completed,-1.52,0,,0,0,2026-03-30
PRJ-UI-0096,"Smart City Project in Dibrugarh, Odisha",Ministry of Housing & Urban Affairs,Urban Infrastructure,Smart City,Odisha,Satna,Smart City SPVs,1503.99,1569.71,1676.39,1569.71,0,145.3,227.89,2016-04-01,2022-03-31,2022-04-22,2022-06-08,2016,100.0,100.0,20,20,Completed,4.37,0,,0,0,2026-03-03
PRJ-UI-0097,"Construction of Housing at Solapur, Delhi",Ministry of Housing & Urban Affairs,Urban Infrastructure,Housing,Delhi,East,BMRCL,5414.84,7515.36,7860.25,6947.26,1443.08,1361.89,345.83,2013-07-01,2017-12-07,2018-01-18,2018-04-21,2013,96.8,92.4,5,7,Under Implementation,38.79,0,,3,0,2026-03-23
PRJ-UI-0098,"Construction of Urban Transport at West, Telangana",Ministry of Housing & Urban Affairs,Urban Infrastructure,Urban Transport,Telangana,Karnal,DMRC,5509.86,5483.43,5720.34,1391.18,1259.0,1209.71,468.29,2022-07-01,2029-05-25,2033-09-01,2033-08-18,2022,23.0,25.4,0,9,Under Implementation,-0.48,52,Geological surprises during construction,0,1,2026-03-30
PRJ-UI-0099,"Metro Rail Project in Karnal, Gujarat",Ministry of Housing & Urban Affairs,Urban Infrastructure,Metro Rail,Gujarat,Chittoor,NMRC,27652.77,37417.25,37980.07,14935.84,8439.31,5242.82,4265.29,2022-10-01,2028-04-02,2030-06-21,2030-11-01,2022,36.0,39.9,4,17,Under Implementation,35.31,27,Design changes during execution; Utility shifting delays; Change in project scope,1,2,2026-03-16
PRJ-UI-0100,Sewerage - Odisha (South),Ministry of Housing & Urban Affairs,Urban Infrastructure,Sewerage,Odisha,Khammam,Smart City SPVs,960.04,1509.75,1602.83,1509.75,0,215.71,75.79,2022-01-01,2025-02-14,2025-04-22,2025-07-09,2022,100.0,100.0,18,18,Completed,57.26,0,,4,0,2026-03-08
PRJ-UI-0101,"Metro Rail Project in Salem, Uttar Pradesh",Ministry of Housing & Urban Affairs,Urban Infrastructure,Metro Rail,Uttar Pradesh,Bijapur,NMRC,1697.54,1746.53,1747.04,1746.53,0,219.44,397.93,2011-07-01,2018-04-25,2018-11-21,2018-11-12,2011,100.0,100.0,15,15,Completed,2.89,7,Right-of-Way (RoW) issues; Geological surprises during construction; Court stay orders,0,1,2026-03-27
PRJ-UI-0102,"Construction of Sewerage at Hassan, Goa",Ministry of Housing & Urban Affairs,Urban Infrastructure,Sewerage,Goa,East,DMRC,1184.16,1336.65,1347.01,265.17,200.74,183.15,255.61,2023-04-01,2029-06-28,2035-11-24,2036-01-29,2023,18.7,19.8,0,15,Under Implementation,12.88,78,COVID-19 pandemic impact; Labour shortage; Geological surprises during construction,3,1,2026-03-20
PRJ-UI-0103,"Urban Transport Project in Satna, Telangana",Ministry of Housing & Urban Affairs,Urban Infrastructure,Urban Transport,Telangana,Siliguri,BMRCL,3156.26,3149.69,3367.13,1378.03,790.64,618.22,553.24,2023-04-01,2028-02-04,2028-02-01,2028-02-10,2023,49.8,43.8,5,13,Under Implementation,-0.21,0,,0,0,2026-03-25
PRJ-UI-0104,Sewerage - Gujarat (Jharsuguda),Ministry of Housing & Urban Affairs,Urban Infrastructure,Sewerage,Gujarat,Tumkur,CMRL,2700.97,4033.55,4056.88,3841.81,587.94,803.23,341.9,2022-01-01,2027-05-05,2027-05-09,2027-10-18,2022,99.9,95.2,9,9,Under Implementation,49.34,0,,4,0,2026-03-25
PRJ-UI-0105,"Construction of Metro Rail at Jharsuguda, Maharashtra",Ministry of Housing & Urban Affairs,Urban Infrastructure,Metro Rail,Maharashtra,Dharwad,LMRC,8008.32,8182.55,8292.55,8182.55,1997.12,1428.94,452.13,2023-01-01,2027-05-10,2027-03-23,2027-08-16,2023,99.5,100.0,7,10,Under Implementation,2.18,0,,0,0,2026-03-31
PRJ-UI-0106,"Construction of Urban Transport at Rourkela, Maharashtra",Ministry of Housing & Urban Affairs,Urban Infrastructure,Urban Transport,Maharashtra,Tirunelveli,CMRL,1328.07,1370.2,1388.53,1370.2,0,194.62,92.58,2018-04-01,2024-02-29,2024-02-25,2024-03-11,2018,100.0,100.0,17,17,Completed,3.17,0,,0,0,2026-03-27
PRJ-UI-0107,Smart City - Odisha (Burdwan),Ministry of Housing & Urban Affairs,Urban Infrastructure,Smart City,Odisha,Latur,BMRCL,372.33,387.83,401.38,387.83,0,20.66,38.5,2014-01-01,2019-05-05,2022-02-18,2022-04-25,2014,100.0,100.0,14,14,Completed,4.16,34,Adverse weather conditions,0,3,2026-03-20
PRJ-UI-0108,Sewerage - Madhya Pradesh (Tirunelveli),Ministry of Housing & Urban Affairs,Urban Infrastructure,Sewerage,Madhya Pradesh,Khammam,NMRC,1345.98,1616.07,1710.14,1616.07,0,193.4,196.44,2013-01-01,2018-11-01,2019-04-30,2019-06-03,2013,100.0,100.0,6,6,Completed,20.07,6,Slow mobilization by contractor; State government coordination issues,1,1,2026-03-07
PRJ-UI-0109,"Construction of Metro Rail at Chittoor, Rajasthan",Ministry of Housing & Urban Affairs,Urban Infrastructure,Metro Rail,Rajasthan,Nellore,DMRC,2947.98,2897.84,2866.16,2897.84,225.61,356.54,494.18,2021-01-01,2024-09-12,2025-08-08,2025-09-21,2021,99.9,100.0,4,6,Under Implementation,-1.7,11,Adverse weather conditions,0,1,2026-03-31
PRJ-UI-0110,Smart City - Madhya Pradesh (Warangal),Ministry of Housing & Urban Affairs,Urban Infrastructure,Smart City,Madhya Pradesh,Salem,CMRL,7831.18,9456.83,9509.54,9456.83,1093.93,1524.61,1465.08,2011-01-01,2015-12-06,2018-08-22,2018-06-21,2011,99.9,100.0,6,8,Under Implementation,20.76,33,Contractual issues with EPC contractor; Environmental clearance pending; Adverse weather conditions,3,2,2026-03-10
PRJ-UI-0111,Smart City - Uttarakhand (Anand),Ministry of Housing & Urban Affairs,Urban Infrastructure,Smart City,Uttarakhand,Dharwad,LMRC,2022.57,2641.64,2815.02,312.96,284.91,233.76,425.9,2023-07-01,2027-03-12,2032-07-13,2032-12-28,2023,11.8,11.8,0,13,Under Implementation,30.61,65,Forest clearance pending; Material supply chain disruption,1,1,2026-03-13
PRJ-UI-0112,"Construction of Sewerage at Anand, Telangana",Ministry of Housing & Urban Affairs,Urban Infrastructure,Sewerage,Telangana,Latur,KMRL,7647.32,7687.38,7689.09,7687.38,0,506.15,737.9,2019-04-01,2022-09-12,2022-12-11,2022-10-02,2019,100.0,100.0,8,8,Completed,0.52,3,Adverse weather conditions; Utility shifting delays; Land acquisition delays,0,2,2026-03-15
PRJ-WR-0001,River Linking - Tamil Nadu (Nellore),Ministry of Jal Shakti,Water Resources,River Linking,Tamil Nadu,Bellary,State Water Resource Dept,340.39,342.05,352.38,342.05,91.84,58.25,41.0,2016-01-01,2023-09-21,2026-05-08,2026-06-16,2016,99.9,100.0,12,14,Under Implementation,0.49,32,Geological surprises during construction; Labour shortage; Environmental clearance pending,0,1,2026-03-25
PRJ-WR-0002,"Dam Project in Bokaro, Chhattisgarh",Ministry of Jal Shakti,Water Resources,Dam,Chhattisgarh,Burdwan,State Water Resource Dept,2438.57,2854.64,3003.39,1303.56,355.35,297.24,283.5,2022-04-01,2028-07-28,2030-09-16,2031-02-21,2022,40.0,45.7,2,5,Under Implementation,17.06,26,Equipment delivery delays,1,2,2026-03-12
PRJ-WR-0003,Barrage - Telangana (Rourkela),Ministry of Jal Shakti,Water Resources,Barrage,Telangana,Tumkur,WAPCOS,569.34,567.49,600.54,507.77,96.81,72.01,97.89,2019-04-01,2028-03-14,2028-04-07,2028-05-28,2019,98.7,89.5,11,14,Under Implementation,-0.32,0,,0,0,2026-03-14
PRJ-WR-0004,"Construction of Flood Control at Central, Uttar Pradesh",Ministry of Jal Shakti,Water Resources,Flood Control,Uttar Pradesh,Tumkur,State Water Resource Dept,15002.64,15597.02,15465.27,15597.02,1805.12,1447.03,712.82,2014-10-01,2021-02-26,2023-07-16,2023-11-21,2014,99.9,100.0,5,7,Under Implementation,3.96,29,Labour shortage,0,3,2026-03-02
PRJ-WR-0005,"Construction of Flood Control at Chittoor, Tamil Nadu",Ministry of Jal Shakti,Water Resources,Flood Control,Tamil Nadu,Jalgaon,NWDA,662.86,678.21,696.09,678.21,0,68.81,32.24,2013-01-01,2018-05-05,2020-05-24,2020-10-21,2013,100.0,100.0,14,14,Completed,2.32,25,Fund release delays; Change in technology specifications,0,3,2026-03-03
PRJ-WR-0006,"Construction of Dam at Raigad, West Bengal",Ministry of Jal Shakti,Water Resources,Dam,West Bengal,Hassan,State Water Resource Dept,2096.11,2189.37,2280.5,1814.05,625.41,535.14,170.0,2015-10-01,2018-12-14,2018-11-17,2018-09-14,2015,94.9,82.9,18,18,Under Implementation,4.45,0,,0,0,2026-03-25
PRJ-WR-0007,Dam - West Bengal (Khammam),Ministry of Jal Shakti,Water Resources,Dam,West Bengal,Warangal,CWC,4692.28,4854.53,5149.49,4854.53,0,562.19,912.39,2011-01-01,2018-06-23,2022-06-02,2022-09-21,2011,100.0,100.0,12,12,Completed,3.46,48,Equipment delivery delays,0,2,2026-03-04
PRJ-WR-0008,"Construction of Canal at Central, Karnataka",Ministry of Jal Shakti,Water Resources,Canal,Karnataka,North,State Water Resource Dept,328.28,329.28,345.61,209.0,2.74,9.51,32.03,2024-04-01,2029-02-04,2029-03-11,2029-06-07,2024,57.6,63.5,5,12,Stalled,0.3,0,,0,0,2026-03-21
PRJ-WR-0009,"Construction of Flood Control at Barmer, Meghalaya",Ministry of Jal Shakti,Water Resources,Flood Control,Meghalaya,Satna,CWC,1102.54,1205.63,1260.33,1205.63,0,68.41,92.79,2015-04-01,2020-12-30,2022-11-20,2023-01-24,2015,100.0,100.0,8,8,Completed,9.35,23,Utility shifting delays,2,1,2026-03-04
PRJ-WR-0010,"Canal Project in Burdwan, Kerala",Ministry of Jal Shakti,Water Resources,Canal,Kerala,Nellore,CWC,6728.5,6728.5,6676.16,6728.5,1460.19,1038.2,226.99,2013-04-01,2016-11-11,2016-12-13,2017-01-16,2013,90.9,100.0,19,20,Under Implementation,0,0,,2,0,2026-03-21
PRJ-WR-0011,Flood Control - Tamil Nadu (Meerut),Ministry of Jal Shakti,Water Resources,Flood Control,Tamil Nadu,Bijapur,State Water Resource Dept,335.76,387.67,400.23,230.41,69.44,64.61,81.77,2021-10-01,2029-03-23,2029-03-23,2029-03-19,2021,51.7,59.4,10,20,Under Implementation,15.46,0,,3,1,2026-04-01
PRJ-WR-0012,"Barrage Project in Karnal, Andhra Pradesh",Ministry of Jal Shakti,Water Resources,Barrage,Andhra Pradesh,Bokaro,NWDA,912.21,1106.98,1161.52,266.49,180.08,292.75,85.99,2022-07-01,2030-07-19,2032-05-09,2032-07-25,2022,22.1,24.1,0,7,Under Implementation,21.35,22,Labour shortage; Forest clearance pending; Design changes during execution,1,1,2026-03-09
PRJ-WR-0013,"River Linking Project in Dharwad, Rajasthan",Ministry of Jal Shakti,Water Resources,River Linking,Rajasthan,Khammam,State Water Resource Dept,9302.99,9302.99,9398.22,5279.82,1135.16,813.21,2255.57,2019-04-01,2028-01-14,2032-07-21,2032-12-30,2019,61.9,56.8,3,8,Under Implementation,0,55,Adverse weather conditions; Change in project scope; Fund release delays,2,2,2026-03-29
PRJ-WR-0014,"Construction of Barrage at Nellore, Telangana",Ministry of Jal Shakti,Water Resources,Barrage,Telangana,Meerut,State Water Resource Dept,4405.72,4504.79,4681.28,1229.78,418.21,326.49,191.08,2022-10-01,2031-02-16,2031-02-16,2031-03-04,2022,26.4,27.3,4,15,Under Implementation,2.25,0,,0,3,2026-03-07
PRJ-WR-0015,River Linking - Kerala (Khammam),Ministry of Jal Shakti,Water Resources,River Linking,Kerala,Rourkela,NWDA,1049.45,1348.2,1372.81,1290.9,107.26,127.97,260.94,2010-01-01,2015-05-05,2015-06-17,2015-03-31,2010,99.9,95.7,15,18,Under Implementation,28.47,0,,2,0,2026-03-02
PRJ-WR-0016,"Construction of Dam at South, Punjab",Ministry of Jal Shakti,Water Resources,Dam,Punjab,Guntur,State Water Resource Dept,2540.39,2540.39,2655.13,214.87,223.82,294.73,191.19,2024-07-01,2033-08-13,2038-03-20,2038-08-02,2024,7.9,8.5,0,17,Under Implementation,0,56,Contractual issues with EPC contractor; Design changes during execution,3,2,2026-03-18
PRJ-WR-0017,"Construction of River Linking at Bijapur, Karnataka",Ministry of Jal Shakti,Water Resources,River Linking,Karnataka,Dibrugarh,WAPCOS,527.85,808.89,849.91,808.89,0,56.91,28.6,2011-04-01,2019-10-16,2024-11-18,2024-08-22,2011,100.0,100.0,15,15,Completed,53.24,62,Inter-departmental coordination delays,1,1,2026-03-20
PRJ-WR-0018,"Construction of Canal at Siliguri, Rajasthan",Ministry of Jal Shakti,Water Resources,Canal,Rajasthan,Karnal,CWC,15566.57,15566.57,15987.77,15566.57,1644.94,776.08,3108.77,2012-01-01,2019-04-24,2023-02-02,2023-05-04,2012,99.9,100.0,15,17,Under Implementation,0,46,Regulatory approvals pending; State government coordination issues,1,3,2026-03-04
PRJ-WR-0019,"Flood Control Project in Rourkela, Uttar Pradesh",Ministry of Jal Shakti,Water Resources,Flood Control,Uttar Pradesh,Anand,WAPCOS,676.42,665.48,687.96,639.15,112.17,75.41,165.76,2014-01-01,2019-02-04,2023-02-13,2023-05-05,2014,99.9,96.0,2,5,Under Implementation,-1.62,49,Rehabilitation and resettlement issues,0,1,2026-03-02
PRJ-WR-0020,"Flood Control Project in Guntur, Rajasthan",Ministry of Jal Shakti,Water Resources,Flood Control,Rajasthan,East,NWDA,3317.11,3292.22,3340.98,1519.42,2.63,36.5,391.12,2008-07-01,2012-05-11,2015-09-23,2015-08-10,2008,43.7,46.2,4,11,Shelved,-0.75,41,Law and order issues,0,1,2026-03-15
PRJ-WR-0021,Flood Control - Karnataka (Dibrugarh),Ministry of Jal Shakti,Water Resources,Flood Control,Karnataka,Karnal,NWDA,4184.82,4272.31,4333.06,4272.31,0,239.48,853.24,2014-04-01,2019-03-06,2022-06-18,2022-08-23,2014,100.0,100.0,9,9,Completed,2.09,40,Law and order issues; Slow mobilization by contractor,0,1,2026-03-16
PRJ-WR-0022,Canal - Goa (Bijapur),Ministry of Jal Shakti,Water Resources,Canal,Goa,Burdwan,NWDA,1120.18,1471.75,1548.65,1471.75,0,75.08,42.31,2017-01-01,2025-10-16,2025-11-15,2026-01-24,2017,100.0,100.0,17,17,Completed,31.39,1,Slow mobilization by contractor; Law and order issues,1,3,2026-03-13
PRJ-WR-0023,"Construction of Flood Control at Chittoor, Karnataka",Ministry of Jal Shakti,Water Resources,Flood Control,Karnataka,Dibrugarh,State Water Resource Dept,487.48,504.41,526.82,498.33,51.62,56.55,95.8,2008-04-01,2015-01-25,2015-03-17,2015-01-14,2008,99.9,98.8,12,15,Under Implementation,3.47,0,,0,0,2026-03-25
PRJ-WR-0024,"Construction of Canal at North, Rajasthan",Ministry of Jal Shakti,Water Resources,Canal,Rajasthan,Siliguri,State Water Resource Dept,1802.38,1824.56,1797.42,1652.1,224.4,215.37,122.18,2016-07-01,2021-06-05,2021-08-04,2021-05-23,2016,99.9,90.5,10,12,Under Implementation,1.23,2,Right-of-Way (RoW) issues,0,1,2026-03-03
PRJ-WR-0025,River Linking - Chhattisgarh (Karnal),Ministry of Jal Shakti,Water Resources,River Linking,Chhattisgarh,Bokaro,NWDA,1757.48,1757.48,1729.9,1091.58,379.04,376.72,79.09,2021-01-01,2025-04-10,2030-07-13,2030-07-11,2021,63.2,62.1,10,20,Under Implementation,0,64,Regulatory approvals pending; Fund release delays,4,3,2026-03-27
PRJ-WR-0026,Dam - Chhattisgarh (Tumkur),Ministry of Jal Shakti,Water Resources,Dam,Chhattisgarh,Jalgaon,WAPCOS,2961.6,3303.57,3512.39,3303.57,0,448.35,128.75,2020-04-01,2024-05-10,2024-04-12,2024-10-08,2020,100.0,100.0,19,19,Completed,11.55,0,,4,0,2026-03-23
PRJ-WR-0027,"Construction of Canal at Jalgaon, Karnataka",Ministry of Jal Shakti,Water Resources,Canal,Karnataka,Durg,WAPCOS,1833.34,2199.46,2240.84,165.85,2.76,9.46,90.18,2022-01-01,2029-10-21,2030-01-14,2030-04-28,2022,8.6,7.5,0,10,Shelved,19.97,0,,1,0,2026-03-17
PRJ-WR-0028,"Construction of Dam at Barmer, Uttar Pradesh",Ministry of Jal Shakti,Water Resources,Dam,Uttar Pradesh,North,WAPCOS,22549.83,29561.58,29344.8,27670.65,6255.78,4680.57,5630.98,2014-01-01,2018-11-06,2025-03-04,2025-03-23,2014,93.5,93.6,10,13,Under Implementation,31.09,77,Court stay orders,1,3,2026-03-26
PRJ-WR-0029,"Construction of Barrage at North, Jharkhand",Ministry of Jal Shakti,Water Resources,Barrage,Jharkhand,Hassan,WAPCOS,2701.19,3296.39,3426.28,3296.39,302.75,321.29,414.71,2020-04-01,2025-06-04,2025-08-18,2026-02-02,2020,98.8,100.0,11,11,Under Implementation,22.03,0,,3,0,2026-03-06
PRJ-WR-0030,"Canal Project in Bellary, Gujarat",Ministry of Jal Shakti,Water Resources,Canal,Gujarat,Raichur,State Water Resource Dept,4898.29,4903.74,4883.21,4903.74,368.31,589.76,1224.3,2019-10-01,2024-01-08,2026-08-25,2026-10-06,2019,99.9,100.0,16,16,Under Implementation,0.11,32,Regulatory approvals pending; Labour shortage,4,2,2026-03-15
PRJ-WR-0031,"Construction of Canal at Raichur, Rajasthan",Ministry of Jal Shakti,Water Resources,Canal,Rajasthan,Raigad,State Water Resource Dept,1103.35,1088.6,1067.39,1088.6,133.76,142.87,109.99,2018-01-01,2026-08-17,2027-03-15,2027-06-09,2018,96.8,100.0,12,12,Under Implementation,-1.34,7,Change in technology specifications; Forest clearance pending,0,1,2026-03-31
PRJ-WR-0032,"Dam Project in Durg, Madhya Pradesh",Ministry of Jal Shakti,Water Resources,Dam,Madhya Pradesh,Tumkur,WAPCOS,195.99,212.68,214.3,212.68,0,31.18,27.33,2008-10-01,2017-11-13,2017-11-26,2018-03-09,2008,100.0,100.0,16,16,Completed,8.51,0,,1,0,2026-03-15
PRJ-WR-0033,Canal - Uttar Pradesh (Korba),Ministry of Jal Shakti,Water Resources,Canal,Uttar Pradesh,Salem,CWC,2473.52,2493.81,2643.83,726.82,362.6,496.6,102.81,2023-10-01,2027-11-09,2029-09-29,2029-09-25,2023,31.0,29.1,4,14,Under Implementation,0.82,23,Slow mobilization by contractor; Design changes during execution; Land acquisition delays,0,1,2026-03-08
PRJ-WR-0034,Dam - Uttar Pradesh (Hassan),Ministry of Jal Shakti,Water Resources,Dam,Uttar Pradesh,Bokaro,CWC,2276.26,2235.06,2328.26,0.0,548.31,454.71,201.29,2024-04-01,2031-02-24,2034-01-09,2034-02-24,2024,0,0.0,0,17,Under Implementation,-1.81,35,Forest clearance pending; Land acquisition delays,0,2,2026-03-04
PRJ-WR-0035,"Construction of Barrage at Salem, Meghalaya",Ministry of Jal Shakti,Water Resources,Barrage,Meghalaya,Satna,State Water Resource Dept,681.61,708.76,701.14,708.76,0,96.89,143.91,2013-07-01,2022-08-13,2024-07-03,2024-06-07,2013,100.0,100.0,17,17,Completed,3.98,23,Material supply chain disruption; Slow mobilization by contractor; Design changes during execution,0,2,2026-03-31
PRJ-WR-0036,"Construction of Dam at Durg, Telangana",Ministry of Jal Shakti,Water Resources,Dam,Telangana,Warangal,WAPCOS,2147.19,2991.22,3087.77,2991.22,0,275.83,490.42,2020-01-01,2024-09-06,2024-11-07,2025-03-27,2020,100.0,100.0,6,6,Completed,39.31,0,,3,0,2026-03-26
PRJ-WR-0037,Flood Control - Uttar Pradesh (Warangal),Ministry of Jal Shakti,Water Resources,Flood Control,Uttar Pradesh,Bellary,NWDA,6593.6,10047.4,9992.52,8591.3,1498.45,2449.79,1055.11,2010-01-01,2015-06-04,2015-04-10,2015-08-23,2010,99.9,85.5,6,6,Under Implementation,52.38,0,,2,0,2026-03-16
PRJ-WR-0038,River Linking - Tamil Nadu (Barmer),Ministry of Jal Shakti,Water Resources,River Linking,Tamil Nadu,Korba,State Water Resource Dept,779.91,905.01,936.65,905.01,280.26,152.86,25.17,2008-07-01,2012-07-10,2014-05-01,2014-04-08,2008,96.6,100.0,4,7,Under Implementation,16.04,22,Equipment delivery delays,1,1,2026-03-30
PRJ-WR-0039,Barrage - Chhattisgarh (Satna),Ministry of Jal Shakti,Water Resources,Barrage,Chhattisgarh,West,CWC,1941.54,1905.19,1948.93,1905.19,300.55,332.03,178.32,2017-04-01,2021-09-07,2021-09-12,2022-01-02,2017,93.4,100.0,5,6,Under Implementation,-1.87,0,,0,0,2026-03-22
PRJ-WR-0040,"Construction of River Linking at Chittoor, Chhattisgarh",Ministry of Jal Shakti,Water Resources,River Linking,Chhattisgarh,Barmer,State Water Resource Dept,2263.12,2313.38,2432.35,2313.38,407.09,268.8,267.99,2015-01-01,2023-03-20,2023-02-11,2023-04-10,2015,90.0,100.0,15,18,Under Implementation,2.22,0,,0,0,2026-03-02
PRJ-WR-0041,Dam - Jharkhand (Salem),Ministry of Jal Shakti,Water Resources,Dam,Jharkhand,Latur,State Water Resource Dept,5716.39,6907.59,7324.0,1367.86,1587.37,1108.24,687.23,2022-07-01,2030-12-16,2034-07-28,2034-10-21,2022,18.7,19.8,0,7,Under Implementation,20.84,44,Design changes during execution,2,1,2026-03-02
PRJ-WR-0042,River Linking - Andhra Pradesh (Jharsuguda),Ministry of Jal Shakti,Water Resources,River Linking,Andhra Pradesh,Dharwad,WAPCOS,888.36,872.98,924.84,154.67,60.65,89.79,28.2,2023-10-01,2031-05-22,2036-06-24,2036-11-04,2023,15.9,17.7,2,15,Under Implementation,-1.73,62,Equipment delivery delays; Rehabilitation and resettlement issues,0,3,2026-03-12
PRJ-WR-0043,"Barrage Project in Hassan, Uttar Pradesh",Ministry of Jal Shakti,Water Resources,Barrage,Uttar Pradesh,Meerut,State Water Resource Dept,519.96,666.22,711.16,666.22,0,36.43,123.98,2021-10-01,2024-11-14,2024-12-12,2024-10-04,2021,100.0,100.0,15,15,Completed,28.13,0,,4,0,2026-03-21
PRJ-WR-0044,Canal - Karnataka (Warangal),Ministry of Jal Shakti,Water Resources,Canal,Karnataka,Raigad,CWC,2431.71,3202.43,3321.61,3010.45,588.95,284.13,556.42,2014-01-01,2021-06-23,2022-11-15,2022-11-07,2014,99.8,94.0,15,17,Under Implementation,31.69,17,Contractual issues with EPC contractor; Slow mobilization by contractor; Regulatory approvals pending,2,3,2026-03-07
PRJ-WR-0045,Dam - West Bengal (Korba),Ministry of Jal Shakti,Water Resources,Dam,West Bengal,Jharsuguda,CWC,1031.7,1078.73,1108.08,1078.73,0,94.31,229.69,2018-07-01,2022-05-11,2022-04-04,2022-06-29,2018,100.0,100.0,15,15,Completed,4.56,0,,0,0,2026-03-28
PRJ-WR-0046,Canal - Odisha (Chittoor),Ministry of Jal Shakti,Water Resources,Canal,Odisha,Tumkur,CWC,4360.02,4537.04,4811.65,268.22,611.48,1097.9,739.06,2024-04-01,2033-12-10,2033-11-10,2034-05-06,2024,5.4,5.9,1,19,Under Implementation,4.06,0,,0,0,2026-03-28
PRJ-WR-0047,"Dam Project in Raigad, Ladakh",Ministry of Jal Shakti,Water Resources,Dam,Ladakh,Nellore,WAPCOS,9564.63,9564.63,10128.34,9564.63,505.67,914.26,374.89,2018-04-01,2027-02-13,2027-01-14,2026-10-20,2018,96.2,100.0,12,13,Under Implementation,0,0,,1,0,2026-03-28
PRJ-WR-0048,Flood Control - Karnataka (Siliguri),Ministry of Jal Shakti,Water Resources,Flood Control,Karnataka,Durg,WAPCOS,5644.79,5905.81,6352.58,488.97,566.77,346.93,1006.36,2023-10-01,2033-07-10,2035-07-30,2035-06-29,2023,8.9,8.3,1,20,Under Implementation,4.62,25,State government coordination issues; Change in technology specifications,0,1,2026-03-26
PRJ-WR-0049,River Linking - Maharashtra (Raigad),Ministry of Jal Shakti,Water Resources,River Linking,Maharashtra,Bokaro,CWC,1112.59,1397.85,1388.59,1222.21,269.3,164.2,150.59,2016-04-01,2021-09-02,2026-10-06,2026-11-20,2016,98.8,87.4,7,8,Under Implementation,25.64,62,COVID-19 pandemic impact; Material supply chain disruption; Adverse weather conditions,2,1,2026-03-18
PRJ-WR-0050,Canal - Tamil Nadu (Satna),Ministry of Jal Shakti,Water Resources,Canal,Tamil Nadu,Bijapur,NWDA,2437.02,2437.02,2529.18,2437.02,413.64,560.46,385.3,2013-10-01,2022-08-15,2022-09-04,2022-12-05,2013,99.9,100.0,17,20,Under Implementation,0,0,,2,0,2026-04-01
PRJ-WR-0051,Dam - Kerala (Korba),Ministry of Jal Shakti,Water Resources,Dam,Kerala,Jalgaon,State Water Resource Dept,6641.2,6787.44,7231.91,6787.44,0,661.37,778.86,2011-01-01,2017-07-28,2018-11-20,2019-02-09,2011,100.0,100.0,19,19,Completed,2.2,16,State government coordination issues; Environmental clearance pending; Equipment delivery delays,0,1,2026-03-24
PRJ-WR-0052,Canal - Gujarat (Central),Ministry of Jal Shakti,Water Resources,Canal,Gujarat,Meerut,CWC,1168.66,1168.66,1218.7,971.06,150.0,213.22,235.8,2022-04-01,2028-04-29,2028-06-28,2028-07-05,2022,79.7,83.1,13,18,Under Implementation,0,2,State government coordination issues,4,3,2026-03-23
PRJ-WR-0053,"Construction of Dam at Bijapur, Karnataka",Ministry of Jal Shakti,Water Resources,Dam,Karnataka,Nellore,NWDA,796.32,921.88,918.77,855.06,165.38,132.63,81.39,2014-10-01,2024-08-09,2026-03-02,2026-03-04,2014,99.9,92.8,17,17,Under Implementation,15.77,19,Court stay orders; Geological surprises during construction,2,3,2026-03-15
PRJ-WR-0054,"Construction of Canal at Jharsuguda, West Bengal",Ministry of Jal Shakti,Water Resources,Canal,West Bengal,Tumkur,State Water Resource Dept,3052.33,3485.04,3685.32,3421.74,438.06,364.57,475.02,2018-10-01,2027-06-16,2027-06-20,2027-08-03,2018,85.6,98.2,16,20,Under Implementation,14.18,0,,2,0,2026-03-07
PRJ-WR-0055,"Dam Project in Salem, Maharashtra",Ministry of Jal Shakti,Water Resources,Dam,Maharashtra,Raichur,WAPCOS,2720.53,3495.08,3504.41,3495.08,0,513.18,121.93,2013-01-01,2021-11-15,2021-12-27,2021-12-08,2013,100.0,100.0,15,15,Completed,28.47,0,,1,0,2026-03-20
PRJ-WR-0056,"Construction of River Linking at Tumkur, Gujarat",Ministry of Jal Shakti,Water Resources,River Linking,Gujarat,Satna,WAPCOS,1633.06,1680.22,1796.85,1606.9,165.75,277.11,233.74,2011-04-01,2018-04-24,2018-03-29,2018-03-02,2011,93.0,95.6,11,12,Under Implementation,2.89,0,,0,0,2026-04-01
PRJ-WR-0057,"Canal Project in Durg, Gujarat",Ministry of Jal Shakti,Water Resources,Canal,Gujarat,Salem,State Water Resource Dept,3776.13,5256.02,5244.19,4479.91,855.72,1039.13,922.49,2018-01-01,2025-01-24,2025-04-01,2025-05-14,2018,99.9,85.2,7,10,Under Implementation,39.19,0,,3,0,2026-03-31
PRJ-WR-0058,Canal - Himachal Pradesh (Jharsuguda),Ministry of Jal Shakti,Water Resources,Canal,Himachal Pradesh,Hassan,CWC,1738.28,1928.31,2070.7,1928.31,0,144.35,282.53,2013-07-01,2018-04-06,2023-08-08,2023-09-12,2013,100.0,100.0,15,15,Completed,10.93,65,COVID-19 pandemic impact,2,1,2026-03-05
PRJ-WR-0059,"Construction of Barrage at Tirunelveli, Himachal Pradesh",Ministry of Jal Shakti,Water Resources,Barrage,Himachal Pradesh,Tirunelveli,CWC,2829.3,3771.07,3893.46,3771.07,386.89,319.39,581.76,2008-07-01,2016-03-21,2016-01-21,2016-06-04,2008,97.6,100.0,3,6,Under Implementation,33.29,0,,3,0,2026-03-08
PRJ-WR-0060,Canal - West Bengal (Hassan),Ministry of Jal Shakti,Water Resources,Canal,West Bengal,Raichur,CWC,8876.59,9299.8,9852.64,2232.33,1596.24,1138.0,958.83,2022-04-01,2029-06-23,2032-12-04,2033-04-24,2022,24.0,24.0,3,10,Under Implementation,4.77,42,Geological surprises during construction; Slow mobilization by contractor; Regulatory approvals pending,0,1,2026-03-13
PRJ-WR-0061,"Construction of Dam at South, Tamil Nadu",Ministry of Jal Shakti,Water Resources,Dam,Tamil Nadu,Jharsuguda,NWDA,1321.55,1688.04,1782.94,1530.83,317.81,140.19,269.5,2009-07-01,2013-02-10,2016-06-24,2016-04-30,2009,98.3,90.7,8,9,Under Implementation,27.73,41,Slow mobilization by contractor; Change in technology specifications; Material supply chain disruption,3,1,2026-03-24
PRJ-WR-0062,"Construction of Barrage at Burdwan, Karnataka",Ministry of Jal Shakti,Water Resources,Barrage,Karnataka,Guntur,WAPCOS,7579.39,7726.45,8271.95,6600.05,964.79,1208.85,506.51,2015-04-01,2021-06-28,2021-05-29,2021-11-18,2015,99.6,85.4,11,11,Under Implementation,1.94,0,,0,0,2026-03-27
PRJ-WR-0063,River Linking - Bihar (Bijapur),Ministry of Jal Shakti,Water Resources,River Linking,Bihar,Bellary,CWC,654.62,654.62,662.59,654.62,120.22,46.46,147.4,2019-07-01,2023-06-10,2023-06-16,2023-07-21,2019,97.1,100.0,15,18,Under Implementation,0,0,,4,0,2026-03-26
PRJ-WR-0064,"Construction of Canal at Bijapur, Maharashtra",Ministry of Jal Shakti,Water Resources,Canal,Maharashtra,East,State Water Resource Dept,1260.92,1264.32,1286.3,1264.32,0,171.58,313.33,2013-07-01,2017-01-11,2017-01-07,2016-11-05,2013,100.0,100.0,20,20,Completed,0.27,0,,0,0,2026-03-16
PRJ-WR-0065,Barrage - Uttar Pradesh (Barmer),Ministry of Jal Shakti,Water Resources,Barrage,Uttar Pradesh,Bokaro,NWDA,8954.52,9051.54,9289.02,9051.54,1753.1,2202.41,1262.79,2013-07-01,2020-01-26,2020-03-17,2020-08-17,2013,94.8,100.0,17,19,Under Implementation,1.08,0,,0,0,2026-03-09
PRJ-WR-0066,"Construction of Canal at Satna, Haryana",Ministry of Jal Shakti,Water Resources,Canal,Haryana,Solapur,WAPCOS,1268.87,1281.34,1260.43,1107.28,286.71,267.75,297.53,2018-10-01,2028-04-11,2028-04-11,2028-01-30,2018,99.9,86.4,8,8,Under Implementation,0.98,0,,0,1,2026-03-26
PRJ-WR-0067,Flood Control - Sikkim (Hassan),Ministry of Jal Shakti,Water Resources,Flood Control,Sikkim,Tirunelveli,CWC,5898.12,8121.22,8512.55,8121.22,2349.5,1400.22,1063.6,2017-07-01,2026-04-15,2026-07-04,2026-06-18,2017,93.6,100.0,16,17,Under Implementation,37.69,0,,3,0,2026-03-20
PRJ-WR-0068,"Barrage Project in Karnal, Madhya Pradesh",Ministry of Jal Shakti,Water Resources,Barrage,Madhya Pradesh,West,WAPCOS,4281.54,4404.57,4507.07,4404.57,0,263.7,717.9,2016-10-01,2021-01-08,2023-11-24,2023-11-03,2016,100.0,100.0,14,14,Completed,2.87,35,Adverse weather conditions; Change in technology specifications; COVID-19 pandemic impact,0,3,2026-03-31
PRJ-WR-0069,"Construction of Dam at Central, Punjab",Ministry of Jal Shakti,Water Resources,Dam,Punjab,Korba,NWDA,1123.08,1408.06,1475.78,1408.06,0,93.24,55.76,2009-01-01,2017-12-15,2019-12-05,2019-10-31,2009,100.0,100.0,6,6,Completed,25.38,24,Land acquisition delays; Design changes during execution,1,1,2026-03-08
PRJ-WR-0070,Dam - Gujarat (Jharsuguda),Ministry of Jal Shakti,Water Resources,Dam,Gujarat,Meerut,WAPCOS,184.57,184.84,184.32,183.8,15.42,12.32,27.77,2019-04-01,2026-08-22,2026-08-22,2026-09-17,2019,99.9,99.4,7,10,Under Implementation,0.15,0,,0,2,2026-03-07
PRJ-WR-0071,"Construction of Canal at Salem, Maharashtra",Ministry of Jal Shakti,Water Resources,Canal,Maharashtra,Chittoor,WAPCOS,9664.21,9681.76,9720.75,9597.5,1456.92,2013.25,1674.32,2015-10-01,2018-11-14,2018-10-17,2018-12-10,2015,93.2,99.1,18,19,Under Implementation,0.18,0,,0,0,2026-03-09
PRJ-WR-0072,"Canal Project in Central, Uttar Pradesh",Ministry of Jal Shakti,Water Resources,Canal,Uttar Pradesh,Bokaro,CWC,2152.73,2311.63,2363.7,2215.56,409.49,417.15,467.91,2011-10-01,2019-01-22,2021-07-10,2021-10-22,2011,99.9,95.8,6,9,Under Implementation,7.38,30,Utility shifting delays,1,2,2026-03-02
PRJ-WR-0073,"Canal Project in East, Bihar",Ministry of Jal Shakti,Water Resources,Canal,Bihar,Satna,WAPCOS,6406.88,7922.67,8501.1,7922.67,0,597.55,863.73,2015-10-01,2023-01-22,2023-03-29,2023-01-08,2015,100.0,100.0,15,15,Completed,23.66,0,,2,0,2026-03-14
PRJ-WR-0074,"Barrage Project in Meerut, Gujarat",Ministry of Jal Shakti,Water Resources,Barrage,Gujarat,Bijapur,WAPCOS,1426.99,1406.32,1507.01,1363.61,357.32,263.23,170.45,2014-04-01,2021-01-24,2021-04-24,2021-06-19,2014,94.8,97.0,15,16,Under Implementation,-1.45,3,Change in technology specifications; Slow mobilization by contractor; Utility shifting delays,0,3,2026-03-13
PRJ-WR-0075,Dam - Haryana (Bellary),Ministry of Jal Shakti,Water Resources,Dam,Haryana,Siliguri,NWDA,3445.42,4748.23,4818.87,4748.23,0,420.88,125.39,2011-04-01,2019-08-17,2023-08-26,2023-07-02,2011,100.0,100.0,11,11,Completed,37.81,49,Change in project scope,3,1,2026-03-12
PRJ-WR-0076,"Construction of Flood Control at Barmer, Tamil Nadu",Ministry of Jal Shakti,Water Resources,Flood Control,Tamil Nadu,Salem,NWDA,13103.99,13254.66,14058.49,13254.66,2246.43,1429.82,397.65,2013-01-01,2021-09-16,2021-10-16,2022-01-20,2013,98.0,100.0,4,7,Under Implementation,1.15,1,Change in technology specifications; Geological surprises during construction,0,3,2026-03-03
PRJ-WR-0077,"Construction of Flood Control at Raigad, Punjab",Ministry of Jal Shakti,Water Resources,Flood Control,Punjab,Jalgaon,State Water Resource Dept,8112.1,11212.28,11181.75,10349.9,1409.27,699.89,489.98,2008-04-01,2013-06-04,2013-07-07,2013-08-29,2008,96.2,92.3,9,10,Under Implementation,38.22,0,,1,0,2026-04-01
PRJ-WR-0078,"Construction of Dam at Central, Odisha",Ministry of Jal Shakti,Water Resources,Dam,Odisha,Central,WAPCOS,1513.21,2325.28,2440.5,1192.91,335.51,426.85,235.75,2021-10-01,2031-01-12,2031-01-10,2030-12-19,2021,52.6,51.3,5,15,Under Implementation,53.67,0,,1,0,2026-04-01
PRJ-WR-0079,"Flood Control Project in Bijapur, Chhattisgarh",Ministry of Jal Shakti,Water Resources,Flood Control,Chhattisgarh,Dibrugarh,CWC,1419.94,1448.25,1433.3,1448.25,0,132.33,147.43,2019-10-01,2023-03-14,2023-04-26,2023-03-24,2019,100.0,100.0,10,10,Completed,1.99,0,,0,0,2026-03-08
PRJ-WR-0080,Barrage - Uttar Pradesh (Central),Ministry of Jal Shakti,Water Resources,Barrage,Uttar Pradesh,North,NWDA,1444.3,1777.1,1776.6,1509.31,341.49,273.46,193.15,2009-01-01,2018-11-10,2018-10-16,2018-07-29,2009,98.0,84.9,9,12,Under Implementation,23.04,0,,2,0,2026-03-20
PRJ-WR-0081,Dam - Gujarat (Raigad),Ministry of Jal Shakti,Water Resources,Dam,Gujarat,Salem,WAPCOS,1240.85,1299.2,1298.69,1299.2,0,136.26,247.41,2021-04-01,2024-05-15,2024-10-12,2025-03-14,2021,100.0,100.0,11,11,Completed,4.7,5,Regulatory approvals pending; Forest clearance pending; Adverse weather conditions,0,3,2026-03-29
PRJ-WR-0082,Flood Control - Karnataka (East),Ministry of Jal Shakti,Water Resources,Flood Control,Karnataka,Guntur,State Water Resource Dept,694.74,703.9,741.9,659.59,204.78,98.83,64.77,2016-07-01,2020-09-08,2020-11-17,2020-08-23,2016,99.9,93.7,17,20,Under Implementation,1.32,0,,0,0,2026-03-13
PRJ-WR-0083,"Canal Project in Bokaro, Gujarat",Ministry of Jal Shakti,Water Resources,Canal,Gujarat,Latur,CWC,4126.45,5597.97,5982.03,96.31,771.82,1002.73,226.98,2024-07-01,2034-03-11,2034-09-07,2034-12-31,2024,2.0,1.7,1,8,Under Implementation,35.66,6,Labour shortage,1,1,2026-03-13
PRJ-WR-0084,Canal - Maharashtra (Central),Ministry of Jal Shakti,Water Resources,Canal,Maharashtra,Meerut,NWDA,1041.0,1041.0,1027.35,897.53,71.73,47.02,77.54,2021-04-01,2024-03-16,2024-03-15,2023-12-16,2021,99.9,86.2,16,17,Under Implementation,0,0,,4,0,2026-03-02
PRJ-WR-0085,"Construction of River Linking at South, Maharashtra",Ministry of Jal Shakti,Water Resources,River Linking,Maharashtra,Barmer,NWDA,1066.79,1111.81,1105.36,1031.61,119.91,176.51,172.86,2008-04-01,2016-01-20,2020-10-25,2020-09-09,2008,99.9,92.8,9,10,Under Implementation,4.22,58,Material supply chain disruption; Inter-departmental coordination delays; Geological surprises during construction,0,3,2026-03-20
PRJ-WR-0086,River Linking - Telangana (Nellore),Ministry of Jal Shakti,Water Resources,River Linking,Telangana,Salem,CWC,624.11,636.7,653.65,621.07,159.38,82.41,45.09,2016-04-01,2019-04-16,2019-03-28,2019-02-15,2016,99.9,97.5,11,11,Under Implementation,2.02,0,,0,0,2026-03-12
PRJ-WR-0087,Dam - Maharashtra (Bellary),Ministry of Jal Shakti,Water Resources,Dam,Maharashtra,East,WAPCOS,9291.08,9261.06,9523.38,8159.46,2087.51,1028.38,1595.18,2013-04-01,2017-11-06,2023-12-05,2023-11-10,2013,97.6,88.1,7,9,Under Implementation,-0.32,74,Slow mobilization by contractor; Regulatory approvals pending; Law and order issues,0,2,2026-03-13
PRJ-WR-0088,"Construction of River Linking at Salem, West Bengal",Ministry of Jal Shakti,Water Resources,River Linking,West Bengal,Solapur,State Water Resource Dept,412.22,677.73,681.12,286.12,4.23,19.32,69.76,2014-10-01,2024-06-10,2029-02-14,2028-12-07,2014,40.8,42.2,7,18,Shelved,64.41,57,Geological surprises during construction; Adverse weather conditions,1,3,2026-03-04
PRJ-WR-0089,River Linking - Himachal Pradesh (Raichur),Ministry of Jal Shakti,Water Resources,River Linking,Himachal Pradesh,Karnal,NWDA,13042.11,20142.43,20755.39,19236.66,2528.31,2444.0,1991.36,2011-10-01,2020-01-17,2023-11-27,2024-01-10,2011,99.9,95.5,3,5,Under Implementation,54.44,47,Utility shifting delays; Environmental clearance pending; Forest clearance pending,1,1,2026-03-06
PRJ-WR-0090,"River Linking Project in Meerut, Karnataka",Ministry of Jal Shakti,Water Resources,River Linking,Karnataka,Burdwan,State Water Resource Dept,150,152.18,162.47,9.4,24.88,24.1,20.54,2022-04-01,2031-08-12,2034-08-26,2034-09-17,2022,6.5,6.2,0,6,Under Implementation,1.45,37,Slow mobilization by contractor; Rehabilitation and resettlement issues,0,1,2026-03-28
PRJ-WR-0091,Canal - Uttar Pradesh (Warangal),Ministry of Jal Shakti,Water Resources,Canal,Uttar Pradesh,Guntur,WAPCOS,3473.64,4888.92,4930.36,4888.92,876.74,858.86,863.62,2011-10-01,2018-06-26,2018-09-06,2018-11-06,2011,99.9,100.0,16,18,Under Implementation,40.74,0,,1,0,2026-03-05
PRJ-WR-0092,"Canal Project in Hassan, Madhya Pradesh",Ministry of Jal Shakti,Water Resources,Canal,Madhya Pradesh,Raichur,NWDA,4835.04,6952.34,7372.99,6136.04,1857.0,1690.7,879.79,2019-01-01,2025-08-27,2031-05-28,2031-08-08,2019,77.8,88.3,10,15,Under Implementation,43.79,70,Forest clearance pending; Equipment delivery delays; State government coordination issues,1,2,2026-03-09
PRJ-WR-0093,"Construction of Canal at Raigad, Chhattisgarh",Ministry of Jal Shakti,Water Resources,Canal,Chhattisgarh,Korba,CWC,602.69,782.52,808.74,782.52,60.74,67.13,116.39,2009-04-01,2013-08-08,2016-10-21,2017-04-12,2009,93.8,100.0,8,9,Under Implementation,29.84,39,Law and order issues,3,1,2026-03-20
PRJ-WR-0094,Barrage - Odisha (Hassan),Ministry of Jal Shakti,Water Resources,Barrage,Odisha,West,CWC,25431.63,25840.83,27000.36,18019.24,3180.15,2540.31,2263.88,2021-07-01,2027-05-01,2029-07-19,2030-01-05,2021,74.0,69.7,11,14,Under Implementation,1.61,27,Rehabilitation and resettlement issues; Law and order issues; Court stay orders,0,1,2026-03-31
PRJ-WR-0095,"Construction of Dam at Jharsuguda, Chhattisgarh",Ministry of Jal Shakti,Water Resources,Dam,Chhattisgarh,Korba,NWDA,14431.04,18566.41,19168.58,18566.41,2239.34,1589.59,2000.61,2018-04-01,2021-06-14,2021-08-02,2021-07-08,2018,99.9,100.0,3,5,Under Implementation,28.66,0,,3,0,2026-03-23
PRJ-I-0001,Command Area Development - Gujarat (Khammam),Ministry of Jal Shakti,Irrigation,Command Area Development,Gujarat,Korba,State Irrigation Dept,2127.32,2094.7,2083.43,2094.7,0,226.54,436.52,2015-04-01,2021-03-30,2023-08-17,2023-07-24,2015,100.0,100.0,5,5,Completed,-1.53,29,Equipment delivery delays; Inter-departmental coordination delays,0,2,2026-03-12
PRJ-I-0002,"Micro Irrigation Project in Nellore, Odisha",Ministry of Jal Shakti,Irrigation,Micro Irrigation,Odisha,Burdwan,AIBP Agencies,3577.8,4294.21,4298.83,3869.88,536.94,487.08,616.56,2013-10-01,2021-04-22,2021-06-19,2021-07-12,2013,91.2,90.1,12,16,Under Implementation,20.02,0,,4,0,2026-03-06
PRJ-I-0003,Micro Irrigation - Manipur (Bellary),Ministry of Jal Shakti,Irrigation,Micro Irrigation,Manipur,Jharsuguda,AIBP Agencies,374.72,375.83,397.89,375.83,0,20.96,80.41,2012-04-01,2015-11-12,2016-03-11,2016-04-19,2012,100.0,100.0,13,13,Completed,0.3,4,Land acquisition delays,0,1,2026-03-13
PRJ-I-0004,"Command Area Development Project in Salem, Rajasthan",Ministry of Jal Shakti,Irrigation,Command Area Development,Rajasthan,Raigad,State Irrigation Dept,407.74,460.81,463.44,460.81,86.22,46.28,56.02,2020-10-01,2028-01-23,2028-01-15,2028-03-20,2020,98.1,100.0,20,20,Under Implementation,13.02,0,,1,0,2026-03-08
PRJ-I-0005,"Construction of Command Area Development at Dibrugarh, Karnataka",Ministry of Jal Shakti,Irrigation,Command Area Development,Karnataka,Satna,State Irrigation Dept,932.79,948.81,991.75,948.81,0,141.6,101.58,2010-07-01,2016-03-31,2021-10-31,2021-09-08,2010,100.0,100.0,10,10,Completed,1.72,68,Utility shifting delays; Change in technology specifications,0,1,2026-03-02
PRJ-I-0006,"Major Irrigation Project in Khammam, Telangana",Ministry of Jal Shakti,Irrigation,Major Irrigation,Telangana,Nellore,State Irrigation Dept,338.58,344.97,343.48,344.97,0,21.74,36.41,2012-04-01,2017-05-05,2017-08-03,2017-09-25,2012,100.0,100.0,17,17,Completed,1.89,3,Geological surprises during construction; Law and order issues; Contractual issues with EPC contractor,0,2,2026-03-28
PRJ-I-0007,"Major Irrigation Project in Meerut, Uttar Pradesh",Ministry of Jal Shakti,Irrigation,Major Irrigation,Uttar Pradesh,Jharsuguda,AIBP Agencies,716.56,1067.87,1115.53,1027.14,277.65,149.71,25.35,2016-01-01,2019-02-14,2024-11-14,2025-03-06,2016,99.2,96.2,7,7,Under Implementation,49.03,70,Change in project scope; Change in technology specifications; Court stay orders,4,2,2026-03-08
PRJ-I-0008,"Medium Irrigation Project in Bellary, Maharashtra",Ministry of Jal Shakti,Irrigation,Medium Irrigation,Maharashtra,Siliguri,AIBP Agencies,5413.77,5310.13,5293.18,5310.13,0,634.45,1057.27,2014-04-01,2022-01-19,2022-02-09,2021-12-13,2014,100.0,100.0,12,12,Completed,-1.91,0,,0,0,2026-03-14
PRJ-I-0009,"Construction of Major Irrigation at Dibrugarh, Jammu & Kashmir",Ministry of Jal Shakti,Irrigation,Major Irrigation,Jammu & Kashmir,Guntur,AIBP Agencies,759.16,1210.01,1218.83,217.91,173.16,216.49,135.92,2024-07-01,2029-07-05,2030-05-31,2030-04-17,2024,16.6,18.0,0,18,Under Implementation,59.39,11,Rehabilitation and resettlement issues; Fund release delays; State government coordination issues,1,2,2026-03-24
PRJ-I-0010,"Construction of Major Irrigation at Solapur, Rajasthan",Ministry of Jal Shakti,Irrigation,Major Irrigation,Rajasthan,Nellore,CADA,527.55,542.15,569.1,542.15,0,41.03,58.57,2010-01-01,2015-07-04,2019-06-13,2019-04-01,2010,100.0,100.0,12,12,Completed,2.77,48,Land acquisition delays,0,2,2026-03-11
PRJ-I-0011,Medium Irrigation - Chhattisgarh (Solapur),Ministry of Jal Shakti,Irrigation,Medium Irrigation,Chhattisgarh,South,CADA,3124.55,3170.58,3389.1,3170.58,539.15,370.99,532.33,2016-04-01,2020-04-10,2020-05-17,2020-08-11,2016,99.9,100.0,11,12,Under Implementation,1.47,0,,0,0,2026-04-01
PRJ-I-0012,"Command Area Development Project in Nellore, Uttar Pradesh",Ministry of Jal Shakti,Irrigation,Command Area Development,Uttar Pradesh,Siliguri,State Irrigation Dept,1727.36,1740.31,1758.3,1740.31,272.19,208.16,163.99,2014-10-01,2018-11-09,2022-09-19,2022-11-06,2014,99.9,100.0,9,11,Under Implementation,0.75,47,Slow mobilization by contractor; Land acquisition delays,0,1,2026-03-14
PRJ-I-0013,"Construction of Command Area Development at Raichur, Rajasthan",Ministry of Jal Shakti,Irrigation,Command Area Development,Rajasthan,Siliguri,AIBP Agencies,358.37,360.34,383.62,47.36,0.84,2.05,40.23,2012-07-01,2016-05-11,2017-07-05,2017-10-24,2012,12.8,13.1,2,8,Stalled,0.55,14,Labour shortage; Fund release delays,0,1,2026-03-31
PRJ-I-0014,"Construction of Micro Irrigation at Burdwan, Maharashtra",Ministry of Jal Shakti,Irrigation,Micro Irrigation,Maharashtra,Salem,State Irrigation Dept,2180.42,2180.42,2352.64,43.15,351.93,250.17,91.61,2024-01-01,2029-07-03,2031-09-21,2032-01-19,2024,2.3,2.0,0,19,Under Implementation,0,27,Geological surprises during construction,3,1,2026-03-06
PRJ-I-0015,"Medium Irrigation Project in Anand, Madhya Pradesh",Ministry of Jal Shakti,Irrigation,Medium Irrigation,Madhya Pradesh,Anand,CADA,2478.63,2990.64,3089.38,2990.64,263.78,279.82,121.94,2010-07-01,2013-06-15,2016-05-30,2016-06-14,2010,99.9,100.0,7,10,Under Implementation,20.66,36,Adverse weather conditions; Court stay orders; Inter-departmental coordination delays,1,1,2026-03-28
PRJ-I-0016,"Command Area Development Project in Raigad, Madhya Pradesh",Ministry of Jal Shakti,Irrigation,Command Area Development,Madhya Pradesh,East,CADA,7633.94,7750.07,8244.12,7750.07,1363.36,853.16,565.8,2011-01-01,2016-10-31,2016-12-04,2017-05-07,2011,98.1,100.0,18,18,Under Implementation,1.52,0,,0,0,2026-03-15
PRJ-I-0017,"Major Irrigation Project in Burdwan, Bihar",Ministry of Jal Shakti,Irrigation,Major Irrigation,Bihar,Central,CADA,2653.33,2651.86,2806.41,1334.54,22.12,98.25,408.51,2022-10-01,2027-01-08,2028-07-01,2028-07-10,2022,55.5,50.3,7,14,Shelved,-0.06,18,Utility shifting delays; Adverse weather conditions; State government coordination issues,0,2,2026-03-19
PRJ-I-0018,"Construction of Medium Irrigation at Burdwan, Uttar Pradesh",Ministry of Jal Shakti,Irrigation,Medium Irrigation,Uttar Pradesh,Karnal,AIBP Agencies,809.38,991.53,994.39,808.74,190.36,160.29,201.55,2014-04-01,2019-10-02,2021-05-24,2021-09-03,2014,93.5,81.6,16,18,Under Implementation,22.5,20,Court stay orders,3,1,2026-03-05
PRJ-I-0019,"Construction of Medium Irrigation at Bellary, Himachal Pradesh",Ministry of Jal Shakti,Irrigation,Medium Irrigation,Himachal Pradesh,Salem,State Irrigation Dept,1290.59,1283.26,1286.74,1009.12,201.76,111.41,143.06,2019-10-01,2025-03-03,2031-06-30,2031-09-04,2019,75.5,78.6,10,15,Under Implementation,-0.57,77,Change in technology specifications; Design changes during execution; Material supply chain disruption,0,2,2026-03-16
PRJ-I-0020,"Construction of Micro Irrigation at Khammam, Bihar",Ministry of Jal Shakti,Irrigation,Micro Irrigation,Bihar,Chittoor,State Irrigation Dept,499.96,603.68,618.36,603.68,40.23,72.41,108.39,2013-04-01,2018-09-02,2018-11-15,2018-12-02,2013,96.6,100.0,15,18,Under Implementation,20.75,0,,2,0,2026-03-21
PRJ-I-0021,"Construction of Command Area Development at Bokaro, Karnataka",Ministry of Jal Shakti,Irrigation,Command Area Development,Karnataka,Jharsuguda,State Irrigation Dept,6565.39,6690.37,7034.24,6103.16,1242.21,1104.39,1523.15,2020-07-01,2025-12-02,2026-02-26,2026-03-08,2020,99.8,91.2,15,18,Under Implementation,1.9,0,,0,0,2026-03-22
PRJ-I-0022,"Command Area Development Project in Central, Punjab",Ministry of Jal Shakti,Irrigation,Command Area Development,Punjab,Korba,AIBP Agencies,254.36,343.29,359.57,334.96,38.88,50.29,61.51,2012-01-01,2017-02-03,2017-03-11,2017-06-26,2012,99.9,97.6,10,12,Under Implementation,34.96,0,,1,0,2026-03-29
PRJ-I-0023,"Construction of Medium Irrigation at Central, Karnataka",Ministry of Jal Shakti,Irrigation,Medium Irrigation,Karnataka,South,State Irrigation Dept,2953.47,3666.53,3824.16,3666.53,0,206.07,632.07,2010-10-01,2013-10-15,2013-12-05,2013-12-11,2010,100.0,100.0,15,15,Completed,24.14,0,,4,0,2026-03-04
PRJ-I-0024,"Major Irrigation Project in Raigad, Maharashtra",Ministry of Jal Shakti,Irrigation,Major Irrigation,Maharashtra,Tumkur,State Irrigation Dept,566.06,576.5,622.46,576.5,92.07,111.73,105.25,2019-07-01,2026-08-23,2026-07-17,2026-06-03,2019,96.3,100.0,5,8,Under Implementation,1.84,0,,0,0,2026-04-01
PRJ-I-0025,"Major Irrigation Project in North, Rajasthan",Ministry of Jal Shakti,Irrigation,Major Irrigation,Rajasthan,Meerut,CADA,1368.03,1351.12,1388.36,1351.12,98.8,92.41,254.73,2019-07-01,2025-03-31,2025-04-04,2025-01-18,2019,99.9,100.0,7,10,Under Implementation,-1.24,0,,0,0,2026-04-01
PRJ-I-0026,"Construction of Micro Irrigation at Khammam, Madhya Pradesh",Ministry of Jal Shakti,Irrigation,Micro Irrigation,Madhya Pradesh,Raichur,CADA,1184.33,1535.68,1654.98,431.64,267.8,318.85,147.25,2021-07-01,2027-07-30,2032-12-30,2033-02-14,2021,28.7,28.1,3,9,Under Implementation,29.67,66,Environmental clearance pending; Contractual issues with EPC contractor,4,2,2026-03-31
PRJ-I-0027,"Medium Irrigation Project in Hassan, Kerala",Ministry of Jal Shakti,Irrigation,Medium Irrigation,Kerala,Jharsuguda,State Irrigation Dept,546.43,544.53,545.97,544.53,0,48.16,114.39,2011-10-01,2018-01-27,2018-07-26,2018-11-07,2011,100.0,100.0,14,14,Completed,-0.35,6,Fund release delays; Geological surprises during construction,0,1,2026-03-15
PRJ-I-0028,"Micro Irrigation Project in Khammam, West Bengal",Ministry of Jal Shakti,Irrigation,Micro Irrigation,West Bengal,Chittoor,AIBP Agencies,3835.42,3770.78,3958.3,3770.78,433.32,525.27,696.13,2011-04-01,2017-05-29,2017-05-29,2017-04-01,2011,99.9,100.0,6,9,Under Implementation,-1.69,0,,0,1,2026-03-22
PRJ-I-0029,"Construction of Micro Irrigation at Anand, Tamil Nadu",Ministry of Jal Shakti,Irrigation,Micro Irrigation,Tamil Nadu,West,CADA,3266.19,3386.22,3475.05,3386.22,0,252.59,476.22,2016-10-01,2021-12-04,2024-10-19,2024-09-10,2016,100.0,100.0,9,9,Completed,3.67,35,COVID-19 pandemic impact,0,2,2026-03-17
PRJ-I-0030,"Construction of Medium Irrigation at Jalgaon, Delhi",Ministry of Jal Shakti,Irrigation,Medium Irrigation,Delhi,Raigad,CADA,1019.87,1041.34,1028.15,1041.34,0,59.27,169.05,2017-10-01,2022-05-08,2022-05-08,2022-02-13,2017,100.0,100.0,8,8,Completed,2.11,0,,0,2,2026-03-13
PRJ-I-0031,Medium Irrigation - Tamil Nadu (Jalgaon),Ministry of Jal Shakti,Irrigation,Medium Irrigation,Tamil Nadu,Karnal,State Irrigation Dept,1308.65,1649.88,1770.69,1649.88,0,175.94,237.11,2017-04-01,2022-06-04,2022-04-08,2022-02-21,2017,100.0,100.0,6,6,Completed,26.08,0,,3,0,2026-03-03
PRJ-I-0032,"Construction of Medium Irrigation at Rourkela, Bihar",Ministry of Jal Shakti,Irrigation,Medium Irrigation,Bihar,East,State Irrigation Dept,10184.84,17016.11,17357.43,15727.63,2021.9,1904.28,737.81,2014-01-01,2018-09-07,2020-08-27,2020-07-08,2014,98.7,92.4,18,19,Under Implementation,67.07,24,Slow mobilization by contractor; Regulatory approvals pending,2,1,2026-03-31
PRJ-I-0033,"Micro Irrigation Project in Dharwad, Maharashtra",Ministry of Jal Shakti,Irrigation,Micro Irrigation,Maharashtra,Bijapur,CADA,2224.59,2219.51,2355.71,445.7,363.95,212.94,385.53,2024-10-01,2031-10-25,2034-02-11,2033-12-14,2024,18.2,20.1,1,8,Under Implementation,-0.23,28,Design changes during execution; Contractual issues with EPC contractor; Adverse weather conditions,0,1,2026-03-28
PRJ-I-0034,Medium Irrigation - Madhya Pradesh (Guntur),Ministry of Jal Shakti,Irrigation,Medium Irrigation,Madhya Pradesh,West,State Irrigation Dept,549.41,555.43,589.7,555.43,0,81.9,92.02,2020-04-01,2025-01-05,2025-03-26,2025-06-06,2020,100.0,100.0,7,7,Completed,1.1,0,,0,0,2026-03-25
PRJ-I-0035,Micro Irrigation - Maharashtra (Salem),Ministry of Jal Shakti,Irrigation,Micro Irrigation,Maharashtra,Karnal,AIBP Agencies,12007.3,11926.87,12747.44,10590.84,3336.05,2802.16,823.67,2010-07-01,2017-08-23,2019-05-15,2019-07-16,2010,97.3,88.8,11,13,Under Implementation,-0.67,21,Land acquisition delays,0,3,2026-03-14
PRJ-I-0036,"Construction of Medium Irrigation at Tumkur, Gujarat",Ministry of Jal Shakti,Irrigation,Medium Irrigation,Gujarat,West,State Irrigation Dept,276.65,342.18,349.82,314.57,47.78,57.83,37.78,2024-01-01,2027-02-14,2027-01-27,2026-11-30,2024,99.9,91.9,16,17,Under Implementation,23.69,0,,3,0,2026-03-22
PRJ-I-0037,Command Area Development - Karnataka (Dharwad),Ministry of Jal Shakti,Irrigation,Command Area Development,Karnataka,Salem,State Irrigation Dept,2188.6,2249.96,2297.46,2249.96,0,189.74,411.95,2010-10-01,2014-07-12,2018-01-22,2017-12-09,2010,100.0,100.0,8,8,Completed,2.8,43,Environmental clearance pending; Court stay orders,0,3,2026-03-03
PRJ-I-0038,Command Area Development - Gujarat (Meerut),Ministry of Jal Shakti,Irrigation,Command Area Development,Gujarat,Hassan,AIBP Agencies,1674.28,1674.28,1715.43,1674.28,0,116.29,293.62,2013-10-01,2019-03-04,2022-02-16,2022-05-21,2013,100.0,100.0,13,13,Completed,0,36,Inter-departmental coordination delays; Equipment delivery delays,1,1,2026-03-26
PRJ-I-0039,"Micro Irrigation Project in Bijapur, Tamil Nadu",Ministry of Jal Shakti,Irrigation,Micro Irrigation,Tamil Nadu,Rourkela,State Irrigation Dept,1301.48,1732.05,1704.45,1536.44,475.94,229.9,296.55,2014-10-01,2021-07-26,2021-07-29,2021-05-22,2014,99.9,88.7,2,5,Under Implementation,33.08,0,,1,0,2026-03-20
PRJ-I-0040,Command Area Development - Rajasthan (Central),Ministry of Jal Shakti,Irrigation,Command Area Development,Rajasthan,Siliguri,AIBP Agencies,7351.09,7261.09,7656.07,7261.09,0,662.19,396.39,2010-04-01,2013-12-11,2016-04-29,2016-06-29,2010,100.0,100.0,7,7,Completed,-1.22,29,Environmental clearance pending; Change in project scope,0,1,2026-03-08
PRJ-I-0041,Major Irrigation - Punjab (West),Ministry of Jal Shakti,Irrigation,Major Irrigation,Punjab,Siliguri,AIBP Agencies,2987.86,2990.84,3118.17,2990.84,361.68,215.02,559.19,2017-01-01,2024-04-24,2024-05-14,2024-06-22,2017,92.5,100.0,9,12,Under Implementation,0.1,0,,0,0,2026-03-14
PRJ-I-0042,Medium Irrigation - Uttar Pradesh (Chittoor),Ministry of Jal Shakti,Irrigation,Medium Irrigation,Uttar Pradesh,Meerut,CADA,2694.64,3952.55,4106.42,3580.7,692.37,262.37,316.9,2017-01-01,2021-04-10,2021-06-26,2021-09-11,2017,99.9,90.6,12,14,Under Implementation,46.68,0,,1,0,2026-04-01
PRJ-I-0043,"Construction of Major Irrigation at Hassan, Uttar Pradesh",Ministry of Jal Shakti,Irrigation,Major Irrigation,Uttar Pradesh,Guntur,AIBP Agencies,1081.74,1082.8,1084.0,1082.8,0,131.07,244.3,2018-07-01,2021-08-14,2023-01-06,2023-06-04,2018,100.0,100.0,19,19,Completed,0.1,17,State government coordination issues,0,3,2026-03-07
PRJ-I-0044,"Major Irrigation Project in Central, Gujarat",Ministry of Jal Shakti,Irrigation,Major Irrigation,Gujarat,Dharwad,AIBP Agencies,1300.03,1338.49,1339.58,1199.38,166.92,202.57,117.41,2019-10-01,2024-05-07,2029-03-12,2029-06-07,2019,85.8,89.6,6,10,Under Implementation,2.96,59,Change in project scope; Change in technology specifications,0,2,2026-03-30
PRJ-I-0045,"Medium Irrigation Project in Bijapur, Odisha",Ministry of Jal Shakti,Irrigation,Medium Irrigation,Odisha,Hassan,AIBP Agencies,237.08,242.06,255.04,242.06,60.73,39.73,17.43,2016-01-01,2021-07-03,2024-10-15,2025-01-05,2016,97.0,100.0,14,15,Under Implementation,2.1,40,Court stay orders,0,1,2026-03-19
PRJ-I-0046,Medium Irrigation - Karnataka (Bellary),Ministry of Jal Shakti,Irrigation,Medium Irrigation,Karnataka,Dibrugarh,AIBP Agencies,340.67,340.29,348.97,22.87,65.09,43.05,56.27,2023-07-01,2030-09-22,2033-09-06,2033-09-15,2023,6.1,6.7,0,10,Under Implementation,-0.11,36,Design changes during execution; Geological surprises during construction; Change in project scope,0,3,2026-03-20
PRJ-I-0047,"Micro Irrigation Project in Solapur, Maharashtra",Ministry of Jal Shakti,Irrigation,Micro Irrigation,Maharashtra,Central,CADA,512.16,605.86,609.29,605.86,0,72.44,106.72,2011-10-01,2017-04-02,2017-05-16,2017-04-12,2011,100.0,100.0,10,10,Completed,18.29,0,,4,0,2026-03-24
PRJ-I-0048,"Construction of Medium Irrigation at West, Punjab",Ministry of Jal Shakti,Irrigation,Medium Irrigation,Punjab,Jalgaon,AIBP Agencies,6869.47,7105.85,7612.93,7105.85,841.25,703.01,1251.11,2013-04-01,2019-07-29,2023-01-09,2023-03-28,2013,99.9,100.0,11,11,Under Implementation,3.44,42,Regulatory approvals pending; Equipment delivery delays,0,2,2026-04-01
PRJ-I-0049,"Command Area Development Project in Jharsuguda, Karnataka",Ministry of Jal Shakti,Irrigation,Command Area Development,Karnataka,Chittoor,State Irrigation Dept,575.34,884.55,871.9,884.55,0,104.05,74.41,2008-10-01,2011-10-16,2011-08-27,2011-11-30,2008,100.0,100.0,14,14,Completed,53.74,0,,4,0,2026-04-01
PRJ-I-0050,"Construction of Micro Irrigation at Latur, Maharashtra",Ministry of Jal Shakti,Irrigation,Micro Irrigation,Maharashtra,Raichur,AIBP Agencies,616.86,626.06,626.12,626.06,0,57.6,104.01,2012-10-01,2018-05-03,2018-07-29,2018-11-14,2012,100.0,100.0,5,5,Completed,1.49,0,,0,0,2026-03-11
PRJ-I-0051,"Construction of Medium Irrigation at Meerut, Karnataka",Ministry of Jal Shakti,Irrigation,Medium Irrigation,Karnataka,Guntur,AIBP Agencies,1258.82,1686.22,1749.86,1686.22,0,163.95,262.61,2010-07-01,2016-09-27,2016-08-01,2016-08-09,2010,100.0,100.0,11,11,Completed,33.95,0,,4,0,2026-03-23
PRJ-I-0052,"Construction of Micro Irrigation at East, West Bengal",Ministry of Jal Shakti,Irrigation,Micro Irrigation,West Bengal,Rourkela,State Irrigation Dept,1707.85,2128.44,2200.94,2128.44,0,142.83,115.39,2017-04-01,2023-09-27,2023-10-01,2024-03-09,2017,100.0,100.0,18,18,Completed,24.63,0,,4,0,2026-03-22
PRJ-I-0053,Medium Irrigation - Gujarat (Hassan),Ministry of Jal Shakti,Irrigation,Medium Irrigation,Gujarat,West,CADA,739.38,913.49,927.33,901.47,111.97,106.91,32.61,2019-01-01,2022-12-11,2024-08-02,2024-09-30,2019,90.9,98.7,11,15,Under Implementation,23.55,20,Labour shortage,3,1,2026-03-23
PRJ-I-0054,"Major Irrigation Project in Satna, Uttar Pradesh",Ministry of Jal Shakti,Irrigation,Major Irrigation,Uttar Pradesh,East,AIBP Agencies,2622.37,3234.52,3211.2,2246.44,958.83,591.19,374.39,2022-10-01,2028-04-02,2028-03-30,2028-04-09,2022,80.2,69.5,15,20,Under Implementation,23.34,0,,1,0,2026-03-05
PRJ-I-0055,Major Irrigation - Jammu & Kashmir (Hassan),Ministry of Jal Shakti,Irrigation,Major Irrigation,Jammu & Kashmir,Salem,State Irrigation Dept,893.02,878.99,895.44,878.99,0,53.37,73.62,2011-01-01,2015-06-09,2015-06-20,2015-08-01,2011,100.0,100.0,20,20,Completed,-1.57,0,,0,0,2026-03-08
PRJ-I-0056,"Construction of Major Irrigation at West, Maharashtra",Ministry of Jal Shakti,Irrigation,Major Irrigation,Maharashtra,Anand,CADA,611.69,611.69,624.32,611.69,74.27,76.41,83.15,2015-01-01,2021-11-25,2021-10-25,2021-10-05,2015,99.9,100.0,6,9,Under Implementation,0,0,,3,0,2026-03-31
PRJ-I-0057,Command Area Development - Telangana (Chittoor),Ministry of Jal Shakti,Irrigation,Command Area Development,Telangana,Barmer,AIBP Agencies,3150.99,3102.42,3279.56,3012.8,302.4,255.02,281.53,2016-10-01,2021-07-07,2021-08-25,2022-02-10,2016,94.1,97.1,8,11,Under Implementation,-1.54,0,,0,0,2026-03-03
PRJ-I-0058,"Construction of Medium Irrigation at Bokaro, Uttar Pradesh",Ministry of Jal Shakti,Irrigation,Medium Irrigation,Uttar Pradesh,Jharsuguda,State Irrigation Dept,4578.16,4632.0,4691.64,4632.0,0,431.6,1118.05,2013-01-01,2020-06-23,2020-12-20,2021-02-04,2013,100.0,100.0,19,19,Completed,1.18,6,Forest clearance pending; Right-of-Way (RoW) issues,0,1,2026-03-16
PRJ-I-0059,"Medium Irrigation Project in Meerut, Gujarat",Ministry of Jal Shakti,Irrigation,Medium Irrigation,Gujarat,Raichur,CADA,8817.27,14732.67,15795.08,13579.19,3212.21,1899.81,1837.05,2012-04-01,2018-03-31,2020-10-16,2020-11-16,2012,92.0,92.2,14,15,Under Implementation,67.09,31,Contractual issues with EPC contractor,2,3,2026-03-18
PRJ-I-0060,Command Area Development - Maharashtra (Bellary),Ministry of Jal Shakti,Irrigation,Command Area Development,Maharashtra,East,AIBP Agencies,542.49,556.85,580.4,545.1,131.21,62.27,20.86,2013-10-01,2020-11-23,2021-01-09,2021-04-10,2013,99.9,97.9,19,19,Under Implementation,2.65,0,,0,0,2026-03-25
PRJ-I-0061,Micro Irrigation - Kerala (Bokaro),Ministry of Jal Shakti,Irrigation,Micro Irrigation,Kerala,Dharwad,State Irrigation Dept,605.96,635.78,681.15,149.42,99.61,66.22,121.64,2022-01-01,2029-04-24,2034-02-27,2034-07-22,2022,21.3,23.5,3,18,Under Implementation,4.92,59,COVID-19 pandemic impact; Equipment delivery delays,0,3,2026-03-12
PRJ-I-0062,"Construction of Medium Irrigation at Raichur, Rajasthan",Ministry of Jal Shakti,Irrigation,Medium Irrigation,Rajasthan,Solapur,State Irrigation Dept,2392.41,2350.01,2384.24,735.21,301.45,463.89,105.17,2023-04-01,2030-05-24,2030-08-07,2030-06-07,2023,35.2,31.3,5,19,Under Implementation,-1.77,0,,0,0,2026-03-16
PRJ-I-0063,"Micro Irrigation Project in Rourkela, Bihar",Ministry of Jal Shakti,Irrigation,Micro Irrigation,Bihar,Karnal,State Irrigation Dept,1208.86,1565.79,1625.97,1069.88,265.18,284.15,262.93,2022-04-01,2029-03-25,2029-03-16,2029-09-07,2022,73.4,68.3,14,19,Under Implementation,29.53,0,,4,0,2026-03-09
PRJ-I-0064,"Construction of Medium Irrigation at Bellary, Andhra Pradesh",Ministry of Jal Shakti,Irrigation,Medium Irrigation,Andhra Pradesh,Latur,State Irrigation Dept,1969.95,2622.17,2685.71,2505.13,553.34,491.92,382.98,2017-10-01,2021-01-13,2028-04-06,2028-03-15,2017,83.7,95.5,5,8,Under Implementation,33.11,88,Regulatory approvals pending,2,2,2026-03-23
PRJ-I-0065,"Medium Irrigation Project in Burdwan, Telangana",Ministry of Jal Shakti,Irrigation,Medium Irrigation,Telangana,East,State Irrigation Dept,898.02,1024.02,1084.48,1024.02,0,134.99,121.69,2014-10-01,2019-05-08,2019-07-09,2019-10-16,2014,100.0,100.0,9,9,Completed,14.03,0,,1,0,2026-03-11
PRJ-I-0066,Micro Irrigation - Uttar Pradesh (Raichur),Ministry of Jal Shakti,Irrigation,Micro Irrigation,Uttar Pradesh,Durg,CADA,15000,14721.98,15173.29,14721.98,2823.37,2952.29,2394.14,2017-04-01,2023-03-01,2023-05-26,2023-09-02,2017,99.9,100.0,19,19,Under Implementation,-1.85,0,,0,0,2026-03-30
PRJ-I-0067,"Construction of Medium Irrigation at Karnal, West Bengal",Ministry of Jal Shakti,Irrigation,Medium Irrigation,West Bengal,Raigad,State Irrigation Dept,348.75,343.58,369.4,302.79,67.3,70.59,21.21,2008-01-01,2011-10-12,2011-09-01,2011-12-18,2008,99.9,88.1,6,9,Under Implementation,-1.48,0,,0,0,2026-03-09
PRJ-I-0068,Command Area Development - West Bengal (Barmer),Ministry of Jal Shakti,Irrigation,Command Area Development,West Bengal,Nellore,CADA,1388.13,2136.63,2181.44,1772.53,349.06,518.1,239.76,2021-04-01,2026-12-31,2026-12-19,2027-04-28,2021,87.1,83.0,6,6,Under Implementation,53.92,0,,1,0,2026-03-29
PRJ-I-0069,"Major Irrigation Project in West, Kerala",Ministry of Jal Shakti,Irrigation,Major Irrigation,Kerala,Karnal,AIBP Agencies,482.1,481.31,513.66,481.31,108.87,74.45,26.63,2009-10-01,2016-12-23,2017-01-27,2016-12-12,2009,97.0,100.0,7,7,Under Implementation,-0.16,0,,0,0,2026-03-20
PRJ-I-0070,Command Area Development - Tamil Nadu (Chittoor),Ministry of Jal Shakti,Irrigation,Command Area Development,Tamil Nadu,Guntur,CADA,1232.46,1274.75,1312.33,1274.75,0,110.64,274.99,2010-01-01,2015-10-02,2017-06-23,2017-12-05,2010,100.0,100.0,15,15,Completed,3.43,21,Environmental clearance pending; Adverse weather conditions,0,2,2026-03-18
PRJ-I-0071,"Major Irrigation Project in Bijapur, Rajasthan",Ministry of Jal Shakti,Irrigation,Major Irrigation,Rajasthan,Solapur,AIBP Agencies,2273.71,2354.72,2460.41,396.34,553.58,379.44,275.18,2024-10-01,2027-09-16,2029-12-04,2029-09-09,2024,19.8,16.8,2,10,Under Implementation,3.56,27,Utility shifting delays; Slow mobilization by contractor,0,1,2026-03-13
PRJ-I-0072,Command Area Development - West Bengal (Raichur),Ministry of Jal Shakti,Irrigation,Command Area Development,West Bengal,Guntur,AIBP Agencies,709.62,730.05,769.11,615.21,127.88,67.82,38.2,2013-04-01,2019-01-30,2019-01-03,2018-10-30,2013,87.0,84.3,5,6,Under Implementation,2.88,0,,0,0,2026-03-02
PRJ-I-0073,"Construction of Command Area Development at Guntur, Odisha",Ministry of Jal Shakti,Irrigation,Command Area Development,Odisha,Jharsuguda,CADA,2147.57,2237.29,2221.5,2237.29,730.29,583.52,222.34,2009-01-01,2012-05-15,2012-04-18,2012-09-06,2009,99.3,100.0,3,6,Under Implementation,4.18,0,,0,0,2026-03-20
PRJ-I-0074,"Construction of Medium Irrigation at Burdwan, Uttar Pradesh",Ministry of Jal Shakti,Irrigation,Medium Irrigation,Uttar Pradesh,Bokaro,CADA,170.12,220.88,230.51,220.88,0,17.54,37.03,2017-07-01,2022-03-07,2022-01-11,2021-10-30,2017,100.0,100.0,16,16,Completed,29.84,0,,1,0,2026-03-19
PRJ-I-0075,Micro Irrigation - Tamil Nadu (Bellary),Ministry of Jal Shakti,Irrigation,Micro Irrigation,Tamil Nadu,Warangal,AIBP Agencies,291.53,295.53,292.35,292.15,36.54,23.75,17.37,2008-04-01,2015-10-22,2019-12-30,2020-05-22,2008,99.9,98.9,6,7,Under Implementation,1.37,51,Design changes during execution,0,3,2026-03-13
PRJ-I-0076,"Micro Irrigation Project in Warangal, Odisha",Ministry of Jal Shakti,Irrigation,Micro Irrigation,Odisha,Jharsuguda,AIBP Agencies,5667.64,6247.06,6251.48,6247.06,736.67,627.59,277.72,2015-10-01,2021-05-02,2022-11-23,2022-10-22,2015,99.9,100.0,17,18,Under Implementation,10.22,19,Material supply chain disruption,1,3,2026-03-12
PRJ-I-0077,Medium Irrigation - West Bengal (Korba),Ministry of Jal Shakti,Irrigation,Medium Irrigation,West Bengal,Solapur,AIBP Agencies,3037.53,3143.33,3107.65,3050.44,526.25,634.45,163.5,2020-01-01,2026-08-27,2026-07-26,2026-10-27,2020,94.4,97.0,16,16,Under Implementation,3.48,0,,0,0,2026-03-23
PRJ-I-0078,"Construction of Major Irrigation at Solapur, Uttar Pradesh",Ministry of Jal Shakti,Irrigation,Major Irrigation,Uttar Pradesh,Tumkur,State Irrigation Dept,983.18,1022.98,1007.28,1009.9,106.84,159.32,141.88,2016-10-01,2019-10-16,2019-11-13,2019-10-31,2016,99.9,98.7,6,9,Under Implementation,4.05,0,,0,0,2026-03-30
PRJ-I-0079,"Construction of Medium Irrigation at Karnal, Tamil Nadu",Ministry of Jal Shakti,Irrigation,Medium Irrigation,Tamil Nadu,Salem,State Irrigation Dept,10564.68,13076.0,13947.4,9084.36,2789.54,1359.33,387.92,2022-04-01,2027-03-06,2027-05-03,2027-03-12,2022,77.0,69.5,7,11,Under Implementation,23.77,0,,4,0,2026-03-03
PRJ-I-0080,"Major Irrigation Project in Korba, Uttar Pradesh",Ministry of Jal Shakti,Irrigation,Major Irrigation,Uttar Pradesh,Central,State Irrigation Dept,959.29,950.44,963.13,895.66,122.98,139.95,141.45,2013-10-01,2020-10-24,2024-02-06,2024-05-02,2013,99.4,94.2,7,7,Under Implementation,-0.92,40,Material supply chain disruption; Forest clearance pending; Utility shifting delays,0,2,2026-03-06
PRJ-I-0081,Micro Irrigation - Maharashtra (Durg),Ministry of Jal Shakti,Irrigation,Micro Irrigation,Maharashtra,Raichur,AIBP Agencies,528.54,665.76,709.53,496.6,55.4,55.75,87.45,2020-10-01,2027-05-28,2029-11-13,2030-01-29,2020,68.7,74.6,11,16,Under Implementation,25.96,30,Slow mobilization by contractor,2,3,2026-03-06
PRJ-I-0082,Major Irrigation - Gujarat (Meerut),Ministry of Jal Shakti,Irrigation,Major Irrigation,Gujarat,Rourkela,CADA,746.89,1088.01,1114.41,33.79,219.58,226.61,182.47,2024-07-01,2030-12-27,2036-02-29,2036-01-17,2024,3.0,3.1,0,17,Under Implementation,45.67,63,Material supply chain disruption; Regulatory approvals pending,4,1,2026-03-04
PRJ-I-0083,"Construction of Major Irrigation at Meerut, Karnataka",Ministry of Jal Shakti,Irrigation,Major Irrigation,Karnataka,South,CADA,3704.31,3633.47,3670.99,3633.47,360.82,482.83,247.36,2017-01-01,2022-01-05,2022-02-27,2022-01-04,2017,99.9,100.0,10,10,Under Implementation,-1.91,0,,0,0,2026-03-02
PRJ-I-0084,"Construction of Major Irrigation at Bellary, Bihar",Ministry of Jal Shakti,Irrigation,Major Irrigation,Bihar,Karnal,State Irrigation Dept,405.36,417.53,428.58,35.69,41.0,69.94,38.61,2023-10-01,2027-11-09,2033-06-10,2033-06-12,2023,9.2,8.5,2,12,Under Implementation,3.0,68,Forest clearance pending; Equipment delivery delays; Change in technology specifications,0,2,2026-03-09
PRJ-I-0085,"Major Irrigation Project in Hassan, Himachal Pradesh",Ministry of Jal Shakti,Irrigation,Major Irrigation,Himachal Pradesh,Nellore,State Irrigation Dept,3603.07,3603.07,3621.39,953.19,725.64,668.65,331.72,2023-07-01,2029-10-27,2029-12-16,2029-10-02,2023,26.5,26.5,6,20,Under Implementation,0,0,,4,0,2026-03-08
PRJ-DW&-0001,"Construction of Pipeline Network at Bellary, Manipur",Ministry of Jal Shakti,Drinking Water & Sanitation,Pipeline Network,Manipur,Solapur,Jal Jeevan Mission,525.54,547.52,586.15,473.26,72.03,35.05,48.49,2010-10-01,2013-04-18,2013-07-02,2013-06-04,2010,96.9,86.4,6,6,Under Implementation,4.18,0,,0,0,2026-03-18
PRJ-DW&-0002,"Construction of Pipeline Network at Dharwad, Uttar Pradesh",Ministry of Jal Shakti,Drinking Water & Sanitation,Pipeline Network,Uttar Pradesh,Bijapur,State PHED,2358.12,2325.79,2486.69,1516.86,729.47,589.82,536.08,2023-07-01,2027-09-08,2027-12-04,2028-03-18,2023,66.9,65.2,8,11,Under Implementation,-1.37,0,,0,0,2026-03-07
PRJ-DW&-0003,"STP Project in Korba, Tamil Nadu",Ministry of Jal Shakti,Drinking Water & Sanitation,STP,Tamil Nadu,Central,Jal Jeevan Mission,474.16,481.9,491.98,433.86,63.9,56.0,102.21,2012-07-01,2015-04-17,2015-10-14,2015-12-20,2012,93.6,90.0,12,12,Under Implementation,1.63,6,Rehabilitation and resettlement issues; Fund release delays,0,1,2026-03-03
PRJ-DW&-0004,Pipeline Network - Uttar Pradesh (East),Ministry of Jal Shakti,Drinking Water & Sanitation,Pipeline Network,Uttar Pradesh,Bellary,State PHED,3665.42,3712.83,3952.27,3228.45,467.3,219.16,542.75,2021-07-01,2025-12-07,2027-04-01,2027-01-09,2021,99.9,87.0,5,6,Under Implementation,1.29,16,Rehabilitation and resettlement issues,0,3,2026-03-11
PRJ-DW&-0005,"Construction of STP at Guntur, Maharashtra",Ministry of Jal Shakti,Drinking Water & Sanitation,STP,Maharashtra,Chittoor,Jal Jeevan Mission,651.89,665.86,665.15,663.38,53.7,39.78,122.74,2016-01-01,2020-07-08,2021-10-31,2022-03-17,2016,99.9,99.6,7,8,Under Implementation,2.14,16,Change in project scope; Land acquisition delays,0,2,2026-03-05
PRJ-DW&-0006,"Construction of Pipeline Network at Jharsuguda, Uttar Pradesh",Ministry of Jal Shakti,Drinking Water & Sanitation,Pipeline Network,Uttar Pradesh,Nellore,Jal Jeevan Mission,429.52,470.56,466.95,470.56,87.55,61.97,100.16,2011-01-01,2012-12-21,2013-03-11,2013-07-09,2011,99.9,100.0,14,16,Under Implementation,9.56,0,,2,0,2026-03-26
PRJ-DW&-0007,"Construction of STP at Dibrugarh, Kerala",Ministry of Jal Shakti,Drinking Water & Sanitation,STP,Kerala,East,State Water Supply Board,1154.66,1169.21,1156.53,947.34,192.4,105.07,266.39,2014-01-01,2016-04-20,2016-07-13,2016-07-20,2014,94.6,81.0,7,8,Under Implementation,1.26,0,,0,0,2026-03-24
PRJ-DW&-0008,"Construction of Pipeline Network at Anand, West Bengal",Ministry of Jal Shakti,Drinking Water & Sanitation,Pipeline Network,West Bengal,East,State PHED,449.34,468.37,489.75,468.37,54.26,37.09,24.1,2011-01-01,2014-02-14,2014-03-16,2014-06-26,2011,95.1,100.0,14,17,Under Implementation,4.24,0,,0,0,2026-03-23
PRJ-DW&-0009,"Construction of STP at Dharwad, Bihar",Ministry of Jal Shakti,Drinking Water & Sanitation,STP,Bihar,Tumkur,Jal Jeevan Mission,757.78,768.39,808.61,754.28,150.35,108.74,68.98,2017-07-01,2022-04-06,2023-03-02,2023-07-13,2017,99.9,98.2,16,16,Under Implementation,1.4,11,Slow mobilization by contractor; Court stay orders,0,1,2026-03-18
PRJ-DW&-0010,"STP Project in Dharwad, Gujarat",Ministry of Jal Shakti,Drinking Water & Sanitation,STP,Gujarat,Barmer,State PHED,472.76,477.95,507.01,439.86,44.37,42.01,102.65,2015-07-01,2018-02-15,2018-01-21,2018-03-25,2015,99.9,92.0,3,6,Under Implementation,1.1,0,,0,0,2026-03-19
PRJ-DW&-0011,Water Treatment Plant - Haryana (Bijapur),Ministry of Jal Shakti,Drinking Water & Sanitation,Water Treatment Plant,Haryana,Tumkur,State Water Supply Board,1226.09,1494.17,1495.14,1494.17,0,193.72,87.02,2015-04-01,2018-05-15,2018-07-06,2018-08-16,2015,100.0,100.0,11,11,Completed,21.86,0,,1,0,2026-03-25
PRJ-DW&-0012,"Construction of Pipeline Network at Raichur, Jharkhand",Ministry of Jal Shakti,Drinking Water & Sanitation,Pipeline Network,Jharkhand,Nellore,Jal Jeevan Mission,3628.07,3625.64,3762.5,1384.06,2.14,69.21,326.35,2010-07-01,2013-01-16,2013-03-05,2013-02-24,2010,40.4,38.2,5,19,Shelved,-0.07,0,,0,0,2026-03-09
PRJ-DW&-0013,"Construction of Water Treatment Plant at Solapur, Rajasthan",Ministry of Jal Shakti,Drinking Water & Sanitation,Water Treatment Plant,Rajasthan,Guntur,State Water Supply Board,183.21,186.17,183.84,186.17,0,17.91,18.49,2017-04-01,2019-11-17,2023-03-01,2023-04-08,2017,100.0,100.0,19,19,Completed,1.62,40,Slow mobilization by contractor,0,1,2026-03-17
PRJ-DW&-0014,Water Treatment Plant - Karnataka (South),Ministry of Jal Shakti,Drinking Water & Sanitation,Water Treatment Plant,Karnataka,Latur,State PHED,2603.0,2618.96,2679.33,2618.96,0,295.85,170.11,2012-10-01,2017-05-08,2020-01-23,2020-02-14,2012,100.0,100.0,5,5,Completed,0.61,33,Environmental clearance pending,0,3,2026-03-11
PRJ-DW&-0015,"Construction of Water Supply at Bijapur, Bihar",Ministry of Jal Shakti,Drinking Water & Sanitation,Water Supply,Bihar,Jharsuguda,State PHED,450.19,459.93,486.56,459.93,0,34.48,101.05,2017-10-01,2020-08-16,2020-10-10,2020-08-04,2017,100.0,100.0,18,18,Completed,2.16,0,,0,0,2026-03-18
PRJ-DW&-0016,"Water Treatment Plant Project in Dharwad, Chhattisgarh",Ministry of Jal Shakti,Drinking Water & Sanitation,Water Treatment Plant,Chhattisgarh,Dharwad,State PHED,1158.1,1141.1,1207.88,1070.42,261.93,159.12,132.46,2017-04-01,2019-12-17,2020-01-30,2020-02-17,2017,96.1,93.8,11,12,Under Implementation,-1.47,0,,0,0,2026-03-23
PRJ-DW&-0017,"Construction of Water Supply at Jharsuguda, Telangana",Ministry of Jal Shakti,Drinking Water & Sanitation,Water Supply,Telangana,Jalgaon,State PHED,562.37,559.07,583.22,559.07,0,53.58,16.91,2015-04-01,2018-12-11,2020-07-03,2020-04-10,2015,100.0,100.0,11,11,Completed,-0.59,19,Utility shifting delays,0,1,2026-03-07
PRJ-DW&-0018,Water Supply - Maharashtra (Chittoor),Ministry of Jal Shakti,Drinking Water & Sanitation,Water Supply,Maharashtra,Warangal,State Water Supply Board,413.59,413.59,417.58,413.59,58.98,81.64,91.43,2019-04-01,2022-04-15,2022-07-02,2022-09-21,2019,99.9,100.0,9,9,Under Implementation,0,0,,1,0,2026-03-23
PRJ-DW&-0019,Pipeline Network - Uttar Pradesh (Dibrugarh),Ministry of Jal Shakti,Drinking Water & Sanitation,Pipeline Network,Uttar Pradesh,Meerut,State Water Supply Board,2136.25,2240.99,2251.39,352.62,2.09,27.18,135.62,2021-04-01,2024-04-15,2024-03-09,2024-07-04,2021,16.7,15.7,1,20,Shelved,4.9,0,,4,0,2026-03-21
PRJ-DW&-0020,"Water Treatment Plant Project in Khammam, Gujarat",Ministry of Jal Shakti,Drinking Water & Sanitation,Water Treatment Plant,Gujarat,Tumkur,State PHED,1321.2,1357.28,1377.99,1357.28,0,129.54,312.94,2018-04-01,2020-07-19,2020-09-06,2021-02-02,2018,100.0,100.0,15,15,Completed,2.73,0,,0,0,2026-03-15
PRJ-DW&-0021,"Pipeline Network Project in Latur, Karnataka",Ministry of Jal Shakti,Drinking Water & Sanitation,Pipeline Network,Karnataka,Warangal,Jal Jeevan Mission,2080.45,2159.84,2162.06,2159.84,0,120.8,139.61,2010-01-01,2014-02-09,2014-01-31,2013-12-29,2010,100.0,100.0,12,12,Completed,3.82,0,,4,0,2026-03-25
PRJ-DW&-0022,Water Treatment Plant - Tamil Nadu (Anand),Ministry of Jal Shakti,Drinking Water & Sanitation,Water Treatment Plant,Tamil Nadu,Guntur,Jal Jeevan Mission,698.58,698.58,724.39,698.58,66.55,48.21,117.17,2022-04-01,2024-10-17,2024-12-18,2025-04-13,2022,99.9,100.0,15,16,Under Implementation,0,0,,4,0,2026-03-19
PRJ-DW&-0023,"Water Treatment Plant Project in North, Chhattisgarh",Ministry of Jal Shakti,Drinking Water & Sanitation,Water Treatment Plant,Chhattisgarh,Khammam,State PHED,1269.11,1577.14,1597.41,1342.89,302.05,217.26,223.33,2016-04-01,2019-10-13,2021-05-05,2021-07-09,2016,99.9,85.1,6,6,Under Implementation,24.27,19,Environmental clearance pending,4,1,2026-03-25
PRJ-DW&-0024,"Pipeline Network Project in Khammam, Andhra Pradesh",Ministry of Jal Shakti,Drinking Water & Sanitation,Pipeline Network,Andhra Pradesh,Siliguri,State PHED,704.5,704.5,740.18,294.49,154.89,124.34,63.34,2024-01-01,2026-09-17,2028-06-08,2028-05-10,2024,47.0,41.8,6,11,Under Implementation,0,21,Law and order issues,1,2,2026-03-31
PRJ-DW&-0025,"Construction of Water Treatment Plant at Raichur, Rajasthan",Ministry of Jal Shakti,Drinking Water & Sanitation,Water Treatment Plant,Rajasthan,Tumkur,State Water Supply Board,1026.45,1038.7,1032.41,1038.7,257.83,162.51,101.59,2020-10-01,2024-05-13,2024-04-13,2024-02-02,2020,89.3,100.0,7,10,Under Implementation,1.19,0,,0,0,2026-03-31
PRJ-DW&-0026,Water Supply - Odisha (Bijapur),Ministry of Jal Shakti,Drinking Water & Sanitation,Water Supply,Odisha,Hassan,Jal Jeevan Mission,4977.8,4974.8,5122.29,4974.8,0,397.33,381.63,2020-01-01,2023-02-14,2023-05-09,2023-08-24,2020,100.0,100.0,10,10,Completed,-0.06,0,,0,0,2026-03-24
PRJ-DW&-0027,"Water Treatment Plant Project in Bokaro, Telangana",Ministry of Jal Shakti,Drinking Water & Sanitation,Water Treatment Plant,Telangana,East,State Water Supply Board,968.04,1007.06,1054.69,1007.06,143.1,84.38,150.85,2008-01-01,2011-01-15,2010-12-26,2011-03-04,2008,99.9,100.0,9,11,Under Implementation,4.03,0,,0,0,2026-03-28
PRJ-DW&-0028,"Construction of Water Supply at Guntur, Madhya Pradesh",Ministry of Jal Shakti,Drinking Water & Sanitation,Water Supply,Madhya Pradesh,Bellary,Jal Jeevan Mission,1083.17,1184.62,1267.34,1184.62,0,133.48,269.08,2016-04-01,2018-08-19,2018-07-22,2018-08-01,2016,100.0,100.0,17,17,Completed,9.37,0,,3,0,2026-03-16
PRJ-DW&-0029,"Pipeline Network Project in Latur, Tamil Nadu",Ministry of Jal Shakti,Drinking Water & Sanitation,Pipeline Network,Tamil Nadu,South,Jal Jeevan Mission,843.22,975.15,1040.08,975.15,0,85.44,76.03,2014-10-01,2019-03-09,2019-04-08,2019-09-20,2014,100.0,100.0,13,13,Completed,15.65,1,Equipment delivery delays; Inter-departmental coordination delays,1,3,2026-03-13
PRJ-DW&-0030,Pipeline Network - Karnataka (Meerut),Ministry of Jal Shakti,Drinking Water & Sanitation,Pipeline Network,Karnataka,Bijapur,State Water Supply Board,1121.66,1129.83,1173.29,1129.83,97.8,84.75,68.82,2022-01-01,2025-04-15,2025-07-14,2025-10-25,2022,99.9,100.0,10,10,Under Implementation,0.73,0,,0,0,2026-03-25
PRJ-DW&-0031,Water Treatment Plant - Punjab (Tirunelveli),Ministry of Jal Shakti,Drinking Water & Sanitation,Water Treatment Plant,Punjab,Solapur,Jal Jeevan Mission,1443.49,1513.01,1592.43,183.88,216.87,215.77,74.64,2024-10-01,2029-06-07,2029-06-25,2029-09-16,2024,12.6,12.2,0,9,Under Implementation,4.82,0,,0,0,2026-03-08
PRJ-DW&-0032,"Construction of STP at Bijapur, Maharashtra",Ministry of Jal Shakti,Drinking Water & Sanitation,STP,Maharashtra,Raichur,Jal Jeevan Mission,292.61,304.94,311.44,276.16,71.07,70.23,48.71,2009-07-01,2012-10-13,2012-12-04,2012-09-18,2009,92.3,90.6,17,20,Under Implementation,4.21,0,,0,0,2026-03-22
PRJ-DW&-0033,"Pipeline Network Project in Tirunelveli, Maharashtra",Ministry of Jal Shakti,Drinking Water & Sanitation,Pipeline Network,Maharashtra,North,State Water Supply Board,2175.05,2451.42,2519.66,2451.42,0,351.95,208.74,2009-10-01,2014-02-07,2014-04-02,2014-02-10,2009,100.0,100.0,12,12,Completed,12.71,0,,4,0,2026-03-11
PRJ-DW&-0034,STP - Bihar (Bokaro),Ministry of Jal Shakti,Drinking Water & Sanitation,STP,Bihar,Central,Jal Jeevan Mission,1171.32,1213.26,1296.63,758.18,123.45,76.46,123.42,2024-10-01,2027-05-19,2027-07-17,2027-05-28,2024,60.2,62.5,3,6,Under Implementation,3.58,0,,0,0,2026-03-08
PRJ-DW&-0035,"Construction of Pipeline Network at Hassan, Maharashtra",Ministry of Jal Shakti,Drinking Water & Sanitation,Pipeline Network,Maharashtra,Raigad,State PHED,1871.22,1882.81,1939.29,1862.22,395.24,412.68,353.55,2019-04-01,2022-07-14,2022-10-11,2023-02-18,2019,91.2,98.9,18,19,Under Implementation,0.62,0,,0,0,2026-03-25
PRJ-DW&-0036,"STP Project in Solapur, Maharashtra",Ministry of Jal Shakti,Drinking Water & Sanitation,STP,Maharashtra,Korba,Jal Jeevan Mission,185.95,208.7,209.64,208.7,0,19.75,10.95,2017-07-01,2020-05-16,2020-05-04,2020-10-26,2017,100.0,100.0,14,14,Completed,12.23,0,,2,0,2026-03-26
PRJ-DW&-0037,"Construction of STP at Jharsuguda, Gujarat",Ministry of Jal Shakti,Drinking Water & Sanitation,STP,Gujarat,Tirunelveli,Jal Jeevan Mission,471.8,472.08,489.41,472.08,76.04,47.71,108.25,2009-10-01,2013-01-13,2012-12-09,2013-06-02,2009,99.9,100.0,6,9,Under Implementation,0.06,0,,0,0,2026-03-20
PRJ-DW&-0038,"Water Supply Project in Bokaro, Haryana",Ministry of Jal Shakti,Drinking Water & Sanitation,Water Supply,Haryana,South,Jal Jeevan Mission,1001.02,984.06,1053.73,984.06,0,117.88,242.35,2018-01-01,2022-06-09,2022-08-23,2022-12-28,2018,100.0,100.0,18,18,Completed,-1.69,0,,0,0,2026-03-19
PRJ-DW&-0039,"STP Project in Salem, Madhya Pradesh",Ministry of Jal Shakti,Drinking Water & Sanitation,STP,Madhya Pradesh,Jharsuguda,State Water Supply Board,700.44,888.3,888.16,888.3,0,124.13,121.12,2016-10-01,2020-04-13,2020-06-10,2020-07-19,2016,100.0,100.0,7,7,Completed,26.82,0,,2,0,2026-03-04
PRJ-DW&-0040,"Construction of Water Treatment Plant at Chittoor, Himachal Pradesh",Ministry of Jal Shakti,Drinking Water & Sanitation,Water Treatment Plant,Himachal Pradesh,Bijapur,State Water Supply Board,150,156.08,167.0,139.99,17.98,15.67,23.18,2021-10-01,2025-10-10,2025-08-27,2025-08-17,2021,99.1,89.7,16,16,Under Implementation,4.06,0,,3,0,2026-03-23
PRJ-DW&-0041,"Construction of Water Treatment Plant at Karnal, Jammu & Kashmir",Ministry of Jal Shakti,Drinking Water & Sanitation,Water Treatment Plant,Jammu & Kashmir,Korba,State Water Supply Board,1359.74,1415.37,1496.74,156.8,148.29,125.82,194.69,2024-07-01,2029-05-06,2029-06-26,2029-04-12,2024,11.9,11.1,0,17,Under Implementation,4.09,0,,0,0,2026-03-22
PRJ-DW&-0042,"Water Supply Project in Raigad, Andhra Pradesh",Ministry of Jal Shakti,Drinking Water & Sanitation,Water Supply,Andhra Pradesh,Bellary,State Water Supply Board,1024.24,1048.36,1106.54,919.83,269.78,250.68,114.57,2014-04-01,2016-10-17,2016-09-28,2017-02-07,2014,88.6,87.7,8,12,Under Implementation,2.35,0,,0,0,2026-03-18
PRJ-DW&-0043,"Pipeline Network Project in Salem, Tamil Nadu",Ministry of Jal Shakti,Drinking Water & Sanitation,Pipeline Network,Tamil Nadu,Satna,State Water Supply Board,1243.43,1284.35,1348.57,1236.21,213.17,174.83,118.72,2012-01-01,2016-11-05,2018-01-29,2018-03-28,2012,93.9,96.3,16,18,Under Implementation,3.29,15,Equipment delivery delays,0,1,2026-03-14
PRJ-DW&-0044,"Water Supply Project in Chittoor, Telangana",Ministry of Jal Shakti,Drinking Water & Sanitation,Water Supply,Telangana,Tumkur,State PHED,1575.85,1565.73,1588.22,1565.73,0,89.06,103.99,2011-07-01,2013-07-20,2013-07-14,2013-06-03,2011,100.0,100.0,10,10,Completed,-0.64,0,,0,0,2026-03-30
PRJ-DW&-0045,Water Supply - Tamil Nadu (Tumkur),Ministry of Jal Shakti,Drinking Water & Sanitation,Water Supply,Tamil Nadu,Solapur,Jal Jeevan Mission,2792.94,2922.33,2960.6,2922.33,508.7,638.95,665.87,2017-01-01,2021-07-09,2021-08-26,2021-11-12,2017,99.9,100.0,12,13,Under Implementation,4.63,0,,0,0,2026-03-31
PRJ-DW&-0046,STP - Uttar Pradesh (Jharsuguda),Ministry of Jal Shakti,Drinking Water & Sanitation,STP,Uttar Pradesh,Meerut,State PHED,601.75,611.82,630.94,535.81,49.52,76.38,86.08,2014-07-01,2018-08-09,2018-09-26,2018-08-19,2014,99.9,87.6,4,7,Under Implementation,1.67,0,,0,0,2026-03-16
PRJ-DW&-0047,Water Supply - Uttarakhand (Tumkur),Ministry of Jal Shakti,Drinking Water & Sanitation,Water Supply,Uttarakhand,Bokaro,State Water Supply Board,800.53,810.81,809.6,737.62,78.89,57.44,89.08,2019-10-01,2023-03-14,2026-10-24,2026-11-25,2019,97.3,91.0,12,15,Under Implementation,1.28,44,Adverse weather conditions,2,3,2026-03-05
PRJ-DW&-0048,STP - Jammu & Kashmir (Rourkela),Ministry of Jal Shakti,Drinking Water & Sanitation,STP,Jammu & Kashmir,Jalgaon,Jal Jeevan Mission,965.65,1226.09,1250.48,167.19,0.81,10.82,118.28,2012-04-01,2014-04-21,2017-09-02,2017-08-26,2012,15.3,13.6,1,18,Shelved,26.97,41,Forest clearance pending,2,3,2026-03-23
PRJ-DW&-0049,"STP Project in Dharwad, Odisha",Ministry of Jal Shakti,Drinking Water & Sanitation,STP,Odisha,Hassan,State PHED,683.6,715.4,758.58,669.69,216.41,189.38,68.7,2024-10-01,2026-11-20,2026-12-28,2027-01-11,2024,94.1,93.6,7,9,Under Implementation,4.65,0,,0,0,2026-03-10
PRJ-DW&-0050,"Construction of STP at Burdwan, Andhra Pradesh",Ministry of Jal Shakti,Drinking Water & Sanitation,STP,Andhra Pradesh,Latur,State Water Supply Board,708.84,816.23,869.74,816.23,184.71,123.75,23.7,2010-10-01,2013-12-14,2014-12-09,2015-04-15,2010,93.2,100.0,18,19,Under Implementation,15.15,12,Regulatory approvals pending; Fund release delays; Slow mobilization by contractor,2,3,2026-03-02
PRJ-DW&-0051,"STP Project in Satna, Jharkhand",Ministry of Jal Shakti,Drinking Water & Sanitation,STP,Jharkhand,Chittoor,State Water Supply Board,978.51,978.51,967.89,978.51,0,101.17,91.98,2009-07-01,2012-08-14,2013-12-07,2014-02-23,2009,100.0,100.0,19,19,Completed,0,16,Court stay orders; Adverse weather conditions; Forest clearance pending,3,2,2026-03-31
PRJ-DW&-0052,"STP Project in West, Rajasthan",Ministry of Jal Shakti,Drinking Water & Sanitation,STP,Rajasthan,South,State Water Supply Board,199.79,221.81,232.01,191.28,27.18,28.38,17.4,2008-10-01,2012-11-09,2012-12-19,2013-04-27,2008,91.3,86.2,11,11,Under Implementation,11.02,0,,1,0,2026-03-20
PRJ-DW&-0053,"STP Project in Raigad, Delhi",Ministry of Jal Shakti,Drinking Water & Sanitation,STP,Delhi,Solapur,Jal Jeevan Mission,4267.28,4452.04,4421.15,3670.27,756.33,989.57,425.74,2013-01-01,2016-11-11,2017-01-10,2016-10-17,2013,93.8,82.4,7,8,Under Implementation,4.33,2,Environmental clearance pending; Change in project scope; Utility shifting delays,0,2,2026-03-18
PRJ-DW&-0054,Water Supply - Uttar Pradesh (Satna),Ministry of Jal Shakti,Drinking Water & Sanitation,Water Supply,Uttar Pradesh,Raichur,State Water Supply Board,399.28,404.8,436.73,404.8,0,55.05,80.06,2023-01-01,2025-06-19,2025-08-18,2026-01-30,2023,100.0,100.0,20,20,Completed,1.38,2,Utility shifting delays,0,3,2026-03-24
PRJ-DW&-0055,"Construction of STP at Guntur, Bihar",Ministry of Jal Shakti,Drinking Water & Sanitation,STP,Bihar,Chittoor,Jal Jeevan Mission,218.43,225.83,225.15,217.9,60.6,37.43,53.35,2016-07-01,2019-05-17,2022-01-01,2022-02-15,2016,99.3,96.5,15,16,Under Implementation,3.39,32,Labour shortage; Right-of-Way (RoW) issues; Regulatory approvals pending,0,3,2026-03-03
PRJ-DW&-0056,"Construction of Water Treatment Plant at Jharsuguda, Sikkim",Ministry of Jal Shakti,Drinking Water & Sanitation,Water Treatment Plant,Sikkim,Satna,State PHED,459.22,458.89,449.86,402.52,82.47,111.38,20.15,2018-10-01,2023-04-08,2023-03-24,2023-09-14,2018,97.3,87.7,14,17,Under Implementation,-0.07,0,,0,0,2026-03-23
PRJ-DW&-0057,Water Treatment Plant - Maharashtra (Satna),Ministry of Jal Shakti,Drinking Water & Sanitation,Water Treatment Plant,Maharashtra,Nellore,Jal Jeevan Mission,3208.58,4050.99,4070.28,4050.99,1217.97,553.4,525.66,2008-07-01,2010-09-19,2010-09-19,2010-07-30,2008,99.9,100.0,18,20,Under Implementation,26.25,0,,2,3,2026-03-16
PRJ-DW&-0058,"Construction of Water Treatment Plant at Dharwad, Karnataka",Ministry of Jal Shakti,Drinking Water & Sanitation,Water Treatment Plant,Karnataka,Warangal,Jal Jeevan Mission,980.44,1080.36,1127.79,1080.36,58.27,47.34,59.39,2016-07-01,2020-12-07,2021-02-05,2021-07-31,2016,99.9,100.0,12,15,Under Implementation,10.19,0,,3,0,2026-03-19
PRJ-DW&-0059,"Construction of Water Supply at Dibrugarh, Gujarat",Ministry of Jal Shakti,Drinking Water & Sanitation,Water Supply,Gujarat,Durg,State PHED,2414.3,2497.48,2601.38,2497.48,469.45,289.05,207.38,2020-07-01,2025-05-06,2025-06-05,2025-07-08,2020,99.9,100.0,6,6,Under Implementation,3.45,1,Forest clearance pending; Regulatory approvals pending; Equipment delivery delays,0,2,2026-03-11
PRJ-DW&-0060,"Construction of Water Supply at Bokaro, Uttarakhand",Ministry of Jal Shakti,Drinking Water & Sanitation,Water Supply,Uttarakhand,Salem,Jal Jeevan Mission,395.67,412.82,411.71,412.82,0,28.69,61.99,2022-07-01,2025-10-13,2025-10-31,2025-12-24,2022,100.0,100.0,18,18,Completed,4.34,0,,3,0,2026-03-29
PRJ-DW&-0061,"Water Supply Project in Bijapur, Punjab",Ministry of Jal Shakti,Drinking Water & Sanitation,Water Supply,Punjab,Korba,State Water Supply Board,1102.67,1124.39,1172.83,1124.39,0,167.16,190.22,2015-10-01,2020-06-06,2020-06-14,2020-06-11,2015,100.0,100.0,17,17,Completed,1.97,0,,0,0,2026-03-31
PRJ-DW&-0062,"Construction of Pipeline Network at Anand, West Bengal",Ministry of Jal Shakti,Drinking Water & Sanitation,Pipeline Network,West Bengal,Karnal,Jal Jeevan Mission,186.32,225.77,241.65,225.77,0,13.26,31.58,2016-07-01,2019-08-15,2019-10-16,2019-12-10,2016,100.0,100.0,19,19,Completed,21.17,0,,2,0,2026-03-22
PRJ-DW&-0063,STP - Uttar Pradesh (North),Ministry of Jal Shakti,Drinking Water & Sanitation,STP,Uttar Pradesh,Anand,Jal Jeevan Mission,2623.46,2610.47,2639.18,2610.47,0,190.55,117.05,2019-10-01,2022-11-14,2023-01-21,2023-01-29,2019,100.0,100.0,7,7,Completed,-0.5,0,,0,0,2026-03-21
PRJ-DW&-0064,"Construction of Pipeline Network at Solapur, Jharkhand",Ministry of Jal Shakti,Drinking Water & Sanitation,Pipeline Network,Jharkhand,Bijapur,State Water Supply Board,823.12,820.55,843.56,472.37,221.88,120.71,102.6,2023-10-01,2028-05-07,2028-06-03,2028-03-26,2023,52.0,57.6,3,6,Under Implementation,-0.31,0,,0,0,2026-03-12
PRJ-DW&-0065,"Water Treatment Plant Project in Satna, Odisha",Ministry of Jal Shakti,Drinking Water & Sanitation,Water Treatment Plant,Odisha,South,Jal Jeevan Mission,1244.86,1240.06,1219.92,1059.34,281.53,350.29,101.14,2014-07-01,2016-08-19,2016-10-04,2017-03-16,2014,97.4,85.4,9,9,Under Implementation,-0.39,0,,0,0,2026-03-29
PRJ-DW&-0066,"Construction of Water Treatment Plant at Tirunelveli, Goa",Ministry of Jal Shakti,Drinking Water & Sanitation,Water Treatment Plant,Goa,Warangal,State PHED,1152.5,1365.42,1467.75,1209.69,214.88,196.4,57.26,2010-07-01,2015-04-06,2015-04-06,2015-07-08,2010,99.9,88.6,11,11,Under Implementation,18.47,0,,3,0,2026-03-07
PRJ-DW&-0067,"Construction of Water Supply at Burdwan, Punjab",Ministry of Jal Shakti,Drinking Water & Sanitation,Water Supply,Punjab,Solapur,State PHED,557.06,568.81,581.52,568.81,92.89,63.8,118.21,2008-04-01,2010-04-21,2010-08-19,2010-06-09,2008,99.9,100.0,15,17,Under Implementation,2.11,4,Fund release delays,0,1,2026-03-30
PRJ-DW&-0068,"Construction of STP at South, Karnataka",Ministry of Jal Shakti,Drinking Water & Sanitation,STP,Karnataka,Anand,State PHED,3199.34,3602.61,3670.74,3602.61,894.89,565.88,486.33,2010-01-01,2012-06-19,2013-10-12,2013-11-29,2010,99.9,100.0,18,20,Under Implementation,12.6,16,Environmental clearance pending,4,3,2026-03-16
PRJ-DW&-0069,STP - Andhra Pradesh (West),Ministry of Jal Shakti,Drinking Water & Sanitation,STP,Andhra Pradesh,North,State Water Supply Board,861.43,889.88,919.95,889.88,117.61,70.82,74.98,2010-01-01,2012-01-21,2014-04-10,2014-08-24,2010,99.9,100.0,5,7,Under Implementation,3.3,27,State government coordination issues,0,2,2026-03-20
PRJ-DW&-0070,"Construction of Water Treatment Plant at Durg, Maharashtra",Ministry of Jal Shakti,Drinking Water & Sanitation,Water Treatment Plant,Maharashtra,Durg,State PHED,1030.29,1067.03,1141.42,856.52,232.64,186.46,231.82,2023-01-01,2025-12-16,2028-07-03,2028-06-25,2023,86.3,80.3,14,19,Under Implementation,3.57,31,Right-of-Way (RoW) issues; Regulatory approvals pending,0,2,2026-03-22
PRJ-DW&-0071,Pipeline Network - Tamil Nadu (East),Ministry of Jal Shakti,Drinking Water & Sanitation,Pipeline Network,Tamil Nadu,Anand,State PHED,460.19,470.11,492.29,385.73,111.82,125.76,31.72,2023-01-01,2027-06-09,2027-05-21,2027-11-01,2023,85.8,82.1,16,18,Under Implementation,2.16,0,,0,0,2026-04-01
PRJ-DW&-0072,"Water Treatment Plant Project in North, Madhya Pradesh",Ministry of Jal Shakti,Drinking Water & Sanitation,Water Treatment Plant,Madhya Pradesh,North,State Water Supply Board,891.51,925.39,927.14,773.96,145.34,100.38,157.96,2012-01-01,2014-01-20,2016-04-09,2016-03-17,2012,97.3,83.6,5,6,Under Implementation,3.8,27,Change in technology specifications,0,1,2026-03-04
PRJ-C-0001,"Construction of Coal Mine at Siliguri, Karnataka",Ministry of Coal,Coal,Coal Mine,Karnataka,Barmer,CCL,1074.28,1119.81,1189.12,1119.81,101.47,174.94,161.29,2018-10-01,2023-02-07,2023-09-05,2024-02-11,2018,99.5,100.0,8,8,Under Implementation,4.24,7,Forest clearance pending,0,3,2026-03-12
PRJ-C-0002,"Construction of Coal Mine at Bijapur, Maharashtra",Ministry of Coal,Coal,Coal Mine,Maharashtra,Raichur,CCL,4723.64,6170.89,6430.36,5059.19,575.39,829.23,227.49,2014-07-01,2020-03-31,2022-02-19,2021-12-25,2014,93.2,82.0,13,15,Under Implementation,30.64,23,Forest clearance pending; Geological surprises during construction,3,1,2026-03-26
PRJ-C-0003,"Construction of Coal Handling Plant at Satna, Assam",Ministry of Coal,Coal,Coal Handling Plant,Assam,Dibrugarh,CCL,150,193.75,208.9,193.75,0,27.51,17.72,2019-01-01,2022-04-15,2024-01-05,2023-12-13,2019,100.0,100.0,15,15,Completed,29.17,21,Regulatory approvals pending; Material supply chain disruption; Law and order issues,4,2,2026-03-13
PRJ-C-0004,"Construction of Coal Mine at West, Gujarat",Ministry of Coal,Coal,Coal Mine,Gujarat,North,BCCL,2718.87,3245.76,3351.75,3245.76,555.39,452.39,226.21,2010-01-01,2015-02-04,2016-05-29,2016-09-21,2010,99.9,100.0,9,11,Under Implementation,19.38,16,Change in technology specifications; Slow mobilization by contractor; COVID-19 pandemic impact,3,2,2026-03-31
PRJ-C-0005,"Rail Corridor Project in Siliguri, Bihar",Ministry of Coal,Coal,Rail Corridor,Bihar,Khammam,NLC,355.23,376.57,383.23,322.32,63.21,61.29,46.48,2022-10-01,2025-02-17,2028-07-31,2028-11-04,2022,84.2,85.6,16,18,Under Implementation,6.01,42,Material supply chain disruption; Slow mobilization by contractor; Labour shortage,2,2,2026-03-31
PRJ-C-0006,"Rail Corridor Project in Salem, Kerala",Ministry of Coal,Coal,Rail Corridor,Kerala,West,CIL,150,148.14,151.24,148.14,45.03,40.29,34.19,2014-10-01,2017-09-15,2018-11-09,2018-08-29,2014,99.9,100.0,7,9,Under Implementation,-1.24,14,Slow mobilization by contractor; Forest clearance pending; Change in technology specifications,0,2,2026-03-10
PRJ-C-0007,"Construction of Coal Washery at Dharwad, Tamil Nadu",Ministry of Coal,Coal,Coal Washery,Tamil Nadu,Durg,CCL,1055.93,1123.18,1183.53,1012.83,235.13,193.85,64.13,2023-07-01,2026-12-12,2026-12-12,2027-03-12,2023,99.9,90.2,4,5,Under Implementation,6.37,0,,3,3,2026-03-03
PRJ-C-0008,Rail Corridor - Andhra Pradesh (Karnal),Ministry of Coal,Coal,Rail Corridor,Andhra Pradesh,East,SCCL,298.8,308.96,305.89,308.96,79.3,41.05,19.68,2018-10-01,2021-05-18,2021-04-12,2021-07-01,2018,99.9,100.0,8,9,Under Implementation,3.4,0,,0,0,2026-03-07
PRJ-C-0009,"Construction of Coal Handling Plant at Solapur, Andhra Pradesh",Ministry of Coal,Coal,Coal Handling Plant,Andhra Pradesh,Salem,NLC,1291.68,1273.5,1261.35,1273.5,238.63,138.37,110.67,2017-10-01,2022-12-04,2023-02-02,2023-01-27,2017,99.9,100.0,16,17,Under Implementation,-1.41,2,Geological surprises during construction; Labour shortage; Inter-departmental coordination delays,0,2,2026-03-06
PRJ-C-0010,Rail Corridor - Odisha (North),Ministry of Coal,Coal,Rail Corridor,Odisha,Tirunelveli,NLC,468.78,466.91,474.54,466.91,0,40.73,29.17,2014-04-01,2018-01-10,2018-03-04,2018-05-13,2014,100.0,100.0,20,20,Completed,-0.4,0,,0,0,2026-03-16
PRJ-C-0011,Coal Handling Plant - Madhya Pradesh (Solapur),Ministry of Coal,Coal,Coal Handling Plant,Madhya Pradesh,South,NLC,4046.74,4083.47,4032.43,3736.05,807.96,512.09,371.8,2022-07-01,2025-06-15,2025-06-23,2025-12-17,2022,99.9,91.5,16,19,Under Implementation,0.91,0,,0,0,2026-03-15
PRJ-C-0012,Coal Mine - Karnataka (Central),Ministry of Coal,Coal,Coal Mine,Karnataka,Karnal,MCL,269.89,271.8,288.6,47.02,52.63,45.13,24.96,2024-04-01,2027-04-16,2032-03-20,2032-04-13,2024,17.2,17.3,3,19,Under Implementation,0.71,60,Design changes during execution; Slow mobilization by contractor,0,1,2026-03-27
PRJ-C-0013,"Coal Mine Project in Barmer, Maharashtra",Ministry of Coal,Coal,Coal Mine,Maharashtra,Bijapur,BCCL,1363.89,1385.77,1480.48,1385.77,279.5,166.14,324.46,2022-07-01,2026-06-10,2027-02-05,2027-06-10,2022,99.9,100.0,19,19,Under Implementation,1.6,8,Court stay orders; Change in technology specifications; State government coordination issues,0,1,2026-03-18
PRJ-C-0014,"Coal Washery Project in Tumkur, Himachal Pradesh",Ministry of Coal,Coal,Coal Washery,Himachal Pradesh,Burdwan,NLC,692.75,681.01,687.36,681.01,0,45.22,47.62,2015-07-01,2020-07-04,2022-10-22,2022-11-14,2015,100.0,100.0,14,14,Completed,-1.69,28,Adverse weather conditions; Contractual issues with EPC contractor; Court stay orders,0,2,2026-03-03
PRJ-C-0015,"Coal Washery Project in Meerut, Madhya Pradesh",Ministry of Coal,Coal,Coal Washery,Madhya Pradesh,Solapur,NLC,2201.23,2207.83,2255.17,2207.83,0,304.95,279.7,2014-04-01,2018-10-07,2020-11-25,2020-12-22,2014,100.0,100.0,17,17,Completed,0.3,26,Labour shortage,0,3,2026-03-19
PRJ-C-0016,"Coal Mine Project in Jalgaon, Gujarat",Ministry of Coal,Coal,Coal Mine,Gujarat,Siliguri,NLC,1445.93,1445.95,1484.91,1445.95,313.49,312.91,344.24,2020-10-01,2025-09-05,2025-08-10,2025-06-29,2020,97.1,100.0,5,5,Under Implementation,0.0,0,,0,0,2026-03-17
PRJ-C-0017,"Construction of Coal Handling Plant at Durg, Punjab",Ministry of Coal,Coal,Coal Handling Plant,Punjab,Karnal,NLC,739.91,756.25,768.78,756.25,0,60.19,116.71,2015-01-01,2017-10-17,2017-11-12,2018-02-13,2015,100.0,100.0,9,9,Completed,2.21,0,,0,0,2026-03-18
PRJ-C-0018,Rail Corridor - Maharashtra (Bokaro),Ministry of Coal,Coal,Rail Corridor,Maharashtra,Dibrugarh,NLC,384.69,378.01,395.51,378.01,94.7,39.74,87.88,2010-04-01,2013-01-15,2012-12-21,2012-10-28,2010,99.9,100.0,14,16,Under Implementation,-1.74,0,,0,0,2026-03-06
PRJ-C-0019,Rail Corridor - Odisha (Central),Ministry of Coal,Coal,Rail Corridor,Odisha,Bellary,ECL,150,157.33,167.58,157.33,0,19.13,33.07,2015-04-01,2018-08-13,2018-09-24,2019-02-15,2015,100.0,100.0,15,15,Completed,4.89,0,,0,0,2026-03-21
PRJ-C-0020,Coal Mine - Odisha (Raigad),Ministry of Coal,Coal,Coal Mine,Odisha,Meerut,CIL,150,176.43,190.37,176.43,25.95,22.23,36.56,2009-04-01,2014-02-04,2014-02-04,2014-03-23,2009,92.8,100.0,11,14,Under Implementation,17.62,0,,3,1,2026-03-05
PRJ-C-0021,"Construction of Rail Corridor at Satna, Odisha",Ministry of Coal,Coal,Rail Corridor,Odisha,Khammam,NLC,757.4,793.62,809.0,727.84,108.37,119.32,93.47,2016-04-01,2018-08-19,2018-11-05,2018-10-17,2016,99.9,91.7,7,7,Under Implementation,4.78,0,,0,0,2026-03-22
PRJ-C-0022,"Coal Handling Plant Project in Raigad, Assam",Ministry of Coal,Coal,Coal Handling Plant,Assam,Solapur,BCCL,409.94,429.07,460.53,429.07,99.51,98.58,32.38,2010-01-01,2013-05-15,2013-05-17,2013-03-14,2010,99.9,100.0,19,20,Under Implementation,4.67,0,,0,0,2026-03-24
PRJ-C-0023,Coal Washery - Karnataka (West),Ministry of Coal,Coal,Coal Washery,Karnataka,Barmer,CIL,151.52,157.08,158.72,157.08,0,10.64,17.1,2011-04-01,2016-12-30,2018-06-23,2018-10-06,2011,100.0,100.0,19,19,Completed,3.67,18,Rehabilitation and resettlement issues; State government coordination issues; Regulatory approvals pending,0,1,2026-03-26
PRJ-C-0024,"Construction of Coal Mine at South, Ladakh",Ministry of Coal,Coal,Coal Mine,Ladakh,Bellary,CCL,5239.77,5141.02,5492.27,5141.02,808.89,1344.71,458.77,2015-04-01,2019-11-06,2019-10-12,2020-01-13,2015,97.9,100.0,5,6,Under Implementation,-1.88,0,,0,0,2026-03-30
PRJ-C-0025,"Construction of Coal Handling Plant at Chittoor, Delhi",Ministry of Coal,Coal,Coal Handling Plant,Delhi,Salem,NLC,2034.66,2109.37,2220.18,2109.37,388.45,228.28,383.98,2020-07-01,2024-08-09,2024-11-03,2025-04-11,2020,99.9,100.0,8,11,Under Implementation,3.67,0,,1,0,2026-03-30
PRJ-C-0026,"Construction of Coal Mine at Raichur, Maharashtra",Ministry of Coal,Coal,Coal Mine,Maharashtra,Guntur,ECL,176.87,178.64,186.49,178.64,0,12.13,37.13,2019-01-01,2023-06-09,2025-10-26,2026-03-08,2019,100.0,100.0,5,5,Completed,1.0,29,Slow mobilization by contractor; Law and order issues,0,1,2026-03-13
PRJ-C-0027,"Coal Washery Project in Jharsuguda, Nagaland",Ministry of Coal,Coal,Coal Washery,Nagaland,Khammam,SCCL,1443.9,1753.97,1735.69,1753.97,0,144.65,303.59,2012-10-01,2017-05-08,2017-05-06,2017-09-13,2012,100.0,100.0,20,20,Completed,21.47,0,,2,0,2026-03-28
PRJ-C-0028,Coal Mine - Assam (Satna),Ministry of Coal,Coal,Coal Mine,Assam,Solapur,CCL,909.68,937.31,936.2,862.7,204.56,107.11,185.71,2020-04-01,2022-03-22,2022-02-06,2021-11-28,2020,99.9,92.0,9,10,Under Implementation,3.04,0,,0,0,2026-03-06
PRJ-C-0029,"Coal Handling Plant Project in Dibrugarh, Maharashtra",Ministry of Coal,Coal,Coal Handling Plant,Maharashtra,Latur,SCCL,359.45,396.52,413.49,58.0,113.35,82.0,49.13,2024-07-01,2030-04-01,2030-06-23,2030-09-23,2024,13.3,14.6,0,5,Under Implementation,10.31,0,,4,0,2026-03-25
PRJ-C-0030,"Coal Handling Plant Project in Tirunelveli, Punjab",Ministry of Coal,Coal,Coal Handling Plant,Punjab,Bokaro,CCL,3097.61,4258.56,4475.04,4258.56,0,353.65,316.55,2009-07-01,2012-08-14,2013-07-10,2013-07-31,2009,100.0,100.0,8,8,Completed,37.48,11,Contractual issues with EPC contractor; Slow mobilization by contractor,4,3,2026-03-10
PRJ-C-0031,"Rail Corridor Project in Satna, Uttarakhand",Ministry of Coal,Coal,Rail Corridor,Uttarakhand,Meerut,ECL,846.7,878.99,888.52,878.99,242.2,125.65,200.36,2014-10-01,2018-02-12,2018-04-11,2018-06-02,2014,96.9,100.0,3,5,Under Implementation,3.81,0,,0,0,2026-04-01
PRJ-C-0032,Rail Corridor - Madhya Pradesh (Jalgaon),Ministry of Coal,Coal,Rail Corridor,Madhya Pradesh,Jalgaon,BCCL,926.07,941.74,948.72,542.68,258.07,109.44,230.45,2023-04-01,2028-06-03,2028-06-10,2028-11-22,2023,66.8,57.6,12,19,Under Implementation,1.69,0,,0,0,2026-03-22
PRJ-C-0033,Coal Washery - Maharashtra (Bijapur),Ministry of Coal,Coal,Coal Washery,Maharashtra,Siliguri,SCCL,284.4,279.91,283.31,273.03,46.32,56.32,61.39,2024-04-01,2026-11-17,2026-11-30,2026-11-30,2024,90.2,97.5,18,19,Under Implementation,-1.58,0,,0,0,2026-04-01
PRJ-C-0034,"Coal Handling Plant Project in South, Maharashtra",Ministry of Coal,Coal,Coal Handling Plant,Maharashtra,Barmer,MCL,959.66,1309.94,1393.57,674.79,68.97,90.99,218.74,2021-07-01,2026-03-07,2030-05-15,2030-04-28,2021,59.7,51.5,6,12,Under Implementation,36.5,51,Inter-departmental coordination delays; Law and order issues; Rehabilitation and resettlement issues,3,1,2026-03-30
PRJ-C-0035,Coal Mine - Rajasthan (Dharwad),Ministry of Coal,Coal,Coal Mine,Rajasthan,Warangal,ECL,5341.07,5427.51,5639.07,5427.51,0,384.91,222.05,2014-10-01,2020-05-02,2020-05-02,2020-03-06,2014,100.0,100.0,16,16,Completed,1.62,0,,0,2,2026-03-09
PRJ-C-0036,"Construction of Coal Washery at Guntur, Assam",Ministry of Coal,Coal,Coal Washery,Assam,Solapur,ECL,733.48,811.63,828.98,700.76,110.18,145.34,69.56,2008-01-01,2012-02-09,2013-08-02,2013-10-24,2008,94.9,86.3,17,17,Under Implementation,10.65,18,Adverse weather conditions; Material supply chain disruption; Rehabilitation and resettlement issues,2,2,2026-03-30
PRJ-C-0037,Coal Handling Plant - Uttarakhand (Jalgaon),Ministry of Coal,Coal,Coal Handling Plant,Uttarakhand,Raichur,NLC,1053.95,1093.3,1159.8,1093.3,138.41,74.96,90.42,2023-07-01,2027-01-11,2027-02-17,2027-08-05,2023,95.4,100.0,7,9,Under Implementation,3.73,0,,0,0,2026-03-20
PRJ-C-0038,"Coal Washery Project in Nellore, Madhya Pradesh",Ministry of Coal,Coal,Coal Washery,Madhya Pradesh,Salem,BCCL,916.78,1072.25,1058.43,1072.25,0,79.44,226.26,2011-04-01,2017-01-29,2017-01-26,2017-07-02,2011,100.0,100.0,13,13,Completed,16.96,0,,4,0,2026-03-12
PRJ-C-0039,Rail Corridor - Haryana (Karnal),Ministry of Coal,Coal,Rail Corridor,Haryana,Raigad,SCCL,150,182.69,179.15,182.69,35.28,21.18,15.32,2012-07-01,2017-06-05,2020-02-20,2020-01-24,2012,94.9,100.0,18,18,Under Implementation,21.79,33,Labour shortage; Slow mobilization by contractor; Court stay orders,4,2,2026-03-27
PRJ-C-0040,"Construction of Coal Handling Plant at Raichur, West Bengal",Ministry of Coal,Coal,Coal Handling Plant,West Bengal,Raigad,ECL,465.98,465.98,470.94,184.73,58.76,52.52,114.06,2023-10-01,2026-03-19,2028-11-03,2028-08-31,2023,44.4,39.6,8,19,Under Implementation,0,32,Labour shortage; Design changes during execution; Material supply chain disruption,4,1,2026-03-28
PRJ-C-0041,Coal Handling Plant - Chhattisgarh (Jharsuguda),Ministry of Coal,Coal,Coal Handling Plant,Chhattisgarh,Karnal,CIL,258.9,268.44,271.04,268.44,29.01,30.89,27.6,2010-01-01,2014-02-09,2014-04-16,2014-04-08,2010,97.5,100.0,11,14,Under Implementation,3.68,0,,0,0,2026-03-13
PRJ-C-0042,"Coal Mine Project in Warangal, Tamil Nadu",Ministry of Coal,Coal,Coal Mine,Tamil Nadu,Dibrugarh,NLC,490.01,480.32,478.0,480.32,0,71.47,118.08,2023-01-01,2026-02-14,2025-12-19,2026-04-28,2023,100.0,100.0,5,5,Completed,-1.98,0,,0,0,2026-03-29
PRJ-C-0043,Coal Handling Plant - Tamil Nadu (Bijapur),Ministry of Coal,Coal,Coal Handling Plant,Tamil Nadu,Latur,SCCL,1477.0,1511.87,1561.85,1273.99,301.48,387.21,263.36,2023-07-01,2027-09-08,2027-09-30,2027-10-04,2023,84.4,84.3,11,14,Under Implementation,2.36,0,,0,0,2026-03-14
PRJ-C-0044,"Coal Washery Project in Dibrugarh, Andhra Pradesh",Ministry of Coal,Coal,Coal Washery,Andhra Pradesh,Korba,ECL,1518.37,1787.59,1775.3,1787.59,288.28,433.94,149.07,2008-01-01,2011-04-15,2011-10-12,2012-03-01,2008,99.3,100.0,15,16,Under Implementation,17.73,6,Geological surprises during construction,3,3,2026-03-18
PRJ-C-0045,"Construction of Rail Corridor at East, Tamil Nadu",Ministry of Coal,Coal,Rail Corridor,Tamil Nadu,Tumkur,SCCL,576.32,601.78,613.9,601.78,0,57.47,63.75,2016-07-01,2022-04-01,2022-04-14,2022-03-05,2016,100.0,100.0,15,15,Completed,4.42,0,,0,0,2026-03-28
PRJ-C-0046,"Construction of Coal Mine at Barmer, Rajasthan",Ministry of Coal,Coal,Coal Mine,Rajasthan,South,NLC,307.79,322.05,337.06,322.05,65.6,39.57,24.12,2017-10-01,2020-04-18,2020-03-26,2020-08-03,2017,99.9,100.0,13,14,Under Implementation,4.63,0,,0,0,2026-03-23
PRJ-C-0047,"Rail Corridor Project in Meerut, Odisha",Ministry of Coal,Coal,Rail Corridor,Odisha,Central,CIL,1354.3,1340.41,1400.33,1340.41,253.91,151.12,151.59,2013-01-01,2018-02-04,2018-05-05,2018-04-15,2013,98.8,100.0,16,19,Under Implementation,-1.03,0,,0,0,2026-03-07
PRJ-C-0048,Rail Corridor - Kerala (Jharsuguda),Ministry of Coal,Coal,Rail Corridor,Kerala,Barmer,ECL,713.05,701.76,690.01,701.76,0,105.19,128.99,2017-10-01,2022-09-05,2023-05-03,2023-02-11,2017,100.0,100.0,12,12,Completed,-1.58,8,Design changes during execution; Court stay orders; Utility shifting delays,0,3,2026-03-28
PRJ-C-0049,"Rail Corridor Project in Burdwan, Himachal Pradesh",Ministry of Coal,Coal,Rail Corridor,Himachal Pradesh,Chittoor,NLC,2574.25,2904.87,2929.61,867.65,363.6,463.44,82.72,2023-10-01,2027-10-10,2029-12-28,2030-03-20,2023,32.3,29.9,1,6,Under Implementation,12.84,27,Forest clearance pending; COVID-19 pandemic impact,4,3,2026-03-30
PRJ-C-0050,"Construction of Coal Mine at Durg, Haryana",Ministry of Coal,Coal,Coal Mine,Haryana,Jalgaon,MCL,2730.18,3315.35,3470.38,3064.32,316.79,169.65,330.49,2021-04-01,2024-03-16,2027-04-30,2027-06-12,2021,83.3,92.4,5,8,Under Implementation,21.43,38,Right-of-Way (RoW) issues; Adverse weather conditions,3,1,2026-03-25
PRJ-C-0051,"Coal Mine Project in Siliguri, Gujarat",Ministry of Coal,Coal,Coal Mine,Gujarat,Siliguri,NLC,150,149.32,151.75,149.32,22.6,20.02,17.28,2008-01-01,2011-12-11,2012-02-15,2012-06-05,2008,96.5,100.0,9,10,Under Implementation,-0.45,0,,0,0,2026-03-17
PRJ-C-0052,Coal Washery - Jammu & Kashmir (Khammam),Ministry of Coal,Coal,Coal Washery,Jammu & Kashmir,West,SCCL,495.13,513.99,529.56,513.99,135.52,88.39,49.54,2009-10-01,2013-07-12,2013-09-15,2013-08-30,2009,99.8,100.0,9,10,Under Implementation,3.81,0,,0,0,2026-03-19
PRJ-C-0053,Coal Handling Plant - Rajasthan (Meerut),Ministry of Coal,Coal,Coal Handling Plant,Rajasthan,Durg,NLC,408.55,419.94,447.58,419.94,0,46.57,65.54,2011-04-01,2015-06-09,2015-08-06,2015-12-15,2011,100.0,100.0,19,19,Completed,2.79,0,,0,0,2026-03-11
PRJ-C-0054,"Coal Handling Plant Project in Karnal, Gujarat",Ministry of Coal,Coal,Coal Handling Plant,Gujarat,Warangal,CIL,227.74,225.27,243.27,192.84,30.0,25.58,46.33,2012-01-01,2016-12-05,2019-01-24,2018-12-27,2012,91.4,85.6,11,11,Under Implementation,-1.08,26,Equipment delivery delays; Right-of-Way (RoW) issues,0,3,2026-03-16
PRJ-C-0055,"Construction of Coal Handling Plant at Guntur, Maharashtra",Ministry of Coal,Coal,Coal Handling Plant,Maharashtra,Burdwan,NLC,275.75,284.78,299.37,284.78,31.65,16.86,15.09,2021-07-01,2026-03-07,2026-02-20,2026-04-13,2021,99.9,100.0,8,11,Under Implementation,3.27,0,,0,0,2026-03-12
PRJ-C-0056,Coal Washery - Uttar Pradesh (Karnal),Ministry of Coal,Coal,Coal Washery,Uttar Pradesh,Meerut,ECL,1444.79,1990.39,2119.81,214.71,285.72,306.13,167.19,2024-10-01,2029-07-07,2031-01-28,2031-03-07,2024,12.4,10.8,3,18,Under Implementation,37.76,19,Rehabilitation and resettlement issues,4,1,2026-03-29
PRJ-C-0057,Coal Mine - Meghalaya (Salem),Ministry of Coal,Coal,Coal Mine,Meghalaya,Guntur,SCCL,567.4,561.14,552.69,561.14,85.54,46.39,24.08,2018-04-01,2021-04-15,2021-04-15,2021-08-06,2018,98.3,100.0,6,6,Under Implementation,-1.1,0,,0,1,2026-03-18
PRJ-C-0058,"Coal Washery Project in Durg, Uttar Pradesh",Ministry of Coal,Coal,Coal Washery,Uttar Pradesh,South,ECL,1575.91,1558.48,1673.16,1475.64,393.74,383.44,359.36,2020-04-01,2025-10-02,2025-08-13,2025-10-07,2020,99.9,94.7,13,13,Under Implementation,-1.11,0,,0,0,2026-03-18
PRJ-C-0059,Coal Handling Plant - Jharkhand (Bellary),Ministry of Coal,Coal,Coal Handling Plant,Jharkhand,Rourkela,BCCL,1962.76,2624.95,2615.95,604.14,7.74,30.13,99.35,2019-04-01,2024-10-01,2026-05-24,2026-05-16,2019,24.8,23.0,3,14,Stalled,33.74,20,Utility shifting delays; Rehabilitation and resettlement issues,3,3,2026-03-15
PRJ-C-0060,"Coal Handling Plant Project in Salem, Rajasthan",Ministry of Coal,Coal,Coal Handling Plant,Rajasthan,Bellary,CIL,388.44,387.77,396.04,359.21,66.0,39.41,43.8,2010-07-01,2013-05-16,2013-08-04,2013-11-10,2010,95.9,92.6,11,13,Under Implementation,-0.17,0,,0,0,2026-03-23
PRJ-C-0061,"Coal Washery Project in Salem, Jharkhand",Ministry of Coal,Coal,Coal Washery,Jharkhand,Barmer,MCL,1955.35,1978.61,1991.66,1978.61,506.91,442.54,474.47,2021-01-01,2025-12-06,2025-11-24,2025-09-22,2021,98.2,100.0,19,19,Under Implementation,1.19,0,,2,0,2026-03-11
PRJ-C-0062,"Coal Handling Plant Project in Bokaro, Gujarat",Ministry of Coal,Coal,Coal Handling Plant,Gujarat,Dharwad,CIL,517.65,509.54,532.47,509.54,86.42,56.77,20.48,2015-04-01,2019-01-10,2021-09-26,2022-02-23,2015,99.9,100.0,17,19,Under Implementation,-1.57,33,Land acquisition delays; Rehabilitation and resettlement issues; Change in technology specifications,0,1,2026-03-03
PRJ-C-0063,Coal Mine - Gujarat (Solapur),Ministry of Coal,Coal,Coal Mine,Gujarat,East,SCCL,364.37,380.03,390.45,380.03,0,23.85,34.72,2019-01-01,2022-11-11,2023-06-09,2023-03-23,2019,100.0,100.0,20,20,Completed,4.3,7,Design changes during execution; Land acquisition delays; State government coordination issues,0,1,2026-03-02
PRJ-C-0064,"Coal Mine Project in North, Odisha",Ministry of Coal,Coal,Coal Mine,Odisha,East,BCCL,749.87,787.25,795.59,787.25,213.65,87.11,153.04,2008-07-01,2010-06-21,2013-01-06,2013-05-07,2008,99.9,100.0,15,18,Under Implementation,4.98,31,Law and order issues; Adverse weather conditions; State government coordination issues,0,3,2026-03-31
PRJ-C-0065,Coal Mine - West Bengal (Nellore),Ministry of Coal,Coal,Coal Mine,West Bengal,Hassan,ECL,1725.99,1760.91,1821.57,1760.91,0,137.31,55.49,2010-10-01,2016-01-03,2015-12-19,2016-01-31,2010,100.0,100.0,14,14,Completed,2.02,0,,0,0,2026-03-21
PRJ-C-0066,Rail Corridor - Bihar (South),Ministry of Coal,Coal,Rail Corridor,Bihar,Durg,ECL,697.11,720.96,737.04,720.96,0,93.04,55.12,2013-04-01,2015-07-20,2016-06-14,2016-06-07,2013,100.0,100.0,19,19,Completed,3.42,11,Land acquisition delays; Right-of-Way (RoW) issues; Design changes during execution,0,3,2026-03-17
PRJ-C-0067,"Construction of Coal Washery at South, Tamil Nadu",Ministry of Coal,Coal,Coal Washery,Tamil Nadu,Jalgaon,MCL,1714.03,1814.98,1817.97,1551.22,224.33,168.04,89.1,2011-07-01,2016-10-02,2016-11-14,2017-04-18,2011,99.9,85.5,6,6,Under Implementation,5.89,0,,4,0,2026-03-29
PRJ-C-0068,"Coal Handling Plant Project in Dharwad, Bihar",Ministry of Coal,Coal,Coal Handling Plant,Bihar,Jharsuguda,CCL,4080.56,4158.33,4194.77,4158.33,0,621.79,461.46,2015-10-01,2019-12-09,2021-01-02,2021-02-11,2015,100.0,100.0,18,18,Completed,1.91,13,Material supply chain disruption; Right-of-Way (RoW) issues; Forest clearance pending,0,3,2026-03-17
PRJ-C-0069,"Construction of Coal Handling Plant at Tirunelveli, Ladakh",Ministry of Coal,Coal,Coal Handling Plant,Ladakh,Rourkela,ECL,609.95,622.01,641.64,622.01,0,89.77,43.38,2010-10-01,2012-09-20,2016-04-02,2016-05-04,2010,100.0,100.0,5,5,Completed,1.98,43,Change in technology specifications; Contractual issues with EPC contractor; Fund release delays,0,2,2026-03-31
PRJ-C-0070,"Construction of Coal Mine at Bijapur, Arunachal Pradesh",Ministry of Coal,Coal,Coal Mine,Arunachal Pradesh,Korba,NLC,679.26,823.69,868.85,823.69,0,58.77,22.29,2013-01-01,2015-06-20,2016-02-15,2016-06-25,2013,100.0,100.0,19,19,Completed,21.26,8,Law and order issues,3,2,2026-03-11
PRJ-C-0071,Rail Corridor - Rajasthan (Raichur),Ministry of Coal,Coal,Rail Corridor,Rajasthan,Raichur,BCCL,150,205.3,212.27,205.3,41.46,21.95,29.05,2017-10-01,2022-03-09,2022-05-11,2022-10-22,2017,98.0,100.0,7,9,Under Implementation,36.87,0,,4,0,2026-03-12
PRJ-C-0072,"Construction of Rail Corridor at Anand, Rajasthan",Ministry of Coal,Coal,Rail Corridor,Rajasthan,Central,SCCL,1485.5,1485.53,1542.9,1485.53,0,187.95,175.41,2014-10-01,2020-02-02,2020-04-02,2020-05-22,2014,100.0,100.0,19,19,Completed,0.0,0,,0,0,2026-03-23
PRJ-C-0073,"Coal Washery Project in Dibrugarh, Arunachal Pradesh",Ministry of Coal,Coal,Coal Washery,Arunachal Pradesh,Burdwan,ECL,172.56,179.32,179.1,47.52,41.45,28.64,16.41,2024-10-01,2028-06-12,2028-08-29,2028-12-07,2024,26.3,26.5,1,13,Under Implementation,3.92,0,,0,0,2026-03-05
PRJ-C-0074,"Construction of Coal Handling Plant at North, Andhra Pradesh",Ministry of Coal,Coal,Coal Handling Plant,Andhra Pradesh,Anand,BCCL,1575.71,1595.37,1673.59,1595.37,0,221.69,203.61,2017-04-01,2019-07-20,2020-05-15,2020-07-27,2017,100.0,100.0,8,8,Completed,1.25,10,Fund release delays,2,2,2026-03-17
PRJ-C-0075,"Coal Mine Project in Barmer, Rajasthan",Ministry of Coal,Coal,Coal Mine,Rajasthan,Satna,ECL,817.35,933.11,940.47,933.11,0,106.55,107.25,2012-07-01,2016-01-12,2018-11-27,2019-01-16,2012,100.0,100.0,15,15,Completed,14.16,35,Environmental clearance pending; State government coordination issues,3,1,2026-03-25
PRJ-C-0076,Coal Mine - Punjab (Anand),Ministry of Coal,Coal,Coal Mine,Punjab,East,SCCL,797.76,852.16,849.78,852.16,100.31,81.59,131.27,2010-01-01,2013-09-12,2013-08-10,2013-10-28,2010,99.9,100.0,17,20,Under Implementation,6.82,0,,2,0,2026-03-10
PRJ-C-0077,"Construction of Coal Washery at Salem, Uttarakhand",Ministry of Coal,Coal,Coal Washery,Uttarakhand,Anand,BCCL,281.86,277.19,276.7,277.19,0,21.0,10.64,2011-01-01,2014-10-12,2015-01-05,2015-02-18,2011,100.0,100.0,12,12,Completed,-1.66,0,,0,0,2026-03-30
PRJ-C-0078,"Rail Corridor Project in Anand, Karnataka",Ministry of Coal,Coal,Rail Corridor,Karnataka,Burdwan,MCL,953.84,940.9,990.4,940.9,0,86.76,218.46,2020-04-01,2022-09-18,2022-09-28,2022-07-20,2020,100.0,100.0,6,6,Completed,-1.36,0,,0,0,2026-03-31
PRJ-S-0001,Special Steel - Tamil Nadu (Burdwan),Ministry of Steel,Steel,Special Steel,Tamil Nadu,Nellore,NMDC Steel,7607.5,7464.22,8026.49,7464.22,1314.29,1225.6,1759.15,2015-04-01,2020-10-31,2020-12-16,2020-11-24,2015,97.7,100.0,18,19,Under Implementation,-1.88,0,,0,0,2026-03-04
PRJ-S-0002,"Special Steel Project in Solapur, Gujarat",Ministry of Steel,Steel,Special Steel,Gujarat,Anand,RINL,604.1,784.77,810.01,784.77,0,41.27,27.05,2010-10-01,2015-10-05,2015-09-14,2015-07-14,2010,100.0,100.0,6,6,Completed,29.91,0,,4,0,2026-03-11
PRJ-S-0003,"Construction of Steel Plant Expansion at Burdwan, Himachal Pradesh",Ministry of Steel,Steel,Steel Plant Expansion,Himachal Pradesh,Durg,NMDC Steel,1300.97,1362.25,1369.49,1241.78,304.43,200.77,67.78,2021-04-01,2024-11-11,2025-12-06,2026-01-16,2021,95.5,91.2,8,8,Under Implementation,4.71,13,Court stay orders; State government coordination issues; Change in project scope,0,2,2026-03-15
PRJ-S-0004,"Construction of Steel Plant Expansion at Meerut, Rajasthan",Ministry of Steel,Steel,Steel Plant Expansion,Rajasthan,Warangal,NMDC Steel,3304.87,3270.65,3376.23,3070.35,174.45,170.31,817.01,2022-04-01,2026-12-06,2027-02-02,2027-06-19,2022,92.4,93.9,2,5,Under Implementation,-1.04,0,,0,0,2026-03-04
PRJ-S-0005,"Construction of New Steel Plant at North, Madhya Pradesh",Ministry of Steel,Steel,New Steel Plant,Madhya Pradesh,Raigad,NMDC Steel,1196.33,1524.17,1616.36,1225.07,210.67,224.06,186.32,2021-07-01,2026-08-04,2026-08-11,2026-09-21,2021,93.2,80.4,2,5,Under Implementation,27.4,0,,1,0,2026-03-12
PRJ-S-0006,Special Steel - Goa (Chittoor),Ministry of Steel,Steel,Special Steel,Goa,Latur,RINL,3050.46,3148.3,3312.56,3148.3,0,294.44,108.45,2020-10-01,2024-05-13,2024-05-07,2024-02-19,2020,100.0,100.0,17,17,Completed,3.21,0,,0,0,2026-03-04
PRJ-S-0007,"Special Steel Project in Raichur, Madhya Pradesh",Ministry of Steel,Steel,Special Steel,Madhya Pradesh,Warangal,NMDC Steel,1081.03,1167.27,1238.95,1167.27,0,113.72,153.4,2008-01-01,2014-11-25,2014-10-23,2014-10-30,2008,100.0,100.0,9,9,Completed,7.98,0,,4,0,2026-03-25
PRJ-S-0008,Special Steel - Uttarakhand (Tirunelveli),Ministry of Steel,Steel,Special Steel,Uttarakhand,Tirunelveli,NMDC Steel,2012.48,2634.11,2773.27,2634.11,0,326.24,460.41,2011-07-01,2017-10-27,2021-04-09,2021-08-29,2011,100.0,100.0,7,7,Completed,30.89,42,Regulatory approvals pending; Rehabilitation and resettlement issues; Right-of-Way (RoW) issues,1,3,2026-03-06
PRJ-S-0009,"New Steel Plant Project in Dharwad, Maharashtra",Ministry of Steel,Steel,New Steel Plant,Maharashtra,South,SAIL,5828.98,5884.07,5794.47,5884.07,820.13,1103.89,989.54,2023-01-01,2027-01-10,2027-01-11,2027-05-30,2023,99.9,100.0,15,15,Under Implementation,0.95,0,,0,0,2026-03-29
PRJ-S-0010,"Construction of New Steel Plant at Chittoor, Andhra Pradesh",Ministry of Steel,Steel,New Steel Plant,Andhra Pradesh,Latur,SAIL,3001.29,3109.93,3195.74,3109.93,0,257.07,651.8,2018-04-01,2021-11-11,2021-12-17,2021-10-12,2018,100.0,100.0,12,12,Completed,3.62,0,,0,0,2026-03-31
PRJ-S-0011,New Steel Plant - Manipur (North),Ministry of Steel,Steel,New Steel Plant,Manipur,East,RINL,1856.92,2142.8,2242.12,2142.8,244.04,221.34,193.48,2008-04-01,2015-02-24,2017-07-13,2017-06-13,2008,99.9,100.0,14,17,Under Implementation,15.4,29,Geological surprises during construction,4,1,2026-03-08
PRJ-S-0012,Steel Plant Expansion - Assam (Raigad),Ministry of Steel,Steel,Steel Plant Expansion,Assam,Latur,Mecon,2306.92,2287.0,2293.86,2287.0,0,118.6,320.9,2019-04-01,2023-03-11,2023-04-07,2023-04-11,2019,100.0,100.0,14,14,Completed,-0.86,0,,0,0,2026-03-14
PRJ-S-0013,"Construction of New Steel Plant at Rourkela, Odisha",Ministry of Steel,Steel,New Steel Plant,Odisha,Jharsuguda,SAIL,3276.83,3388.04,3599.73,3388.04,422.07,394.54,616.83,2020-10-01,2024-05-13,2024-04-13,2024-05-19,2020,99.9,100.0,10,10,Under Implementation,3.39,0,,0,0,2026-03-31
PRJ-S-0014,Steel Plant Expansion - Maharashtra (Karnal),Ministry of Steel,Steel,Steel Plant Expansion,Maharashtra,Tirunelveli,RINL,9108.09,9348.32,9774.23,8534.58,2257.26,1492.73,2172.22,2019-04-01,2025-07-28,2025-10-09,2026-02-20,2019,98.1,91.3,13,16,Under Implementation,2.64,0,,3,0,2026-03-15
PRJ-S-0015,"Special Steel Project in Bellary, Bihar",Ministry of Steel,Steel,Special Steel,Bihar,Raichur,Mecon,8656.94,9022.93,9452.2,8063.57,2194.98,977.86,763.99,2023-10-01,2027-09-10,2027-08-07,2028-01-10,2023,80.4,89.4,2,5,Under Implementation,4.23,0,,0,0,2026-03-13
PRJ-S-0016,Steel Plant Expansion - Punjab (Nellore),Ministry of Steel,Steel,Steel Plant Expansion,Punjab,West,SAIL,2397.83,2416.84,2441.81,1812.11,610.31,564.24,362.54,2022-07-01,2027-03-07,2027-05-25,2027-08-13,2022,82.4,75.0,13,17,Under Implementation,0.79,0,,0,0,2026-03-23
PRJ-S-0017,New Steel Plant - Punjab (Chittoor),Ministry of Steel,Steel,New Steel Plant,Punjab,Central,Mecon,7353.66,7527.26,7825.81,6264.46,1198.61,867.65,1169.35,2010-01-01,2014-05-10,2014-05-28,2014-07-10,2010,95.9,83.2,7,8,Under Implementation,2.36,0,,0,0,2026-03-26
PRJ-S-0018,Steel Plant Expansion - Karnataka (Guntur),Ministry of Steel,Steel,Steel Plant Expansion,Karnataka,Burdwan,NMDC Steel,454.56,464.58,464.98,464.58,0,67.39,35.11,2014-07-01,2020-03-31,2020-03-27,2020-05-28,2014,100.0,100.0,7,7,Completed,2.2,0,,0,0,2026-03-18
PRJ-S-0019,"Construction of Special Steel at Jalgaon, Kerala",Ministry of Steel,Steel,Special Steel,Kerala,East,SAIL,1996.7,2055.3,2193.41,1758.86,557.51,424.93,495.6,2012-07-01,2016-06-10,2016-08-22,2016-08-17,2012,97.0,85.6,19,19,Under Implementation,2.93,0,,0,0,2026-03-28
PRJ-S-0020,"Construction of Special Steel at Chittoor, Haryana",Ministry of Steel,Steel,Special Steel,Haryana,Jharsuguda,RINL,7041.0,7023.77,7192.09,6665.18,1623.28,1456.2,1388.87,2011-01-01,2014-01-15,2014-03-28,2014-08-14,2011,97.3,94.9,12,13,Under Implementation,-0.24,0,,0,0,2026-03-30
PRJ-S-0021,New Steel Plant - Maharashtra (West),Ministry of Steel,Steel,New Steel Plant,Maharashtra,Latur,Mecon,705.62,722.5,709.38,557.87,78.98,95.22,167.7,2012-01-01,2017-02-03,2019-03-25,2019-05-23,2012,83.1,77.2,16,19,Under Implementation,2.39,26,Environmental clearance pending,0,3,2026-03-13
PRJ-S-0022,"Special Steel Project in Solapur, Delhi",Ministry of Steel,Steel,Special Steel,Delhi,Satna,Mecon,1011.76,1042.02,1068.58,897.17,203.12,182.05,66.24,2021-07-01,2025-06-10,2025-06-10,2025-10-01,2021,99.6,86.1,14,16,Under Implementation,2.99,0,,0,2,2026-03-25
PRJ-S-0023,Steel Plant Expansion - Uttar Pradesh (Tirunelveli),Ministry of Steel,Steel,Steel Plant Expansion,Uttar Pradesh,Nellore,Mecon,3468.81,3448.54,3713.58,3448.54,0,425.69,384.14,2009-01-01,2013-03-11,2013-05-12,2013-06-27,2009,100.0,100.0,7,7,Completed,-0.58,0,,0,0,2026-03-31
PRJ-S-0024,"Steel Plant Expansion Project in Warangal, Gujarat",Ministry of Steel,Steel,Steel Plant Expansion,Gujarat,Central,RINL,12334.58,15705.72,16156.75,13896.53,5376.18,3892.27,2054.19,2016-07-01,2022-03-02,2022-01-08,2021-10-17,2016,99.9,88.5,3,6,Under Implementation,27.33,0,,1,0,2026-03-26
PRJ-S-0025,"Steel Plant Expansion Project in Chittoor, West Bengal",Ministry of Steel,Steel,Steel Plant Expansion,West Bengal,Central,RINL,6342.67,7134.52,7663.54,7134.52,907.85,1373.11,926.47,2021-04-01,2026-08-03,2028-04-24,2028-09-13,2021,99.9,100.0,6,9,Under Implementation,12.48,21,Contractual issues with EPC contractor; Slow mobilization by contractor,2,3,2026-03-27
PRJ-S-0026,"Construction of Steel Plant Expansion at Korba, Andhra Pradesh",Ministry of Steel,Steel,Steel Plant Expansion,Andhra Pradesh,Karnal,Mecon,3076.87,3160.67,3114.39,2399.24,514.12,228.47,343.45,2019-04-01,2024-11-30,2029-03-09,2029-07-08,2019,75.6,75.9,4,5,Under Implementation,2.72,52,Contractual issues with EPC contractor; Environmental clearance pending; Utility shifting delays,0,3,2026-03-26
PRJ-S-0027,"Special Steel Project in Meerut, Karnataka",Ministry of Steel,Steel,Special Steel,Karnataka,Central,NMDC Steel,4544.84,5861.16,6112.08,5474.44,411.52,566.88,957.59,2014-04-01,2020-03-30,2022-01-19,2022-01-18,2014,99.9,93.4,10,13,Under Implementation,28.96,22,Rehabilitation and resettlement issues,2,1,2026-03-31
PRJ-S-0028,"Construction of Steel Plant Expansion at Rourkela, Uttar Pradesh",Ministry of Steel,Steel,Steel Plant Expansion,Uttar Pradesh,Karnal,RINL,1654.49,1679.37,1746.42,1679.37,0,100.2,260.5,2017-01-01,2022-10-02,2025-12-15,2025-11-29,2017,100.0,100.0,8,8,Completed,1.5,39,Material supply chain disruption,0,2,2026-04-01
PRJ-S-0029,Steel Plant Expansion - Tamil Nadu (Tirunelveli),Ministry of Steel,Steel,Steel Plant Expansion,Tamil Nadu,Anand,NMDC Steel,1180.56,1168.99,1212.86,1168.99,0,172.16,191.08,2015-04-01,2021-12-25,2021-12-07,2021-12-03,2015,100.0,100.0,18,18,Completed,-0.98,0,,0,0,2026-03-26
PRJ-S-0030,New Steel Plant - Karnataka (Raigad),Ministry of Steel,Steel,New Steel Plant,Karnataka,Dharwad,SAIL,4746.72,4692.46,4723.49,4621.99,347.15,456.37,811.18,2008-10-01,2014-09-30,2018-02-11,2018-07-28,2008,93.7,98.5,5,8,Under Implementation,-1.14,41,Regulatory approvals pending,0,3,2026-03-27
PRJ-S-0031,"Construction of New Steel Plant at Anand, Madhya Pradesh",Ministry of Steel,Steel,New Steel Plant,Madhya Pradesh,Durg,Mecon,2423.62,2895.03,3049.1,2895.03,0,291.28,509.1,2013-10-01,2019-10-30,2019-11-03,2019-12-18,2013,100.0,100.0,13,13,Completed,19.45,0,,3,0,2026-03-16
PRJ-S-0032,Steel Plant Expansion - Tamil Nadu (Rourkela),Ministry of Steel,Steel,Steel Plant Expansion,Tamil Nadu,Burdwan,RINL,4599.2,4810.61,4880.88,449.48,395.52,426.43,379.82,2024-10-01,2029-12-04,2032-09-19,2032-06-22,2024,10.8,9.3,3,19,Under Implementation,4.6,34,Right-of-Way (RoW) issues; Forest clearance pending,0,3,2026-03-21
PRJ-S-0033,New Steel Plant - Gujarat (Warangal),Ministry of Steel,Steel,New Steel Plant,Gujarat,Guntur,RINL,3280.64,3472.27,3607.14,2581.5,291.39,170.96,236.74,2021-01-01,2027-04-30,2029-10-16,2030-04-06,2021,81.1,74.3,10,16,Under Implementation,5.84,30,Environmental clearance pending; Labour shortage; COVID-19 pandemic impact,4,2,2026-03-19
PRJ-S-0034,"Construction of Special Steel at Guntur, West Bengal",Ministry of Steel,Steel,Special Steel,West Bengal,Anand,SAIL,1048.82,1203.13,1221.72,174.41,198.62,159.45,42.14,2024-07-01,2029-02-05,2029-02-18,2029-05-05,2024,14.7,14.5,0,12,Under Implementation,14.71,0,,4,0,2026-03-18
PRJ-S-0035,"Construction of Special Steel at Raigad, Gujarat",Ministry of Steel,Steel,Special Steel,Gujarat,Bokaro,NMDC Steel,7165.94,7324.75,7756.22,7324.75,0,504.33,234.17,2009-07-01,2013-01-11,2013-07-10,2013-05-15,2009,100.0,100.0,16,16,Completed,2.22,6,Land acquisition delays,0,1,2026-03-05
PRJ-S-0036,"Construction of New Steel Plant at Solapur, Uttar Pradesh",Ministry of Steel,Steel,New Steel Plant,Uttar Pradesh,Solapur,Mecon,9418.91,9468.18,9979.65,8940.34,1055.6,1465.33,2227.19,2012-04-01,2018-01-30,2021-10-11,2022-02-15,2012,93.6,94.4,11,12,Under Implementation,0.52,45,Fund release delays,0,1,2026-03-22
PRJ-S-0037,"Special Steel Project in Dibrugarh, Madhya Pradesh",Ministry of Steel,Steel,Special Steel,Madhya Pradesh,Nellore,NMDC Steel,14022.14,20712.08,21942.58,18039.58,5108.38,2531.27,3292.84,2018-04-01,2021-03-16,2021-03-29,2021-02-24,2018,99.9,87.1,18,20,Under Implementation,47.71,0,,2,0,2026-03-05
PRJ-S-0038,Steel Plant Expansion - Uttar Pradesh (Bokaro),Ministry of Steel,Steel,Steel Plant Expansion,Uttar Pradesh,Dibrugarh,RINL,819.21,850.13,895.82,850.13,0,42.75,148.86,2013-01-01,2018-10-02,2018-08-14,2018-08-22,2013,100.0,100.0,19,19,Completed,3.77,0,,0,0,2026-03-05
PRJ-S-0039,"Special Steel Project in Hassan, Jharkhand",Ministry of Steel,Steel,Special Steel,Jharkhand,Salem,SAIL,2167.63,2647.07,2719.26,2647.07,240.29,197.42,442.82,2016-01-01,2019-01-15,2018-12-18,2018-11-10,2016,99.1,100.0,17,17,Under Implementation,22.12,0,,4,0,2026-03-03
PRJ-S-0040,"Construction of Special Steel at Bellary, Uttar Pradesh",Ministry of Steel,Steel,Special Steel,Uttar Pradesh,Tirunelveli,NMDC Steel,4511.12,4636.36,4686.45,4105.34,777.23,317.72,376.34,2023-07-01,2028-01-06,2028-01-06,2028-06-28,2023,82.0,88.5,3,5,Under Implementation,2.78,0,,0,3,2026-03-24
PRJ-S-0041,"Steel Plant Expansion Project in Salem, Delhi",Ministry of Steel,Steel,Steel Plant Expansion,Delhi,East,NMDC Steel,804.14,833.55,853.88,336.63,147.77,139.68,80.25,2022-07-01,2027-03-07,2030-12-16,2031-01-21,2022,42.3,40.4,2,7,Under Implementation,3.66,46,Labour shortage,0,3,2026-03-26
PRJ-S-0042,"New Steel Plant Project in Chittoor, Uttar Pradesh",Ministry of Steel,Steel,New Steel Plant,Uttar Pradesh,Burdwan,RINL,6319.9,6396.93,6380.91,2288.48,1622.45,656.72,382.57,2023-01-01,2028-03-05,2029-10-26,2030-03-17,2023,41.1,35.8,1,7,Under Implementation,1.22,20,Rehabilitation and resettlement issues; Design changes during execution; State government coordination issues,0,2,2026-03-08
PRJ-M-0001,"Processing Plant Project in Hassan, Andhra Pradesh",Ministry of Mines,Mining,Processing Plant,Andhra Pradesh,Dibrugarh,NMDC,2785.71,3027.07,3025.16,2736.55,280.08,183.15,417.15,2022-04-01,2026-04-10,2028-02-29,2028-06-22,2022,95.1,90.4,14,14,Under Implementation,8.66,23,Land acquisition delays; Court stay orders; Change in technology specifications,2,3,2026-03-07
PRJ-M-0002,Bauxite Mine - Kerala (Latur),Ministry of Mines,Mining,Bauxite Mine,Kerala,Khammam,MECL,324.7,335.92,346.81,335.92,0,39.08,39.76,2018-07-01,2021-04-16,2022-10-08,2022-07-14,2018,100.0,100.0,8,8,Completed,3.46,18,Equipment delivery delays,0,2,2026-03-03
PRJ-M-0003,"Construction of Processing Plant at Bokaro, Maharashtra",Ministry of Mines,Mining,Processing Plant,Maharashtra,Raichur,HCL,613.98,615.27,605.49,615.27,0,38.81,57.98,2011-04-01,2015-06-09,2015-06-14,2015-11-19,2011,100.0,100.0,19,19,Completed,0.21,0,,0,0,2026-03-19
PRJ-M-0004,"Processing Plant Project in Korba, Andhra Pradesh",Ministry of Mines,Mining,Processing Plant,Andhra Pradesh,South,HCL,540.51,541.79,548.9,541.79,0,38.47,133.39,2018-10-01,2022-10-10,2023-10-05,2023-11-11,2018,100.0,100.0,8,8,Completed,0.24,12,Law and order issues; Change in technology specifications,0,1,2026-03-25
PRJ-M-0005,"Limestone Mine Project in Central, Bihar",Ministry of Mines,Mining,Limestone Mine,Bihar,Anand,MECL,432.23,445.45,477.65,406.66,101.85,78.94,102.45,2015-04-01,2018-02-14,2018-03-17,2018-07-17,2015,96.3,91.3,10,13,Under Implementation,3.06,0,,0,0,2026-03-11
PRJ-M-0006,Iron Ore Mine - Goa (North),Ministry of Mines,Mining,Iron Ore Mine,Goa,Nellore,HCL,157.83,164.75,170.04,164.75,34.01,27.4,6.76,2017-07-01,2021-11-07,2022-02-04,2022-07-22,2017,98.8,100.0,12,15,Under Implementation,4.38,0,,0,0,2026-03-25
PRJ-M-0007,"Processing Plant Project in Jharsuguda, Nagaland",Ministry of Mines,Mining,Processing Plant,Nagaland,Hassan,NMDC,299.51,301.02,314.87,282.57,70.22,51.56,28.9,2013-04-01,2017-01-10,2017-01-24,2017-03-30,2013,99.9,93.9,5,7,Under Implementation,0.5,0,,0,0,2026-03-16
PRJ-M-0008,"Construction of Processing Plant at Khammam, Tamil Nadu",Ministry of Mines,Mining,Processing Plant,Tamil Nadu,Central,MOIL,2315.1,2298.1,2300.02,1503.28,399.73,495.27,129.88,2024-04-01,2027-06-15,2027-10-13,2027-09-16,2024,63.2,65.4,11,18,Under Implementation,-0.73,4,State government coordination issues; Equipment delivery delays,0,1,2026-03-29
PRJ-M-0009,"Construction of Limestone Mine at Meerut, Rajasthan",Ministry of Mines,Mining,Limestone Mine,Rajasthan,Hassan,MOIL,3526.07,3649.38,3752.95,3374.46,411.53,220.14,762.83,2015-01-01,2017-12-16,2017-12-11,2018-04-01,2015,99.9,92.5,14,17,Under Implementation,3.5,0,,0,0,2026-03-21
PRJ-M-0010,"Iron Ore Mine Project in Salem, Rajasthan",Ministry of Mines,Mining,Iron Ore Mine,Rajasthan,Hassan,NMDC,5376.75,5830.42,5864.54,5467.74,731.64,385.69,1120.77,2017-01-01,2020-08-13,2020-09-14,2020-06-17,2017,97.3,93.8,3,5,Under Implementation,8.44,0,,3,0,2026-03-10
PRJ-M-0011,"Limestone Mine Project in Nellore, Uttar Pradesh",Ministry of Mines,Mining,Limestone Mine,Uttar Pradesh,North,MOIL,2044.3,2118.66,2174.55,1809.42,388.72,486.87,226.28,2022-10-01,2026-06-12,2028-03-03,2028-04-02,2022,85.6,85.4,7,11,Under Implementation,3.64,21,Geological surprises during construction,1,3,2026-03-15
PRJ-M-0012,"Construction of Iron Ore Mine at Raigad, Haryana",Ministry of Mines,Mining,Iron Ore Mine,Haryana,Guntur,State Mining Corp,438.59,437.36,452.92,110.67,64.77,110.78,47.86,2024-04-01,2028-09-07,2029-06-04,2029-05-17,2024,24.1,25.3,0,6,Under Implementation,-0.28,9,Labour shortage; Material supply chain disruption; Environmental clearance pending,0,1,2026-03-21
PRJ-M-0013,Bauxite Mine - Goa (Khammam),Ministry of Mines,Mining,Bauxite Mine,Goa,Hassan,MOIL,372.23,385.76,401.69,77.57,79.06,67.52,50.52,2024-04-01,2028-12-06,2029-01-21,2029-01-03,2024,23.5,20.1,1,14,Under Implementation,3.63,0,,0,0,2026-03-28
PRJ-M-0014,"Limestone Mine Project in Hassan, Telangana",Ministry of Mines,Mining,Limestone Mine,Telangana,Tirunelveli,HCL,150,196.98,201.18,196.98,0,12.81,22.77,2011-04-01,2013-03-21,2013-03-22,2013-03-08,2011,100.0,100.0,12,12,Completed,31.32,0,,2,0,2026-03-07
PRJ-M-0015,"Limestone Mine Project in Jharsuguda, West Bengal",Ministry of Mines,Mining,Limestone Mine,West Bengal,Khammam,MECL,291.49,292.12,291.53,292.12,0,26.75,23.38,2017-04-01,2019-11-17,2019-12-21,2020-06-16,2017,100.0,100.0,6,6,Completed,0.22,0,,0,0,2026-03-21
PRJ-M-0016,"Limestone Mine Project in Rourkela, Rajasthan",Ministry of Mines,Mining,Limestone Mine,Rajasthan,Nellore,MOIL,1354.25,1394.36,1491.48,1394.36,0,80.35,73.8,2018-10-01,2021-07-17,2021-05-30,2021-07-11,2018,100.0,100.0,20,20,Completed,2.96,0,,0,0,2026-03-04
PRJ-M-0017,"Construction of Limestone Mine at West, Kerala",Ministry of Mines,Mining,Limestone Mine,Kerala,North,HCL,2811.81,2836.77,3020.14,2387.39,615.29,486.06,309.65,2010-10-01,2015-05-08,2015-04-27,2015-02-03,2010,89.1,84.2,7,7,Under Implementation,0.89,0,,0,0,2026-03-21
PRJ-M-0018,Iron Ore Mine - Uttarakhand (Karnal),Ministry of Mines,Mining,Iron Ore Mine,Uttarakhand,North,MOIL,526.07,558.13,596.63,433.29,95.02,90.69,78.2,2019-07-01,2021-11-17,2021-12-09,2022-02-16,2019,89.6,77.6,15,18,Under Implementation,6.1,0,,1,0,2026-03-29
PRJ-M-0019,"Iron Ore Mine Project in Bijapur, Karnataka",Ministry of Mines,Mining,Iron Ore Mine,Karnataka,Meerut,MOIL,775.75,802.53,844.7,802.53,151.87,211.35,50.2,2011-10-01,2015-03-14,2015-08-11,2015-10-14,2011,99.9,100.0,9,11,Under Implementation,3.45,5,Court stay orders,0,3,2026-03-09
PRJ-M-0020,"Construction of Bauxite Mine at Meerut, Goa",Ministry of Mines,Mining,Bauxite Mine,Goa,Satna,State Mining Corp,3027.64,3074.71,3229.42,3074.71,0,223.98,481.68,2018-10-01,2021-08-16,2021-08-31,2021-07-31,2018,100.0,100.0,11,11,Completed,1.55,0,,0,0,2026-03-27
PRJ-M-0021,"Limestone Mine Project in Bijapur, Maharashtra",Ministry of Mines,Mining,Limestone Mine,Maharashtra,Anand,State Mining Corp,1207.58,1195.91,1181.69,1195.91,0,82.06,142.22,2016-10-01,2019-05-19,2019-11-15,2020-04-26,2016,100.0,100.0,6,6,Completed,-0.97,6,Rehabilitation and resettlement issues,0,2,2026-03-10
PRJ-M-0022,"Construction of Iron Ore Mine at Warangal, Uttarakhand",Ministry of Mines,Mining,Iron Ore Mine,Uttarakhand,Tirunelveli,MOIL,150,154.76,162.33,154.76,0,21.4,32.96,2009-04-01,2012-03-16,2012-02-22,2012-06-09,2009,100.0,100.0,8,8,Completed,3.17,0,,0,0,2026-03-10
PRJ-M-0023,"Iron Ore Mine Project in Raichur, Madhya Pradesh",Ministry of Mines,Mining,Iron Ore Mine,Madhya Pradesh,Burdwan,State Mining Corp,1918.29,1906.3,1962.2,1692.13,504.45,400.67,135.4,2011-10-01,2014-09-15,2014-09-03,2014-12-15,2011,99.9,88.8,6,8,Under Implementation,-0.63,0,,0,0,2026-03-22
PRJ-M-0024,Processing Plant - Jharkhand (Barmer),Ministry of Mines,Mining,Processing Plant,Jharkhand,Bokaro,MOIL,3720.43,3778.45,3886.03,3778.45,0,524.05,500.31,2010-07-01,2012-08-19,2012-12-17,2013-02-10,2010,100.0,100.0,5,5,Completed,1.56,4,Adverse weather conditions; Fund release delays,0,2,2026-03-16
PRJ-M-0025,Limestone Mine - Madhya Pradesh (Meerut),Ministry of Mines,Mining,Limestone Mine,Madhya Pradesh,Bokaro,MOIL,539.61,563.63,604.07,563.63,134.7,105.0,130.14,2015-01-01,2017-11-16,2017-09-19,2017-07-20,2015,99.9,100.0,10,13,Under Implementation,4.45,0,,0,0,2026-03-19
PRJ-M-0026,"Construction of Bauxite Mine at Siliguri, Madhya Pradesh",Ministry of Mines,Mining,Bauxite Mine,Madhya Pradesh,Korba,State Mining Corp,550.24,569.32,588.65,569.32,0,77.0,64.47,2015-10-01,2019-01-13,2019-02-01,2019-04-05,2015,100.0,100.0,17,17,Completed,3.47,0,,0,0,2026-03-18
PRJ-M-0027,"Limestone Mine Project in Tirunelveli, Assam",Ministry of Mines,Mining,Limestone Mine,Assam,Central,MECL,437.73,575.32,604.58,564.3,145.57,86.91,67.42,2023-10-01,2026-11-14,2026-10-19,2026-09-01,2023,98.4,98.1,12,12,Under Implementation,31.43,0,,2,0,2026-03-31
PRJ-M-0028,"Processing Plant Project in Anand, Uttar Pradesh",Ministry of Mines,Mining,Processing Plant,Uttar Pradesh,North,NMDC,1488.37,1519.5,1632.23,1519.5,0,161.45,82.21,2017-01-01,2021-01-10,2021-02-27,2021-08-07,2017,100.0,100.0,17,17,Completed,2.09,0,,0,0,2026-03-26
PRJ-M-0029,"Construction of Limestone Mine at Barmer, Gujarat",Ministry of Mines,Mining,Limestone Mine,Gujarat,Jharsuguda,HCL,2130.84,2169.45,2185.66,1884.25,158.07,138.37,65.52,2010-10-01,2015-04-08,2015-11-04,2016-04-19,2010,99.5,86.9,17,19,Under Implementation,1.81,7,State government coordination issues; Regulatory approvals pending; Land acquisition delays,0,2,2026-03-27
PRJ-M-0030,"Construction of Iron Ore Mine at Central, Assam",Ministry of Mines,Mining,Iron Ore Mine,Assam,Khammam,MECL,252.64,288.47,296.16,268.66,23.73,19.57,39.76,2021-07-01,2026-02-05,2026-02-12,2026-04-18,2021,95.3,93.1,13,13,Under Implementation,14.18,0,,2,0,2026-03-22
PRJ-M-0031,"Processing Plant Project in Dharwad, Kerala",Ministry of Mines,Mining,Processing Plant,Kerala,South,State Mining Corp,275.41,294.12,291.13,273.32,21.04,24.16,32.8,2013-10-01,2017-10-10,2020-04-27,2020-04-15,2013,99.0,92.9,5,8,Under Implementation,6.79,31,Labour shortage,2,3,2026-03-30
PRJ-M-0032,"Iron Ore Mine Project in Central, Telangana",Ministry of Mines,Mining,Iron Ore Mine,Telangana,Solapur,State Mining Corp,514.92,514.79,517.38,514.79,78.82,128.02,21.62,2018-07-01,2020-11-17,2021-02-02,2021-01-14,2018,96.2,100.0,18,18,Under Implementation,-0.03,0,,0,0,2026-03-10
PRJ-M-0033,"Bauxite Mine Project in Bellary, Karnataka",Ministry of Mines,Mining,Bauxite Mine,Karnataka,Solapur,State Mining Corp,9516.77,11556.39,11939.98,11556.39,0,1589.65,1441.94,2016-10-01,2019-10-16,2019-10-16,2019-10-24,2016,100.0,100.0,7,7,Completed,21.43,0,,1,2,2026-03-16
PRJ-M-0034,Bauxite Mine - Jharkhand (West),Ministry of Mines,Mining,Bauxite Mine,Jharkhand,Anand,MECL,402.22,451.7,472.02,446.08,75.78,63.33,22.9,2018-07-01,2022-02-10,2022-01-29,2021-11-17,2018,98.0,98.8,5,7,Under Implementation,12.3,0,,3,0,2026-03-08
PRJ-M-0035,Bauxite Mine - West Bengal (North),Ministry of Mines,Mining,Bauxite Mine,West Bengal,Barmer,NMDC,1788.41,1789.37,1872.39,1789.37,0,178.11,119.97,2017-01-01,2020-10-12,2020-08-24,2020-08-31,2017,100.0,100.0,6,6,Completed,0.05,0,,0,0,2026-03-09
PRJ-M-0036,"Construction of Limestone Mine at Bellary, Kerala",Ministry of Mines,Mining,Limestone Mine,Kerala,North,MECL,645.28,762.73,756.56,576.66,219.33,177.13,28.16,2022-01-01,2025-10-12,2028-09-26,2028-10-15,2022,78.7,75.6,6,9,Under Implementation,18.2,36,Inter-departmental coordination delays; Rehabilitation and resettlement issues,4,3,2026-03-09
PRJ-M-0037,"Construction of Bauxite Mine at Salem, Odisha",Ministry of Mines,Mining,Bauxite Mine,Odisha,Tirunelveli,MOIL,412.1,424.59,431.43,424.59,103.14,59.46,55.76,2011-01-01,2014-03-16,2014-05-17,2014-08-15,2011,99.9,100.0,12,14,Under Implementation,3.03,0,,0,0,2026-03-20
PRJ-M-0038,"Construction of Limestone Mine at Bijapur, Tamil Nadu",Ministry of Mines,Mining,Limestone Mine,Tamil Nadu,Warangal,HCL,514.9,516.8,538.29,516.8,164.57,150.95,98.66,2013-04-01,2016-03-16,2016-07-14,2016-06-07,2013,99.9,100.0,8,8,Under Implementation,0.37,4,Change in project scope; Law and order issues,0,2,2026-03-17
PRJ-M-0039,"Construction of Limestone Mine at Tirunelveli, Maharashtra",Ministry of Mines,Mining,Limestone Mine,Maharashtra,West,State Mining Corp,10000,9855.9,10304.27,127.48,1041.41,1124.29,1984.86,2024-10-01,2028-12-09,2031-05-28,2031-03-13,2024,1.5,1.3,0,7,Under Implementation,-1.44,30,Slow mobilization by contractor; Geological surprises during construction; Design changes during execution,0,3,2026-03-07
PRJ-M-0040,Bauxite Mine - Bihar (Central),Ministry of Mines,Mining,Bauxite Mine,Bihar,Tumkur,NMDC,827.29,835.92,885.24,835.92,94.21,117.08,205.07,2017-04-01,2019-07-20,2019-07-31,2019-12-22,2017,99.9,100.0,14,16,Under Implementation,1.04,0,,0,0,2026-03-28
PRJ-M-0041,"Bauxite Mine Project in North, Rajasthan",Ministry of Mines,Mining,Bauxite Mine,Rajasthan,South,State Mining Corp,3082.83,3124.64,3244.84,3124.64,537.18,420.21,664.77,2010-07-01,2012-11-17,2012-11-28,2013-04-01,2010,97.1,100.0,18,19,Under Implementation,1.36,0,,0,0,2026-03-09
PRJ-M-0042,"Construction of Bauxite Mine at Burdwan, Odisha",Ministry of Mines,Mining,Bauxite Mine,Odisha,Nellore,State Mining Corp,731.06,737.58,755.9,737.58,0,98.63,149.05,2011-01-01,2014-01-15,2014-02-12,2014-01-24,2011,100.0,100.0,5,5,Completed,0.89,0,,0,0,2026-03-03
PRJ-M-0043,"Construction of Processing Plant at Jharsuguda, Uttar Pradesh",Ministry of Mines,Mining,Processing Plant,Uttar Pradesh,Latur,MECL,396.89,400.02,400.64,400.02,0,40.14,90.07,2021-01-01,2024-09-12,2024-12-04,2025-03-20,2021,100.0,100.0,14,14,Completed,0.79,0,,0,0,2026-03-24
PRJ-M-0044,Bauxite Mine - Gujarat (Warangal),Ministry of Mines,Mining,Bauxite Mine,Gujarat,Latur,State Mining Corp,2335.76,2341.28,2440.77,2341.28,0,251.3,295.57,2017-10-01,2021-12-09,2021-11-19,2021-08-28,2017,100.0,100.0,6,6,Completed,0.24,0,,0,0,2026-03-05
PRJ-M-0045,"Bauxite Mine Project in Korba, Bihar",Ministry of Mines,Mining,Bauxite Mine,Bihar,Karnal,MECL,5336.57,5436.94,5479.69,5436.94,0,465.65,720.06,2010-10-01,2015-02-07,2015-01-17,2015-01-22,2010,100.0,100.0,17,17,Completed,1.88,0,,0,0,2026-03-02
PRJ-M-0046,"Processing Plant Project in Anand, Andhra Pradesh",Ministry of Mines,Mining,Processing Plant,Andhra Pradesh,Bellary,HCL,2856.02,2938.76,3064.61,2938.76,306.84,199.23,579.48,2020-04-01,2024-07-09,2024-07-13,2024-05-15,2020,94.3,100.0,5,8,Under Implementation,2.9,0,,0,0,2026-03-14
PRJ-M-0047,"Construction of Processing Plant at West, Arunachal Pradesh",Ministry of Mines,Mining,Processing Plant,Arunachal Pradesh,East,NMDC,511.61,519.29,510.4,495.85,45.89,62.82,37.04,2023-01-01,2027-03-11,2027-03-08,2027-02-13,2023,91.6,95.5,7,8,Under Implementation,1.5,0,,0,0,2026-03-20
PRJ-M-0048,"Construction of Iron Ore Mine at Latur, Madhya Pradesh",Ministry of Mines,Mining,Iron Ore Mine,Madhya Pradesh,Raichur,NMDC,2521.09,2575.38,2564.91,2575.38,0,135.8,158.29,2014-01-01,2018-11-06,2018-09-21,2018-11-04,2014,100.0,100.0,20,20,Completed,2.15,0,,0,0,2026-03-10
PRJ-M-0049,"Construction of Bauxite Mine at Warangal, Tamil Nadu",Ministry of Mines,Mining,Bauxite Mine,Tamil Nadu,Bellary,NMDC,1903.03,1978.67,2044.45,1978.67,0,130.5,356.29,2013-10-01,2017-11-09,2017-09-21,2017-10-30,2013,100.0,100.0,17,17,Completed,3.97,0,,0,0,2026-03-15
PRJ-M-0050,Iron Ore Mine - Meghalaya (South),Ministry of Mines,Mining,Iron Ore Mine,Meghalaya,Jharsuguda,NMDC,839.52,862.13,912.5,862.13,0,50.11,102.93,2019-10-01,2024-05-07,2024-06-03,2024-11-22,2019,100.0,100.0,16,16,Completed,2.69,0,,0,0,2026-03-14
PRJ-M-0051,Bauxite Mine - Punjab (Hassan),Ministry of Mines,Mining,Bauxite Mine,Punjab,Dibrugarh,MECL,3409.66,3481.63,3740.14,2908.12,814.97,511.85,768.88,2021-07-01,2025-10-08,2026-06-05,2026-03-30,2021,96.3,83.5,9,9,Under Implementation,2.11,8,Geological surprises during construction,0,1,2026-03-10
PRJ-M-0052,"Construction of Bauxite Mine at Raichur, Uttar Pradesh",Ministry of Mines,Mining,Bauxite Mine,Uttar Pradesh,North,MECL,290.1,292.31,287.49,82.39,0.22,4.16,15.26,2021-10-01,2025-07-12,2025-09-01,2025-10-12,2021,26.7,28.2,3,16,Stalled,0.76,0,,0,0,2026-03-19
PRJ-M-0053,"Processing Plant Project in Bellary, Gujarat",Ministry of Mines,Mining,Processing Plant,Gujarat,South,NMDC,771.32,952.23,1026.02,903.9,141.69,153.48,75.55,2020-04-01,2025-03-06,2025-04-15,2025-08-09,2020,99.9,94.9,12,15,Under Implementation,23.45,0,,3,0,2026-03-08
PRJ-M-0054,"Processing Plant Project in Rourkela, Haryana",Ministry of Mines,Mining,Processing Plant,Haryana,Guntur,MECL,5636.53,5661.36,5632.59,4776.4,1131.19,909.89,1018.18,2023-07-01,2027-08-09,2027-09-20,2028-01-13,2023,86.3,84.4,12,16,Under Implementation,0.44,0,,0,0,2026-03-07
PRJ-M-0055,"Bauxite Mine Project in Jharsuguda, Gujarat",Ministry of Mines,Mining,Bauxite Mine,Gujarat,East,MECL,7512.75,7456.69,7580.66,7456.69,0,571.73,1068.81,2020-10-01,2024-03-14,2024-04-10,2024-03-12,2020,100.0,100.0,12,12,Completed,-0.75,0,,0,0,2026-03-21
PRJ-AE-0001,"Heavy Water Plant Project in Bijapur, Jharkhand",Department of Atomic Energy,Atomic Energy,Heavy Water Plant,Jharkhand,Jalgaon,NPCIL,28070.39,44323.57,43448.71,40588.88,13986.38,9495.57,3478.67,2019-04-01,2025-07-28,2025-08-04,2026-01-06,2019,98.1,91.6,10,11,Under Implementation,57.9,0,,4,0,2026-03-08
PRJ-AE-0002,Research Reactor - Assam (Burdwan),Department of Atomic Energy,Atomic Energy,Research Reactor,Assam,Karnal,BARC,9384.97,9738.13,10290.97,9738.13,0,1208.61,1863.41,2010-04-01,2016-04-29,2022-02-27,2022-04-12,2010,100.0,100.0,15,15,Completed,3.76,71,Right-of-Way (RoW) issues; Rehabilitation and resettlement issues,0,3,2026-03-11
PRJ-AE-0003,Nuclear Power Plant - Uttar Pradesh (Salem),Department of Atomic Energy,Atomic Energy,Nuclear Power Plant,Uttar Pradesh,Siliguri,DAE,16005.46,22877.89,24594.44,19419.39,4707.89,3429.48,1546.62,2013-01-01,2022-01-14,2022-04-02,2022-07-01,2013,96.3,84.9,17,20,Under Implementation,42.94,0,,4,0,2026-03-05
PRJ-AE-0004,"Construction of Research Reactor at Raichur, Chhattisgarh",Department of Atomic Energy,Atomic Energy,Research Reactor,Chhattisgarh,Siliguri,BHAVINI,3048.08,3140.49,3132.96,3140.49,478.66,187.14,596.05,2010-07-01,2017-04-25,2018-09-17,2018-09-11,2010,99.9,100.0,6,6,Under Implementation,3.03,17,Slow mobilization by contractor,0,3,2026-03-02
PRJ-AE-0005,"Nuclear Power Plant Project in Warangal, Madhya Pradesh",Department of Atomic Energy,Atomic Energy,Nuclear Power Plant,Madhya Pradesh,Salem,NFC,4788.41,4765.75,4948.82,4227.36,701.94,638.32,1048.64,2011-07-01,2018-04-25,2018-03-05,2018-01-09,2011,99.9,88.7,17,19,Under Implementation,-0.47,0,,0,0,2026-03-29
PRJ-AE-0006,"Construction of Nuclear Power Plant at Rourkela, Gujarat",Department of Atomic Energy,Atomic Energy,Nuclear Power Plant,Gujarat,Anand,NPCIL,26251.41,27359.87,28104.09,24634.37,5878.58,3438.95,4347.08,2009-07-01,2015-03-02,2016-08-23,2017-01-23,2009,99.9,90.0,14,14,Under Implementation,4.22,18,Law and order issues,0,1,2026-03-05
PRJ-AE-0007,"Research Reactor Project in Rourkela, Uttar Pradesh",Department of Atomic Energy,Atomic Energy,Research Reactor,Uttar Pradesh,Jharsuguda,BHAVINI,6299.08,9147.87,9399.32,8059.63,1981.96,2398.72,896.89,2014-10-01,2024-11-07,2030-05-10,2030-04-27,2014,93.5,88.1,4,7,Under Implementation,45.23,67,Adverse weather conditions; Contractual issues with EPC contractor,4,1,2026-03-24
PRJ-AE-0008,"Construction of Nuclear Power Plant at East, Uttar Pradesh",Department of Atomic Energy,Atomic Energy,Nuclear Power Plant,Uttar Pradesh,Burdwan,BHAVINI,61614.78,97867.24,104661.62,8377.68,20520.09,13704.2,12606.84,2024-01-01,2033-10-10,2033-09-05,2033-12-14,2024,10.0,8.6,0,12,Under Implementation,58.84,0,,1,0,2026-03-04
PRJ-AE-0009,"Nuclear Power Plant Project in Chittoor, Rajasthan",Department of Atomic Energy,Atomic Energy,Nuclear Power Plant,Rajasthan,Khammam,NFC,1495.07,1999.1,1963.43,1728.79,615.19,277.05,50.77,2015-10-01,2025-11-07,2027-09-28,2028-02-16,2015,96.1,86.5,9,10,Under Implementation,33.71,23,Utility shifting delays; Inter-departmental coordination delays; Fund release delays,3,3,2026-03-29
PRJ-AE-0010,"Nuclear Fuel Complex Project in Jalgaon, Uttar Pradesh",Department of Atomic Energy,Atomic Energy,Nuclear Fuel Complex,Uttar Pradesh,Raichur,NFC,13114.56,12887.53,12744.16,11915.33,2013.77,1089.8,3230.41,2014-04-01,2025-08-31,2025-08-31,2026-01-30,2014,90.5,92.5,7,11,Under Implementation,-1.73,0,,0,0,2026-03-30
PRJ-AE-0011,"Heavy Water Plant Project in Bellary, Karnataka",Department of Atomic Energy,Atomic Energy,Heavy Water Plant,Karnataka,North,BARC,7011.77,7346.31,7799.32,567.59,382.16,699.95,571.54,2024-04-01,2033-10-11,2033-12-12,2034-05-08,2024,7.5,7.7,0,19,Under Implementation,4.77,0,,3,0,2026-03-11
PRJ-AE-0012,Nuclear Power Plant - Gujarat (Bijapur),Department of Atomic Energy,Atomic Energy,Nuclear Power Plant,Gujarat,Anand,DAE,6037.83,6298.09,6442.85,480.11,829.76,548.87,1419.59,2023-10-01,2031-08-20,2033-10-08,2033-08-09,2023,6.9,7.6,0,13,Under Implementation,4.31,26,Labour shortage; Contractual issues with EPC contractor; Right-of-Way (RoW) issues,0,3,2026-03-25
PRJ-AE-0013,Nuclear Power Plant - Bihar (Central),Department of Atomic Energy,Atomic Energy,Nuclear Power Plant,Bihar,Bijapur,DAE,5571.67,9295.34,9847.78,9295.34,903.65,1202.21,329.42,2012-01-01,2021-09-10,2021-09-10,2021-09-10,2012,99.2,100.0,4,7,Under Implementation,66.83,0,,1,2,2026-03-24
PRJ-AE-0014,Heavy Water Plant - Tamil Nadu (Central),Department of Atomic Energy,Atomic Energy,Heavy Water Plant,Tamil Nadu,Bokaro,BARC,3234.0,5213.12,5316.82,4283.83,777.17,1156.01,792.23,2019-07-01,2027-10-17,2031-02-28,2031-01-15,2019,73.9,82.2,7,9,Under Implementation,61.2,41,Geological surprises during construction; Change in technology specifications; Forest clearance pending,2,2,2026-03-19
PRJ-AE-0015,"Construction of Nuclear Fuel Complex at Latur, Bihar",Department of Atomic Energy,Atomic Energy,Nuclear Fuel Complex,Bihar,Latur,NPCIL,5440.31,5631.86,5731.3,5040.68,1308.22,1170.26,493.67,2008-04-01,2014-11-26,2018-05-09,2018-03-25,2008,99.9,89.5,7,8,Under Implementation,3.52,42,Change in technology specifications; Design changes during execution,0,2,2026-03-15
PRJ-AE-0016,Research Reactor - Tamil Nadu (Tumkur),Department of Atomic Energy,Atomic Energy,Research Reactor,Tamil Nadu,Bellary,NFC,16432.71,17015.72,16785.58,8981.18,2836.42,2902.77,1735.07,2018-07-01,2030-01-29,2034-07-07,2034-06-12,2018,50.5,52.8,5,9,Under Implementation,3.55,54,Environmental clearance pending; Inter-departmental coordination delays,0,1,2026-03-19
PRJ-AE-0017,"Construction of Research Reactor at Khammam, Rajasthan",Department of Atomic Energy,Atomic Energy,Research Reactor,Rajasthan,Latur,NFC,7758.6,7758.6,8333.37,7758.6,0,393.75,1292.86,2017-01-01,2022-01-05,2022-01-03,2022-04-09,2017,100.0,100.0,12,12,Completed,0,0,,3,0,2026-04-01
PRJ-AE-0018,Research Reactor - Madhya Pradesh (Burdwan),Department of Atomic Energy,Atomic Energy,Research Reactor,Madhya Pradesh,Dharwad,NFC,6366.98,11149.91,11051.27,10695.97,1875.73,1092.19,635.88,2016-10-01,2027-05-07,2029-01-26,2028-12-30,2016,92.6,95.9,18,20,Under Implementation,75.12,21,Material supply chain disruption,3,1,2026-03-07
PRJ-AE-0019,Nuclear Fuel Complex - Andhra Pradesh (Warangal),Department of Atomic Energy,Atomic Energy,Nuclear Fuel Complex,Andhra Pradesh,Latur,BARC,14376.45,25396.24,25837.5,21631.85,6254.61,3388.79,3481.66,2016-10-01,2025-07-16,2029-01-26,2028-12-02,2016,81.6,85.2,10,15,Under Implementation,76.65,43,Rehabilitation and resettlement issues; Design changes during execution; Law and order issues,4,3,2026-03-19
PRJ-AE-0020,"Construction of Nuclear Power Plant at Bellary, Maharashtra",Department of Atomic Energy,Atomic Energy,Nuclear Power Plant,Maharashtra,Bellary,NFC,8736.84,13932.27,14553.42,13932.27,0,1748.04,1888.7,2010-10-01,2017-10-24,2017-10-09,2017-12-03,2010,100.0,100.0,6,6,Completed,59.47,0,,4,0,2026-03-20
PRJ-AE-0021,"Construction of Nuclear Power Plant at Raigad, Haryana",Department of Atomic Energy,Atomic Energy,Nuclear Power Plant,Haryana,North,BARC,4356.3,6551.91,6648.84,5087.53,670.2,846.53,704.15,2016-01-01,2027-09-30,2027-08-18,2027-12-21,2016,85.7,77.6,3,6,Under Implementation,50.4,0,,3,0,2026-03-19
PRJ-AE-0022,Heavy Water Plant - Telangana (Karnal),Department of Atomic Energy,Atomic Energy,Heavy Water Plant,Telangana,Dibrugarh,NFC,12251.71,19932.11,20444.85,19932.11,2995.17,4201.15,1163.55,2016-01-01,2025-07-12,2025-09-06,2025-07-31,2016,99.0,100.0,10,13,Under Implementation,62.69,0,,4,0,2026-03-25
PRJ-AE-0023,Research Reactor - Odisha (Nellore),Department of Atomic Energy,Atomic Energy,Research Reactor,Odisha,Dibrugarh,DAE,19571.61,36753.19,39249.61,5377.8,21.9,413.73,4458.54,2018-01-01,2027-12-10,2032-09-14,2032-07-25,2018,16.9,14.6,2,20,Shelved,87.79,58,Equipment delivery delays,1,3,2026-03-06
PRJ-AE-0024,"Construction of Heavy Water Plant at Burdwan, Delhi",Department of Atomic Energy,Atomic Energy,Heavy Water Plant,Delhi,Durg,NPCIL,5232.18,5167.27,5455.23,4838.71,960.4,623.92,1169.48,2016-10-01,2028-04-01,2028-05-15,2028-10-25,2016,91.5,93.6,3,5,Under Implementation,-1.24,0,,0,0,2026-03-10
PRJ-AE-0025,Heavy Water Plant - Maharashtra (Dibrugarh),Department of Atomic Energy,Atomic Energy,Heavy Water Plant,Maharashtra,Hassan,NPCIL,1735.28,2205.89,2226.69,2079.23,305.96,342.78,241.17,2012-04-01,2021-03-15,2021-06-08,2021-06-14,2012,99.9,94.3,18,18,Under Implementation,27.12,0,,3,0,2026-03-10
PRJ-AE-0026,"Nuclear Power Plant Project in Warangal, Goa",Department of Atomic Energy,Atomic Energy,Nuclear Power Plant,Goa,Khammam,NFC,33415.94,34510.59,37213.32,31467.69,7645.46,6931.08,4569.5,2008-07-01,2019-03-06,2026-07-27,2026-10-02,2008,99.4,91.2,15,17,Under Implementation,3.28,90,Fund release delays; Land acquisition delays,0,3,2026-03-12
PRJ-AE-0027,"Heavy Water Plant Project in Solapur, Uttar Pradesh",Department of Atomic Energy,Atomic Energy,Heavy Water Plant,Uttar Pradesh,Hassan,BARC,53560.62,68693.77,72554.93,68693.77,0,7787.22,2128.95,2011-10-01,2019-09-19,2024-05-25,2024-08-12,2011,100.0,100.0,7,7,Completed,28.25,57,Law and order issues; State government coordination issues; Environmental clearance pending,2,2,2026-03-15
PRJ-AE-0028,"Construction of Heavy Water Plant at Raigad, Jammu & Kashmir",Department of Atomic Energy,Atomic Energy,Heavy Water Plant,Jammu & Kashmir,Korba,NFC,1457.78,1504.9,1537.71,1504.9,265.33,253.3,78.73,2012-04-01,2021-01-14,2021-01-03,2021-06-17,2012,95.1,100.0,13,14,Under Implementation,3.23,0,,4,0,2026-03-06
PRJ-AE-0029,"Nuclear Power Plant Project in Durg, Goa",Department of Atomic Energy,Atomic Energy,Nuclear Power Plant,Goa,Korba,NFC,33495.08,33589.25,34702.84,31176.02,4112.46,2177.25,4638.15,2012-01-01,2021-08-11,2024-08-25,2025-02-15,2012,98.2,92.8,11,14,Under Implementation,0.28,37,Rehabilitation and resettlement issues; Regulatory approvals pending,0,2,2026-03-16
PRJ-AE-0030,"Construction of Heavy Water Plant at Burdwan, Punjab",Department of Atomic Energy,Atomic Energy,Heavy Water Plant,Punjab,Bellary,BHAVINI,32092.59,31631.6,31551.78,30582.17,7638.34,5934.16,1053.07,2010-01-01,2016-11-25,2016-10-02,2016-09-04,2010,90.9,96.7,9,12,Under Implementation,-1.44,0,,0,0,2026-03-17
PRJ-AE-0031,"Nuclear Fuel Complex Project in Meerut, West Bengal",Department of Atomic Energy,Atomic Energy,Nuclear Fuel Complex,West Bengal,Anand,BARC,4139.18,5899.41,6109.86,5128.53,684.11,855.34,222.95,2011-07-01,2021-01-09,2020-11-10,2021-01-31,2011,99.9,86.9,12,15,Under Implementation,42.53,0,,3,0,2026-03-28
PRJ-AE-0032,"Construction of Heavy Water Plant at Jalgaon, Punjab",Department of Atomic Energy,Atomic Energy,Heavy Water Plant,Punjab,Salem,BARC,9442.16,13295.49,14218.39,13295.49,1075.44,906.29,676.39,2016-01-01,2022-09-26,2025-01-13,2025-06-27,2016,99.0,100.0,5,6,Under Implementation,40.81,28,State government coordination issues; Forest clearance pending,4,1,2026-03-24
PRJ-AE-0033,Nuclear Fuel Complex - Odisha (Satna),Department of Atomic Energy,Atomic Energy,Nuclear Fuel Complex,Odisha,Dibrugarh,BHAVINI,2708.58,4398.21,4681.76,0.0,486.19,527.68,300.65,2024-04-01,2031-05-25,2034-02-08,2034-06-16,2024,0,0.0,0,13,Under Implementation,62.38,33,Environmental clearance pending; Regulatory approvals pending; Contractual issues with EPC contractor,2,1,2026-03-05
PRJ-AE-0034,"Heavy Water Plant Project in Rourkela, Telangana",Department of Atomic Energy,Atomic Energy,Heavy Water Plant,Telangana,Durg,NPCIL,5328.0,7873.76,8197.4,7873.76,0,894.31,701.54,2015-07-01,2023-06-19,2026-02-03,2025-11-13,2015,100.0,100.0,9,9,Completed,47.78,32,Right-of-Way (RoW) issues,4,3,2026-03-07
PRJ-AE-0035,"Nuclear Fuel Complex Project in Hassan, Maharashtra",Department of Atomic Energy,Atomic Energy,Nuclear Fuel Complex,Maharashtra,Raigad,DAE,5143.78,5311.62,5268.59,4549.87,471.43,685.15,624.15,2019-01-01,2029-09-05,2030-06-02,2030-07-02,2019,75.4,85.7,5,7,Under Implementation,3.26,9,Right-of-Way (RoW) issues; Inter-departmental coordination delays,0,2,2026-03-23
PRJ-S-0001,Satellite Ground Station - Gujarat (Satna),Department of Space,Space,Satellite Ground Station,Gujarat,Nellore,IIST,1891.74,2184.65,2320.65,2184.65,0,278.79,66.6,2017-10-01,2022-05-08,2022-06-06,2022-06-24,2017,100.0,100.0,12,12,Completed,15.48,0,,4,0,2026-03-19
PRJ-S-0002,"Construction of Space Research Center at Burdwan, Gujarat",Department of Space,Space,Space Research Center,Gujarat,Tumkur,IIST,6208.49,6470.12,6565.27,6470.12,0,570.15,1191.29,2012-10-01,2016-12-09,2017-04-08,2017-02-19,2012,100.0,100.0,18,18,Completed,4.21,4,Rehabilitation and resettlement issues; Regulatory approvals pending; Fund release delays,0,2,2026-03-28
PRJ-S-0003,Mission Control - Haryana (Barmer),Department of Space,Space,Mission Control,Haryana,Durg,SDSC SHAR,1204.46,1257.97,1287.35,1093.1,241.76,87.86,263.03,2010-01-01,2012-03-21,2014-01-10,2013-12-28,2010,99.3,86.9,4,5,Under Implementation,4.44,22,COVID-19 pandemic impact; Court stay orders,0,1,2026-03-11
PRJ-S-0004,"Launch Pad Project in Rourkela, Uttarakhand",Department of Space,Space,Launch Pad,Uttarakhand,Latur,VSSC,1359.84,1547.08,1541.06,1396.52,394.33,266.38,259.02,2014-01-01,2019-08-03,2022-06-18,2022-05-13,2014,97.7,90.3,13,16,Under Implementation,13.77,35,Right-of-Way (RoW) issues,3,1,2026-03-14
PRJ-S-0005,"Construction of Launch Pad at Nellore, Rajasthan",Department of Space,Space,Launch Pad,Rajasthan,Khammam,IIST,4404.79,4466.24,4441.97,4466.24,518.8,480.52,394.73,2012-01-01,2015-10-12,2017-10-01,2017-08-25,2012,95.5,100.0,6,8,Under Implementation,1.4,24,Law and order issues; Change in project scope,0,2,2026-03-21
PRJ-S-0006,Satellite Ground Station - Nagaland (Siliguri),Department of Space,Space,Satellite Ground Station,Nagaland,Jalgaon,SAC,870.14,859.93,926.81,859.93,0,127.14,155.17,2008-10-01,2012-11-09,2012-11-11,2012-09-01,2008,100.0,100.0,18,18,Completed,-1.17,0,,0,0,2026-03-23
PRJ-S-0007,Space Research Center - Rajasthan (Warangal),Department of Space,Space,Space Research Center,Rajasthan,Bellary,ISRO,902.02,898.37,933.24,355.55,99.52,157.79,212.49,2023-01-01,2028-09-01,2029-12-25,2030-03-13,2023,42.1,39.6,7,18,Under Implementation,-0.4,16,Inter-departmental coordination delays; Utility shifting delays,0,1,2026-03-13
PRJ-S-0008,"Satellite Ground Station Project in North, Rajasthan",Department of Space,Space,Satellite Ground Station,Rajasthan,Bijapur,SAC,1742.02,1825.87,1958.52,1825.87,226.87,232.87,128.34,2008-10-01,2013-03-09,2013-08-06,2013-06-13,2008,95.8,100.0,4,6,Under Implementation,4.81,5,Rehabilitation and resettlement issues; Utility shifting delays; Design changes during execution,0,2,2026-03-08
PRJ-S-0009,"Construction of Space Research Center at Dharwad, Bihar",Department of Space,Space,Space Research Center,Bihar,Siliguri,SDSC SHAR,4081.97,4104.05,4190.17,4104.05,0,554.98,878.36,2016-07-01,2021-04-06,2021-04-07,2021-03-09,2016,100.0,100.0,9,9,Completed,0.54,0,,0,0,2026-03-29
PRJ-S-0010,"Construction of Space Research Center at Central, Maharashtra",Department of Space,Space,Space Research Center,Maharashtra,Latur,SAC,5263.95,5365.59,5495.78,5365.59,0,354.89,1255.84,2019-04-01,2023-11-06,2023-10-02,2024-03-19,2019,100.0,100.0,19,19,Completed,1.93,0,,0,0,2026-03-27
PRJ-S-0011,"Space Research Center Project in Warangal, Delhi",Department of Space,Space,Space Research Center,Delhi,Salem,SAC,1592.41,1584.02,1695.92,1370.21,286.6,326.46,303.96,2011-10-01,2017-07-31,2017-08-30,2017-12-22,2011,95.6,86.5,9,9,Under Implementation,-0.53,0,,0,0,2026-03-30
PRJ-S-0012,Launch Pad - Karnataka (Bijapur),Department of Space,Space,Launch Pad,Karnataka,Latur,VSSC,323.11,367.27,362.87,367.27,56.27,24.52,80.11,2012-07-01,2016-05-11,2016-08-09,2016-12-17,2012,99.9,100.0,14,17,Under Implementation,13.67,3,Change in project scope; Regulatory approvals pending,4,3,2026-03-20
PRJ-S-0013,"Satellite Ground Station Project in Chittoor, Rajasthan",Department of Space,Space,Satellite Ground Station,Rajasthan,Barmer,IIST,1323.15,1388.0,1390.2,1388.0,0,149.59,156.14,2019-07-01,2023-03-12,2023-02-17,2022-12-06,2019,100.0,100.0,8,8,Completed,4.9,0,,0,0,2026-03-03
PRJ-S-0014,"Construction of Space Research Center at Karnal, Rajasthan",Department of Space,Space,Space Research Center,Rajasthan,Burdwan,SAC,2060.61,2235.7,2324.04,2192.29,235.38,234.22,89.89,2012-04-01,2015-08-14,2015-10-13,2016-02-17,2012,99.9,98.1,12,13,Under Implementation,8.5,2,Geological surprises during construction; Equipment delivery delays,4,1,2026-03-28
PRJ-S-0015,Space Research Center - Punjab (Chittoor),Department of Space,Space,Space Research Center,Punjab,Anand,SDSC SHAR,6361.18,7122.76,7365.1,7122.76,920.97,1439.67,361.11,2013-04-01,2019-03-01,2020-07-23,2020-11-05,2013,99.9,100.0,9,12,Under Implementation,11.97,17,Contractual issues with EPC contractor,1,2,2026-03-20
PRJ-S-0016,"Construction of Satellite Ground Station at Rourkela, Gujarat",Department of Space,Space,Satellite Ground Station,Gujarat,East,SAC,1680.68,1734.46,1832.7,737.5,244.21,326.45,408.46,2023-04-01,2027-03-11,2029-01-29,2029-07-27,2023,48.8,42.5,6,14,Under Implementation,3.2,23,Geological surprises during construction; Utility shifting delays; Forest clearance pending,0,2,2026-03-08
PRJ-S-0017,Space Research Center - Maharashtra (Meerut),Department of Space,Space,Space Research Center,Maharashtra,Khammam,IIST,1746.54,1906.83,1932.5,1906.83,443.22,271.95,142.43,2019-04-01,2021-06-19,2021-06-24,2021-04-07,2019,99.9,100.0,19,19,Under Implementation,9.18,0,,3,0,2026-03-02
PRJ-S-0018,"Launch Pad Project in Satna, Punjab",Department of Space,Space,Launch Pad,Punjab,Chittoor,VSSC,858.31,871.47,936.02,871.47,0,91.79,73.59,2014-01-01,2016-12-16,2019-03-06,2019-07-19,2014,100.0,100.0,10,10,Completed,1.53,27,State government coordination issues; COVID-19 pandemic impact,0,1,2026-03-06
PRJ-S-0019,Launch Pad - Uttar Pradesh (Burdwan),Department of Space,Space,Launch Pad,Uttar Pradesh,Salem,IIST,1957.9,2005.13,2121.99,1764.97,202.17,93.65,255.91,2022-07-01,2026-04-11,2027-07-05,2027-11-12,2022,81.9,88.0,8,11,Under Implementation,2.41,15,Law and order issues; COVID-19 pandemic impact,0,3,2026-03-08
PRJ-S-0020,"Launch Pad Project in Raichur, Uttar Pradesh",Department of Space,Space,Launch Pad,Uttar Pradesh,Khammam,SDSC SHAR,684.01,706.58,709.43,61.97,136.36,161.73,21.84,2024-10-01,2027-02-18,2029-08-06,2029-09-13,2024,9.5,8.8,1,11,Under Implementation,3.3,30,Geological surprises during construction; Change in project scope; Contractual issues with EPC contractor,0,1,2026-03-10
PRJ-S-0021,Satellite Ground Station - Maharashtra (Bijapur),Department of Space,Space,Satellite Ground Station,Maharashtra,Bokaro,IIST,7753.69,7872.45,7792.94,7300.69,1533.74,2100.34,1563.49,2021-07-01,2024-08-14,2026-02-05,2026-07-29,2021,97.3,92.7,17,19,Under Implementation,1.53,18,Forest clearance pending,0,1,2026-03-10
PRJ-S-0022,Launch Pad - Assam (Bellary),Department of Space,Space,Launch Pad,Assam,Karnal,SDSC SHAR,2354.18,2806.09,2753.2,2806.09,0,212.31,71.21,2021-04-01,2024-10-12,2025-02-09,2025-04-27,2021,100.0,100.0,5,5,Completed,19.2,4,Utility shifting delays; Equipment delivery delays,3,2,2026-03-30
PRJ-S-0023,"Satellite Ground Station Project in Siliguri, Sikkim",Department of Space,Space,Satellite Ground Station,Sikkim,Guntur,SDSC SHAR,1191.82,1212.79,1246.81,1212.79,0,106.31,111.71,2013-04-01,2015-10-18,2016-01-15,2015-10-18,2013,100.0,100.0,9,9,Completed,1.76,0,,0,0,2026-03-27
PRJ-S-0024,"Construction of Mission Control at Satna, Kerala",Department of Space,Space,Mission Control,Kerala,Tirunelveli,SDSC SHAR,6479.24,8303.75,8654.43,8303.75,1063.93,1337.4,802.03,2021-10-01,2025-10-10,2025-09-27,2025-12-07,2021,99.9,100.0,14,17,Under Implementation,28.16,0,,3,0,2026-03-08
PRJ-S-0025,"Construction of Launch Pad at Barmer, Andhra Pradesh",Department of Space,Space,Launch Pad,Andhra Pradesh,Satna,ISRO,190.16,187.52,200.39,186.53,33.54,30.78,28.28,2012-04-01,2015-04-16,2016-12-06,2017-01-11,2012,99.9,99.5,16,16,Under Implementation,-1.39,20,Environmental clearance pending,0,2,2026-03-26
PRJ-S-0026,"Mission Control Project in Hassan, Gujarat",Department of Space,Space,Mission Control,Gujarat,Raichur,VSSC,596.75,612.28,659.15,612.28,109.7,63.78,125.04,2022-10-01,2025-08-16,2026-10-10,2027-03-10,2022,99.9,100.0,16,18,Under Implementation,2.6,14,Slow mobilization by contractor; Rehabilitation and resettlement issues; Right-of-Way (RoW) issues,0,1,2026-03-19
PRJ-S-0027,"Launch Pad Project in Karnal, Odisha",Department of Space,Space,Launch Pad,Odisha,Central,VSSC,5114.44,5260.58,5184.82,5260.58,0,547.35,604.57,2021-04-01,2023-07-20,2023-12-17,2024-01-31,2021,100.0,100.0,14,14,Completed,2.86,5,Forest clearance pending; Adverse weather conditions,0,2,2026-03-12
PRJ-S-0028,Satellite Ground Station - Rajasthan (Karnal),Department of Space,Space,Satellite Ground Station,Rajasthan,Dibrugarh,ISRO,8585.06,8838.57,9366.99,8653.5,1452.67,2493.58,1810.41,2009-07-01,2012-11-12,2014-03-07,2014-07-12,2009,99.9,97.9,12,12,Under Implementation,2.95,16,COVID-19 pandemic impact; Design changes during execution; Material supply chain disruption,0,1,2026-03-04
PRJ-DI-0001,"Construction of Naval Dockyard at Raichur, Maharashtra",Ministry of Defence,Defence Infrastructure,Naval Dockyard,Maharashtra,Tumkur,HAL,1288.66,1339.57,1371.77,1339.57,309.71,250.9,70.4,2010-04-01,2016-02-29,2017-08-22,2017-10-16,2010,95.5,100.0,16,16,Under Implementation,3.95,18,Regulatory approvals pending,0,1,2026-03-17
PRJ-DI-0002,"Air Base Project in Jalgaon, Telangana",Ministry of Defence,Defence Infrastructure,Air Base,Telangana,Korba,DRDO,15855.11,15685.26,16523.79,15685.26,1579.27,1196.56,2685.3,2021-01-01,2025-07-09,2025-05-15,2025-04-28,2021,95.8,100.0,7,10,Under Implementation,-1.07,0,,0,0,2026-03-05
PRJ-DI-0003,"Construction of Cantonment at Tirunelveli, West Bengal",Ministry of Defence,Defence Infrastructure,Cantonment,West Bengal,Raichur,Defence Estates,1166.9,1537.61,1620.89,1537.61,0,123.2,133.59,2015-01-01,2019-05-10,2019-04-16,2019-07-09,2015,100.0,100.0,10,10,Completed,31.77,0,,1,0,2026-03-15
PRJ-DI-0004,Ordnance Factory - Karnataka (Satna),Ministry of Defence,Defence Infrastructure,Ordnance Factory,Karnataka,North,MES,1420.5,1473.75,1454.85,1473.75,310.47,298.37,101.42,2020-04-01,2024-10-07,2024-09-05,2024-12-17,2020,99.9,100.0,18,20,Under Implementation,3.75,0,,0,0,2026-03-07
PRJ-DI-0005,Cantonment - Delhi (Bokaro),Ministry of Defence,Defence Infrastructure,Cantonment,Delhi,Jalgaon,HAL,2135.74,3113.67,3206.79,3113.67,329.19,287.11,135.03,2016-04-01,2021-12-31,2026-06-08,2026-08-12,2016,99.9,100.0,15,15,Under Implementation,45.79,54,State government coordination issues; Land acquisition delays,3,2,2026-03-28
PRJ-DI-0006,"Construction of Naval Dockyard at Chittoor, Odisha",Ministry of Defence,Defence Infrastructure,Naval Dockyard,Odisha,Raigad,Defence Estates,11029.87,12298.34,12210.16,12298.34,0,1316.95,1749.85,2010-10-01,2015-10-05,2017-08-25,2017-07-28,2010,100.0,100.0,7,7,Completed,11.5,23,COVID-19 pandemic impact,1,3,2026-03-29
PRJ-DI-0007,"Construction of Naval Dockyard at Raigad, Jammu & Kashmir",Ministry of Defence,Defence Infrastructure,Naval Dockyard,Jammu & Kashmir,Tumkur,BRO,1450.73,1509.74,1597.35,1509.74,335.53,160.9,271.94,2012-07-01,2017-12-02,2019-12-22,2020-02-11,2012,97.3,100.0,14,15,Under Implementation,4.07,25,Fund release delays; Rehabilitation and resettlement issues; Forest clearance pending,0,3,2026-03-24
PRJ-DI-0008,"Ordnance Factory Project in Satna, West Bengal",Ministry of Defence,Defence Infrastructure,Ordnance Factory,West Bengal,Salem,BEL,1577.87,1597.65,1652.58,1597.65,0,178.77,138.43,2021-04-01,2025-06-09,2025-06-21,2025-08-08,2021,100.0,100.0,13,13,Completed,1.25,0,,0,0,2026-03-11
PRJ-DI-0009,"Construction of Ordnance Factory at Bokaro, Assam",Ministry of Defence,Defence Infrastructure,Ordnance Factory,Assam,Durg,BEL,1694.63,1719.15,1801.99,1719.15,350.6,330.4,244.84,2022-10-01,2026-12-09,2026-10-21,2027-03-02,2022,99.9,100.0,14,17,Under Implementation,1.45,0,,0,0,2026-03-31
PRJ-DI-0010,"Border Roads Project in Korba, Bihar",Ministry of Defence,Defence Infrastructure,Border Roads,Bihar,West,BRO,2175.67,2201.19,2293.29,2007.44,566.5,430.68,410.74,2008-04-01,2015-02-24,2016-01-20,2016-06-10,2008,92.0,91.2,12,15,Under Implementation,1.17,11,Court stay orders,0,2,2026-03-30
PRJ-DI-0011,"Construction of Air Base at Barmer, Jharkhand",Ministry of Defence,Defence Infrastructure,Air Base,Jharkhand,Dharwad,HAL,589.99,588.19,593.98,588.19,0,42.57,101.29,2010-01-01,2016-04-29,2016-03-17,2016-03-20,2010,100.0,100.0,7,7,Completed,-0.31,0,,0,0,2026-03-16
PRJ-DI-0012,"Air Base Project in Chittoor, Jharkhand",Ministry of Defence,Defence Infrastructure,Air Base,Jharkhand,Solapur,Defence Estates,1070.06,1080.48,1111.68,1080.48,0,120.89,227.96,2011-10-01,2015-12-09,2015-12-24,2015-11-07,2011,100.0,100.0,9,9,Completed,0.97,0,,0,0,2026-03-14
PRJ-DI-0013,"Construction of Ordnance Factory at Jharsuguda, Odisha",Ministry of Defence,Defence Infrastructure,Ordnance Factory,Odisha,Hassan,BEL,18545.24,23507.7,23760.02,23507.7,0,2830.28,688.42,2014-04-01,2019-05-05,2019-06-04,2019-05-05,2014,100.0,100.0,11,11,Completed,26.76,1,Adverse weather conditions; Equipment delivery delays; COVID-19 pandemic impact,1,2,2026-03-28
PRJ-DI-0014,Air Base - Uttar Pradesh (West),Ministry of Defence,Defence Infrastructure,Air Base,Uttar Pradesh,Barmer,BEL,14198.94,14137.03,15109.91,14137.03,0,1133.56,785.2,2016-04-01,2022-06-29,2022-05-27,2022-05-30,2016,100.0,100.0,17,17,Completed,-0.44,0,,0,0,2026-03-02
PRJ-DI-0015,Border Roads - Chhattisgarh (South),Ministry of Defence,Defence Infrastructure,Border Roads,Chhattisgarh,Barmer,MES,5071.1,5777.01,5821.76,5777.01,0,393.67,804.33,2014-01-01,2019-07-04,2019-07-04,2019-10-22,2014,100.0,100.0,15,15,Completed,13.92,0,,3,2,2026-03-30
PRJ-DI-0016,"Construction of Naval Dockyard at Bijapur, Uttar Pradesh",Ministry of Defence,Defence Infrastructure,Naval Dockyard,Uttar Pradesh,Tirunelveli,BRO,5985.78,6194.38,6385.71,6194.38,1404.36,1382.95,981.68,2011-07-01,2017-05-30,2017-07-02,2017-05-18,2011,99.9,100.0,7,9,Under Implementation,3.48,0,,2,0,2026-03-31
PRJ-DI-0017,Air Base - Manipur (Dibrugarh),Ministry of Defence,Defence Infrastructure,Air Base,Manipur,Meerut,HAL,767.88,780.71,778.59,664.43,142.03,150.52,116.55,2010-04-01,2016-08-27,2016-10-26,2016-08-02,2010,96.5,85.1,12,14,Under Implementation,1.67,2,Change in project scope,0,1,2026-03-10
PRJ-DI-0018,"Cantonment Project in Jharsuguda, Gujarat",Ministry of Defence,Defence Infrastructure,Cantonment,Gujarat,Bokaro,BEL,6752.37,6830.44,6877.33,6191.34,856.22,1281.39,1063.01,2015-10-01,2020-07-06,2020-07-06,2020-11-25,2015,98.1,90.6,12,14,Under Implementation,1.16,0,,0,3,2026-03-05
PRJ-DI-0019,"Ordnance Factory Project in Tumkur, Gujarat",Ministry of Defence,Defence Infrastructure,Ordnance Factory,Gujarat,Central,DRDO,1326.08,1358.78,1381.17,1358.78,0,176.37,172.2,2020-04-01,2023-05-16,2025-04-05,2025-04-26,2020,100.0,100.0,7,7,Completed,2.47,23,Contractual issues with EPC contractor; Inter-departmental coordination delays; Fund release delays,0,2,2026-03-11
PRJ-DI-0020,"Construction of Border Roads at Dibrugarh, Haryana",Ministry of Defence,Defence Infrastructure,Border Roads,Haryana,Korba,BRO,5996.78,5896.71,5943.84,5896.71,1270.36,1183.37,1111.91,2010-10-01,2015-06-07,2016-01-03,2015-12-19,2010,95.6,100.0,8,9,Under Implementation,-1.67,7,Geological surprises during construction; Labour shortage; Rehabilitation and resettlement issues,0,3,2026-03-16
PRJ-DI-0021,Air Base - Gujarat (Bokaro),Ministry of Defence,Defence Infrastructure,Air Base,Gujarat,Chittoor,Defence Estates,2469.27,2469.27,2531.7,2244.29,485.93,240.88,447.23,2021-10-01,2027-12-29,2027-12-21,2028-03-11,2021,88.0,90.9,9,10,Under Implementation,0,0,,4,0,2026-03-10
PRJ-DI-0022,Cantonment - Himachal Pradesh (Tirunelveli),Ministry of Defence,Defence Infrastructure,Cantonment,Himachal Pradesh,Satna,MES,689.74,689.74,736.92,680.77,54.7,50.33,137.14,2021-07-01,2026-11-02,2026-12-14,2027-01-12,2021,99.5,98.7,12,13,Under Implementation,0,0,,3,0,2026-03-22
PRJ-DI-0023,Ordnance Factory - Goa (West),Ministry of Defence,Defence Infrastructure,Ordnance Factory,Goa,East,BRO,6171.69,8082.55,8156.76,7221.86,909.38,964.69,1140.54,2011-10-01,2016-05-07,2016-06-03,2016-03-11,2011,99.9,89.4,8,11,Under Implementation,30.96,0,,1,0,2026-03-11
PRJ-DI-0024,"Construction of Ordnance Factory at Central, Haryana",Ministry of Defence,Defence Infrastructure,Ordnance Factory,Haryana,Hassan,BEL,1355.57,1355.57,1458.4,1311.28,280.56,248.8,171.02,2018-01-01,2022-12-06,2023-02-17,2023-04-26,2018,99.9,96.7,18,19,Under Implementation,0,0,,2,0,2026-03-15
PRJ-DI-0025,"Construction of Naval Dockyard at Dharwad, Karnataka",Ministry of Defence,Defence Infrastructure,Naval Dockyard,Karnataka,Raichur,BEL,1082.24,1070.82,1049.61,892.89,343.77,160.03,52.28,2008-07-01,2013-05-06,2013-07-17,2013-11-17,2008,96.5,83.4,5,8,Under Implementation,-1.06,0,,0,0,2026-04-01
PRJ-DI-0026,"Construction of Air Base at Chittoor, Meghalaya",Ministry of Defence,Defence Infrastructure,Air Base,Meghalaya,Central,DRDO,9052.59,9357.93,9886.5,4571.32,80.27,101.24,631.99,2020-01-01,2025-10-31,2027-06-23,2027-03-29,2020,55.8,48.8,3,10,Stalled,3.37,20,Land acquisition delays; Regulatory approvals pending; Equipment delivery delays,0,1,2026-03-18
PRJ-DI-0027,Cantonment - Punjab (Raichur),Ministry of Defence,Defence Infrastructure,Cantonment,Punjab,West,DRDO,1178.24,1960.7,2006.56,1960.7,0,129.94,155.87,2017-01-01,2020-05-15,2020-08-11,2021-01-22,2017,100.0,100.0,13,13,Completed,66.41,0,,2,0,2026-03-16
PRJ-DI-0028,"Border Roads Project in West, Uttar Pradesh",Ministry of Defence,Defence Infrastructure,Border Roads,Uttar Pradesh,Burdwan,DRDO,2329.44,2626.89,2615.38,2626.89,0,272.58,81.73,2018-10-01,2024-07-01,2024-05-26,2024-05-13,2018,100.0,100.0,10,10,Completed,12.77,0,,2,0,2026-03-26
PRJ-DI-0029,"Construction of Border Roads at Satna, West Bengal",Ministry of Defence,Defence Infrastructure,Border Roads,West Bengal,Rourkela,DRDO,1264.57,1264.57,1345.1,1017.98,179.3,235.8,101.29,2019-10-01,2023-12-09,2028-09-13,2028-10-21,2019,87.7,80.5,12,16,Under Implementation,0,58,Change in project scope,4,2,2026-03-26
PRJ-DI-0030,"Construction of Border Roads at North, Madhya Pradesh",Ministry of Defence,Defence Infrastructure,Border Roads,Madhya Pradesh,Dharwad,HAL,8858.51,12318.58,12895.04,5235.09,875.4,764.96,1845.54,2024-10-01,2027-10-16,2027-12-04,2027-10-21,2024,46.3,42.5,5,16,Under Implementation,39.06,0,,4,0,2026-03-24
PRJ-DI-0031,Naval Dockyard - Telangana (East),Ministry of Defence,Defence Infrastructure,Naval Dockyard,Telangana,Jharsuguda,Defence Estates,3378.03,3320.71,3523.7,1371.6,414.26,409.84,246.9,2023-07-01,2029-06-29,2029-09-01,2029-06-11,2023,38.8,41.3,4,15,Under Implementation,-1.7,0,,0,0,2026-03-18
PRJ-DI-0032,Cantonment - Bihar (West),Ministry of Defence,Defence Infrastructure,Cantonment,Bihar,Bellary,HAL,642.88,659.97,705.77,659.97,96.8,86.43,67.41,2021-04-01,2025-02-09,2025-03-23,2025-03-07,2021,99.9,100.0,20,20,Under Implementation,2.66,0,,0,0,2026-03-06
PRJ-DI-0033,"Air Base Project in East, Haryana",Ministry of Defence,Defence Infrastructure,Air Base,Haryana,Satna,HAL,6849.91,6740.34,6859.47,6304.4,903.5,699.73,1607.7,2019-10-01,2024-07-06,2024-07-06,2024-05-16,2019,99.9,93.5,17,20,Under Implementation,-1.6,0,,0,1,2026-03-28
PRJ-DI-0034,"Construction of Air Base at Khammam, West Bengal",Ministry of Defence,Defence Infrastructure,Air Base,West Bengal,Bokaro,BRO,708.39,700.76,694.58,679.62,100.31,98.97,97.33,2013-07-01,2016-10-13,2016-11-24,2016-10-22,2013,99.9,97.0,6,8,Under Implementation,-1.08,0,,0,0,2026-03-05
PRJ-DI-0035,"Ordnance Factory Project in Nellore, Telangana",Ministry of Defence,Defence Infrastructure,Ordnance Factory,Telangana,Bijapur,HAL,2557.13,2678.47,2675.16,2678.47,0,259.99,144.16,2009-07-01,2015-03-02,2018-10-12,2018-10-15,2009,100.0,100.0,12,12,Completed,4.75,44,Forest clearance pending; Slow mobilization by contractor; Inter-departmental coordination delays,0,3,2026-04-01
PRJ-DI-0036,"Air Base Project in Raichur, Tamil Nadu",Ministry of Defence,Defence Infrastructure,Air Base,Tamil Nadu,Barmer,HAL,2348.01,2437.38,2600.34,2437.38,382.73,441.41,101.78,2012-01-01,2015-08-13,2015-07-11,2015-12-19,2012,99.9,100.0,17,18,Under Implementation,3.81,0,,0,0,2026-03-06
PRJ-DI-0037,Cantonment - Tamil Nadu (Dibrugarh),Ministry of Defence,Defence Infrastructure,Cantonment,Tamil Nadu,Siliguri,HAL,150,147.04,152.36,147.04,0,7.45,33.11,2017-10-01,2021-11-09,2025-05-22,2025-10-24,2017,100.0,100.0,12,12,Completed,-1.97,43,Adverse weather conditions; Fund release delays,0,3,2026-04-01
PRJ-DI-0038,"Construction of Cantonment at Meerut, Himachal Pradesh",Ministry of Defence,Defence Infrastructure,Cantonment,Himachal Pradesh,Salem,DRDO,5964.97,6119.81,6529.87,5517.56,1546.9,1076.61,873.84,2009-01-01,2014-02-04,2017-02-18,2017-07-12,2009,94.1,90.2,5,8,Under Implementation,2.6,37,State government coordination issues; Change in project scope; Change in technology specifications,0,1,2026-03-15
PRJ-DI-0039,"Border Roads Project in Meerut, Jharkhand",Ministry of Defence,Defence Infrastructure,Border Roads,Jharkhand,South,MES,2184.62,2261.74,2297.44,2261.74,0,129.68,139.31,2015-07-01,2020-08-03,2021-07-29,2021-06-11,2015,100.0,100.0,7,7,Completed,3.53,12,Labour shortage,0,1,2026-03-08
PRJ-DI-0040,Cantonment - Odisha (Nellore),Ministry of Defence,Defence Infrastructure,Cantonment,Odisha,Raichur,BRO,1333.48,1372.15,1408.38,1372.15,0,112.62,213.46,2015-10-01,2020-09-04,2025-10-08,2025-07-17,2015,100.0,100.0,18,18,Completed,2.9,62,Slow mobilization by contractor,0,1,2026-03-16
PRJ-DI-0041,"Ordnance Factory Project in Jalgaon, Andhra Pradesh",Ministry of Defence,Defence Infrastructure,Ordnance Factory,Andhra Pradesh,Raigad,Defence Estates,1841.69,1968.41,2057.44,1898.99,341.67,224.74,167.38,2021-01-01,2025-11-06,2025-12-06,2025-09-27,2021,99.9,96.5,12,12,Under Implementation,6.88,1,Fund release delays,1,1,2026-03-20
PRJ-DI-0042,Ordnance Factory - Uttar Pradesh (Rourkela),Ministry of Defence,Defence Infrastructure,Ordnance Factory,Uttar Pradesh,Meerut,BEL,1401.08,1467.32,1470.28,1189.11,115.95,177.23,241.85,2021-10-01,2025-12-09,2027-03-04,2027-01-15,2021,92.8,81.0,4,5,Under Implementation,4.73,15,Slow mobilization by contractor; Utility shifting delays,0,3,2026-03-12
PRJ-DI-0043,Ordnance Factory - Maharashtra (Durg),Ministry of Defence,Defence Infrastructure,Ordnance Factory,Maharashtra,West,DRDO,18853.42,19101.44,19896.72,19101.44,2911.17,1738.23,1722.51,2014-01-01,2018-08-08,2018-08-08,2018-06-18,2014,99.9,100.0,5,7,Under Implementation,1.32,0,,0,2,2026-03-28
PRJ-DI-0044,"Border Roads Project in Jharsuguda, Rajasthan",Ministry of Defence,Defence Infrastructure,Border Roads,Rajasthan,Korba,Defence Estates,613.7,775.72,810.87,775.72,0,84.39,125.59,2018-10-01,2024-05-02,2024-12-28,2024-11-09,2018,100.0,100.0,6,6,Completed,26.4,8,Environmental clearance pending; Change in project scope,2,1,2026-03-27
PRJ-DI-0045,"Cantonment Project in Central, Tamil Nadu",Ministry of Defence,Defence Infrastructure,Cantonment,Tamil Nadu,Jalgaon,HAL,2368.77,2425.7,2417.67,2425.7,0,205.09,224.07,2012-04-01,2017-08-03,2017-10-05,2018-03-06,2012,100.0,100.0,20,20,Completed,2.4,0,,0,0,2026-03-29
PRJ-DI-0046,Air Base - Nagaland (Nellore),Ministry of Defence,Defence Infrastructure,Air Base,Nagaland,West,Defence Estates,846.52,1090.0,1153.73,1090.0,0,143.62,132.1,2018-04-01,2024-01-30,2023-12-26,2023-10-13,2018,100.0,100.0,18,18,Completed,28.76,0,,1,0,2026-03-27
PRJ-DI-0047,Naval Dockyard - Uttar Pradesh (Meerut),Ministry of Defence,Defence Infrastructure,Naval Dockyard,Uttar Pradesh,Dharwad,BRO,672.28,714.86,712.59,714.86,0,77.33,127.27,2010-07-01,2017-05-25,2019-05-15,2019-07-17,2010,100.0,100.0,14,14,Completed,6.33,24,Geological surprises during construction; Fund release delays; State government coordination issues,1,3,2026-03-31
PRJ-DI-0048,"Construction of Cantonment at Anand, Gujarat",Ministry of Defence,Defence Infrastructure,Cantonment,Gujarat,West,DRDO,3335.34,3303.42,3463.03,3303.42,0,358.6,574.96,2011-10-01,2017-04-02,2021-10-08,2021-10-17,2011,100.0,100.0,16,16,Completed,-0.96,55,Environmental clearance pending; Geological surprises during construction; COVID-19 pandemic impact,0,1,2026-03-15
PRJ-DI-0049,Border Roads - Rajasthan (Karnal),Ministry of Defence,Defence Infrastructure,Border Roads,Rajasthan,Latur,HAL,2887.1,2887.1,2978.45,1436.19,825.83,450.86,241.53,2023-07-01,2026-09-13,2028-10-02,2028-08-15,2023,52.9,49.7,3,7,Under Implementation,0,25,Contractual issues with EPC contractor,3,2,2026-03-21
PRJ-DI-0050,Border Roads - Maharashtra (North),Ministry of Defence,Defence Infrastructure,Border Roads,Maharashtra,Latur,Defence Estates,5869.93,5756.94,6111.28,456.7,1719.9,1155.7,1235.76,2024-07-01,2029-01-06,2031-03-27,2031-09-15,2024,8.1,7.9,1,20,Under Implementation,-1.92,27,Fund release delays,0,1,2026-03-20
PRJ-DI-0051,Ordnance Factory - Uttar Pradesh (Satna),Ministry of Defence,Defence Infrastructure,Ordnance Factory,Uttar Pradesh,Warangal,BEL,1109.89,1098.9,1130.69,1098.9,0,140.73,47.76,2008-01-01,2013-09-01,2013-09-09,2014-02-08,2008,100.0,100.0,11,11,Completed,-0.99,0,,0,0,2026-03-11
PRJ-DI-0052,"Construction of Border Roads at Dibrugarh, Uttar Pradesh",Ministry of Defence,Defence Infrastructure,Border Roads,Uttar Pradesh,Solapur,BEL,11601.84,12171.93,12975.17,12171.93,1425.8,2426.68,1371.82,2020-04-01,2025-12-31,2028-01-20,2028-07-09,2020,99.9,100.0,18,18,Under Implementation,4.91,25,Inter-departmental coordination delays,0,3,2026-03-31
PRJ-DI-0053,"Border Roads Project in Siliguri, Maharashtra",Ministry of Defence,Defence Infrastructure,Border Roads,Maharashtra,Guntur,Defence Estates,700.19,717.92,721.98,717.92,0,92.04,46.56,2013-04-01,2018-09-02,2018-09-02,2018-08-01,2013,100.0,100.0,18,18,Completed,2.53,0,,0,1,2026-03-28
PRJ-DI-0054,"Construction of Naval Dockyard at Hassan, Rajasthan",Ministry of Defence,Defence Infrastructure,Naval Dockyard,Rajasthan,Korba,DRDO,8708.83,8986.17,9432.09,8986.17,0,679.12,1547.64,2011-10-01,2016-02-07,2016-03-08,2016-07-20,2011,100.0,100.0,20,20,Completed,3.18,1,Change in project scope; Rehabilitation and resettlement issues,0,2,2026-03-31
PRJ-DI-0055,"Construction of Ordnance Factory at Burdwan, Tamil Nadu",Ministry of Defence,Defence Infrastructure,Ordnance Factory,Tamil Nadu,Raigad,BRO,1279.65,1467.53,1472.2,1467.53,0,97.9,128.65,2018-04-01,2022-10-07,2022-11-24,2023-02-24,2018,100.0,100.0,19,19,Completed,14.68,0,,1,0,2026-03-16
PRJ-DI-0056,"Construction of Air Base at Tirunelveli, Punjab",Ministry of Defence,Defence Infrastructure,Air Base,Punjab,Chittoor,BEL,3509.44,3636.82,3759.64,3636.82,0,275.67,844.98,2009-07-01,2013-02-10,2013-03-26,2013-04-20,2009,100.0,100.0,12,12,Completed,3.63,0,,0,0,2026-03-07
PRJ-DI-0057,"Construction of Cantonment at Jharsuguda, Chhattisgarh",Ministry of Defence,Defence Infrastructure,Cantonment,Chhattisgarh,Latur,DRDO,3414.76,4188.42,4226.58,4188.42,0,257.15,822.82,2011-01-01,2017-09-26,2020-05-13,2020-10-14,2011,100.0,100.0,12,12,Completed,22.66,32,Rehabilitation and resettlement issues; Design changes during execution,3,2,2026-03-24
PRJ-DI-0058,Ordnance Factory - Rajasthan (Solapur),Ministry of Defence,Defence Infrastructure,Ordnance Factory,Rajasthan,Bokaro,MES,1938.8,1917.39,1996.58,1917.39,244.32,130.2,445.67,2012-01-01,2018-10-26,2023-01-03,2023-04-28,2012,99.9,100.0,9,12,Under Implementation,-1.1,51,Inter-departmental coordination delays,0,1,2026-03-03
PRJ-DI-0059,Border Roads - Manipur (Chittoor),Ministry of Defence,Defence Infrastructure,Border Roads,Manipur,Guntur,Defence Estates,314.92,309.26,324.19,169.23,1.61,13.05,16.49,2019-04-01,2023-09-07,2023-11-12,2024-01-12,2019,54.9,54.7,9,19,Stalled,-1.8,0,,0,0,2026-03-12
PRJ-DI-0060,Air Base - Chhattisgarh (East),Ministry of Defence,Defence Infrastructure,Air Base,Chhattisgarh,Meerut,HAL,1203.89,1181.31,1250.69,254.58,109.23,101.22,95.9,2024-07-01,2027-10-14,2028-11-07,2029-02-22,2024,19.8,21.6,0,7,Under Implementation,-1.88,13,Regulatory approvals pending,0,1,2026-03-24
PRJ-DI-0061,Border Roads - Maharashtra (Solapur),Ministry of Defence,Defence Infrastructure,Border Roads,Maharashtra,Barmer,MES,2647.7,2763.58,2769.38,2763.58,0,234.82,314.43,2015-04-01,2021-12-25,2025-01-08,2024-11-05,2015,100.0,100.0,17,17,Completed,4.38,37,Forest clearance pending,0,2,2026-03-31
PRJ-DI-0062,"Construction of Cantonment at Tumkur, Gujarat",Ministry of Defence,Defence Infrastructure,Cantonment,Gujarat,Meerut,MES,1062.41,1057.07,1065.62,1057.07,0,57.41,211.25,2013-04-01,2018-08-03,2020-06-23,2020-08-11,2013,100.0,100.0,12,12,Completed,-0.5,23,Change in technology specifications,0,3,2026-03-20
PRJ-DI-0063,"Naval Dockyard Project in East, Andhra Pradesh",Ministry of Defence,Defence Infrastructure,Naval Dockyard,Andhra Pradesh,Bijapur,MES,428.79,517.45,531.71,45.2,51.15,40.13,37.4,2024-10-01,2028-09-10,2032-04-22,2032-09-27,2024,8.7,8.7,1,8,Under Implementation,20.68,44,Environmental clearance pending; Rehabilitation and resettlement issues,3,3,2026-03-17
PRJ-DI-0064,Ordnance Factory - Maharashtra (Warangal),Ministry of Defence,Defence Infrastructure,Ordnance Factory,Maharashtra,East,HAL,893.08,895.2,931.84,782.76,229.48,149.51,177.51,2015-07-01,2018-09-13,2018-07-16,2018-09-03,2015,98.9,87.4,15,17,Under Implementation,0.24,0,,2,0,2026-03-23
PRJ-DI-0065,"Construction of Cantonment at Bijapur, Kerala",Ministry of Defence,Defence Infrastructure,Cantonment,Kerala,Warangal,BRO,251.79,250.71,252.65,250.71,54.96,30.33,20.86,2014-04-01,2017-11-11,2020-11-25,2020-09-22,2014,99.9,100.0,20,20,Under Implementation,-0.43,37,Change in technology specifications; Design changes during execution,0,2,2026-03-10
PRJ-DI-0066,"Ordnance Factory Project in Solapur, Uttar Pradesh",Ministry of Defence,Defence Infrastructure,Ordnance Factory,Uttar Pradesh,North,DRDO,2080.87,2074.12,2097.17,2074.12,0,161.08,415.71,2021-04-01,2024-05-15,2024-06-05,2024-08-15,2021,100.0,100.0,15,15,Completed,-0.32,0,,0,0,2026-03-18
PRJ-DI-0067,"Construction of Ordnance Factory at Khammam, Maharashtra",Ministry of Defence,Defence Infrastructure,Ordnance Factory,Maharashtra,Satna,BEL,788.99,1046.13,1090.76,983.37,81.56,122.51,93.46,2022-10-01,2026-05-13,2027-03-09,2027-02-02,2022,99.7,94.0,16,18,Under Implementation,32.59,10,Land acquisition delays; Labour shortage; Slow mobilization by contractor,4,2,2026-03-24
PRJ-DI-0068,"Construction of Cantonment at South, Gujarat",Ministry of Defence,Defence Infrastructure,Cantonment,Gujarat,Tirunelveli,BRO,376.06,433.19,456.45,433.19,0,61.02,37.39,2015-07-01,2019-02-10,2019-04-10,2019-06-10,2015,100.0,100.0,6,6,Completed,15.19,0,,2,0,2026-03-09
PRJ-DI-0069,"Construction of Naval Dockyard at Tirunelveli, Kerala",Ministry of Defence,Defence Infrastructure,Naval Dockyard,Kerala,Karnal,MES,1494.86,1494.86,1479.34,1494.86,0,165.57,113.65,2014-04-01,2018-06-09,2022-11-15,2022-09-11,2014,100.0,100.0,7,7,Completed,0,54,Adverse weather conditions,1,3,2026-03-20
PRJ-DI-0070,Cantonment - Telangana (Meerut),Ministry of Defence,Defence Infrastructure,Cantonment,Telangana,Nellore,HAL,623.63,835.97,850.6,835.97,0,78.36,90.29,2016-01-01,2021-09-01,2021-11-24,2022-01-06,2016,100.0,100.0,9,9,Completed,34.05,0,,4,0,2026-03-31
PRJ-DI-0071,"Construction of Naval Dockyard at Salem, West Bengal",Ministry of Defence,Defence Infrastructure,Naval Dockyard,West Bengal,Anand,BRO,4555.38,6583.62,7108.17,6534.4,827.27,925.11,1087.77,2008-07-01,2012-01-12,2012-12-07,2012-11-30,2008,98.5,99.3,15,17,Under Implementation,44.52,11,Change in technology specifications; Environmental clearance pending; Regulatory approvals pending,1,2,2026-03-13
PRJ-DI-0072,"Cantonment Project in Dharwad, Maharashtra",Ministry of Defence,Defence Infrastructure,Cantonment,Maharashtra,Warangal,Defence Estates,584.72,590.53,606.63,556.9,110.44,57.61,116.06,2017-10-01,2023-03-04,2023-05-30,2023-08-19,2017,99.9,94.3,13,14,Under Implementation,0.99,0,,0,0,2026-03-14
PRJ-DI-0073,"Construction of Air Base at Khammam, Uttarakhand",Ministry of Defence,Defence Infrastructure,Air Base,Uttarakhand,Burdwan,BEL,2488.92,2607.5,2675.29,2427.77,358.21,451.68,536.14,2009-04-01,2012-04-15,2015-12-26,2016-03-30,2009,92.4,93.1,11,14,Under Implementation,4.76,45,COVID-19 pandemic impact; Rehabilitation and resettlement issues; Labour shortage,0,1,2026-03-28
PRJ-DI-0074,"Naval Dockyard Project in Dharwad, Uttar Pradesh",Ministry of Defence,Defence Infrastructure,Naval Dockyard,Uttar Pradesh,Tirunelveli,BEL,3775.14,3868.11,3909.91,3868.11,0,312.56,378.95,2017-10-01,2022-03-09,2022-04-14,2022-03-13,2017,100.0,100.0,19,19,Completed,2.46,0,,0,0,2026-03-31
PRJ-DI-0075,"Cantonment Project in Nellore, Tamil Nadu",Ministry of Defence,Defence Infrastructure,Cantonment,Tamil Nadu,North,MES,913.36,1116.57,1098.33,1049.35,355.04,322.06,69.22,2019-07-01,2025-04-30,2026-09-22,2027-03-06,2019,98.0,94.0,14,17,Under Implementation,22.25,17,Geological surprises during construction,1,1,2026-03-11
PRJ-DI-0076,"Construction of Border Roads at Raichur, Meghalaya",Ministry of Defence,Defence Infrastructure,Border Roads,Meghalaya,Tirunelveli,Defence Estates,4198.16,4122.76,4134.32,4122.76,706.13,405.4,180.32,2017-01-01,2023-03-31,2023-01-31,2022-11-20,2017,99.4,100.0,19,20,Under Implementation,-1.8,0,,0,0,2026-03-06
PRJ-DI-0077,Air Base - Manipur (Raigad),Ministry of Defence,Defence Infrastructure,Air Base,Manipur,Dibrugarh,Defence Estates,530.45,530.45,522.24,470.89,34.78,31.56,86.96,2021-01-01,2026-04-05,2027-10-27,2027-09-16,2021,85.0,88.8,7,10,Under Implementation,0,19,Material supply chain disruption,4,3,2026-03-17
PRJ-DI-0078,"Naval Dockyard Project in Jalgaon, Uttar Pradesh",Ministry of Defence,Defence Infrastructure,Naval Dockyard,Uttar Pradesh,Karnal,BRO,1374.8,1361.07,1344.86,709.79,6.96,29.8,42.8,2014-01-01,2019-05-05,2019-05-11,2019-04-12,2014,58.8,52.1,5,9,Shelved,-1.0,0,,0,0,2026-04-01
PRJ-DI-0079,"Ordnance Factory Project in Korba, West Bengal",Ministry of Defence,Defence Infrastructure,Ordnance Factory,West Bengal,Raichur,MES,3568.21,4324.62,4505.57,3993.09,1095.55,1032.98,426.73,2018-07-01,2024-03-01,2025-05-25,2025-07-20,2018,99.9,92.3,3,6,Under Implementation,21.2,15,Change in project scope; Equipment delivery delays; Regulatory approvals pending,2,3,2026-03-10
PRJ-DI-0080,Air Base - Rajasthan (Barmer),Ministry of Defence,Defence Infrastructure,Air Base,Rajasthan,Burdwan,DRDO,553.26,571.88,615.88,571.88,174.26,91.13,102.45,2021-04-01,2025-02-09,2026-12-31,2026-12-22,2021,99.9,100.0,17,20,Under Implementation,3.37,23,Equipment delivery delays; Regulatory approvals pending; Law and order issues,0,1,2026-03-29
PRJ-DI-0081,"Construction of Ordnance Factory at Latur, Tamil Nadu",Ministry of Defence,Defence Infrastructure,Ordnance Factory,Tamil Nadu,Latur,BEL,629.43,915.72,919.1,787.29,204.59,188.05,81.93,2020-04-01,2025-02-04,2027-09-22,2027-10-17,2020,99.9,86.0,9,9,Under Implementation,45.48,32,Adverse weather conditions,2,2,2026-03-04
PRJ-DI-0082,Air Base - Gujarat (Satna),Ministry of Defence,Defence Infrastructure,Air Base,Gujarat,Solapur,HAL,1639.76,1782.77,1850.82,35.73,141.86,92.28,101.02,2024-10-01,2030-01-03,2029-12-10,2029-11-11,2024,1.8,2.0,1,6,Under Implementation,8.72,0,,3,0,2026-03-13
PRJ-DI-0083,"Air Base Project in Dibrugarh, West Bengal",Ministry of Defence,Defence Infrastructure,Air Base,West Bengal,Dibrugarh,HAL,1377.66,1421.1,1502.11,1261.76,116.87,69.31,344.32,2010-10-01,2015-01-08,2014-11-16,2014-09-01,2010,92.9,88.8,16,20,Under Implementation,3.15,0,,0,0,2026-03-14
PRJ-DI-0084,Naval Dockyard - Uttar Pradesh (Hassan),Ministry of Defence,Defence Infrastructure,Naval Dockyard,Uttar Pradesh,Salem,HAL,249.88,252.38,251.45,246.87,27.81,21.72,38.73,2015-07-01,2022-02-24,2025-01-09,2024-10-25,2015,93.2,97.8,12,13,Under Implementation,1.0,35,Regulatory approvals pending; Change in project scope,0,1,2026-03-05
PRJ-DI-0085,Border Roads - Telangana (Bellary),Ministry of Defence,Defence Infrastructure,Border Roads,Telangana,South,Defence Estates,12025.47,12670.01,13226.47,11000.98,1650.37,765.67,854.29,2008-04-01,2014-11-26,2014-11-20,2014-09-10,2008,96.7,86.8,5,5,Under Implementation,5.36,0,,1,0,2026-03-04
PRJ-HI-0001,Medical College - West Bengal (Latur),Ministry of Health & Family Welfare,Health Infrastructure,Medical College,West Bengal,Bellary,HSCC,3348.6,3298.92,3251.16,3298.92,0,352.03,696.47,2015-04-01,2017-07-19,2020-09-01,2021-02-19,2015,100.0,100.0,5,5,Completed,-1.48,38,Design changes during execution; Regulatory approvals pending,0,3,2026-03-13
PRJ-HI-0002,"Construction of Medical College at Barmer, Rajasthan",Ministry of Health & Family Welfare,Health Infrastructure,Medical College,Rajasthan,Central,HSCC,496.94,519.32,509.5,519.32,76.21,65.69,121.91,2020-01-01,2024-01-10,2024-03-22,2024-09-04,2020,99.1,100.0,17,19,Under Implementation,4.5,0,,2,0,2026-03-02
PRJ-HI-0003,"Construction of AIIMS at Latur, Rajasthan",Ministry of Health & Family Welfare,Health Infrastructure,AIIMS,Rajasthan,Jharsuguda,AIIMS Admin,798.77,867.88,872.66,737.28,122.88,84.16,83.56,2009-07-01,2011-07-21,2012-08-14,2012-10-29,2009,95.7,85.0,7,7,Under Implementation,8.65,13,Rehabilitation and resettlement issues; Labour shortage,3,3,2026-03-28
PRJ-HI-0004,"Medical College Project in Solapur, Arunachal Pradesh",Ministry of Health & Family Welfare,Health Infrastructure,Medical College,Arunachal Pradesh,Central,HSCC,782.34,867.71,934.7,867.71,0,85.19,138.48,2017-10-01,2021-08-11,2021-06-15,2021-08-15,2017,100.0,100.0,7,7,Completed,10.91,0,,2,0,2026-03-08
PRJ-HI-0005,"Research Institute Project in Rourkela, Karnataka",Ministry of Health & Family Welfare,Health Infrastructure,Research Institute,Karnataka,Anand,CPWD,710.3,718.85,717.81,718.85,0,92.16,156.86,2011-07-01,2015-01-11,2015-02-19,2014-12-19,2011,100.0,100.0,5,5,Completed,1.2,0,,0,0,2026-03-26
PRJ-HI-0006,"Hospital Project in Raigad, Tamil Nadu",Ministry of Health & Family Welfare,Health Infrastructure,Hospital,Tamil Nadu,Central,State Health Dept,1321.79,1497.35,1593.44,287.31,318.01,157.54,164.32,2024-04-01,2028-05-10,2030-01-30,2030-05-26,2024,17.7,19.2,1,8,Under Implementation,13.28,21,Environmental clearance pending,4,1,2026-03-20
PRJ-HI-0007,Research Institute - Karnataka (Korba),Ministry of Health & Family Welfare,Health Infrastructure,Research Institute,Karnataka,Bellary,HSCC,780.65,788.78,799.65,692.56,84.5,108.46,168.84,2023-07-01,2026-11-12,2027-09-08,2027-11-16,2023,82.7,87.8,10,15,Under Implementation,1.04,10,Inter-departmental coordination delays,0,1,2026-03-09
PRJ-HI-0008,Hospital - Gujarat (East),Ministry of Health & Family Welfare,Health Infrastructure,Hospital,Gujarat,Warangal,HSCC,2201.91,2303.51,2380.4,2303.51,0,133.22,492.66,2021-10-01,2024-12-14,2024-12-14,2025-05-02,2021,100.0,100.0,16,16,Completed,4.61,0,,0,3,2026-03-08
PRJ-HI-0009,"AIIMS Project in Warangal, Nagaland",Ministry of Health & Family Welfare,Health Infrastructure,AIIMS,Nagaland,Karnal,HSCC,368.91,376.06,399.64,376.06,0,45.14,11.47,2009-07-01,2013-01-11,2013-03-23,2013-05-23,2009,100.0,100.0,10,10,Completed,1.94,0,,0,0,2026-03-15
PRJ-HI-0010,"Construction of Medical College at Raigad, Assam",Ministry of Health & Family Welfare,Health Infrastructure,Medical College,Assam,Tirunelveli,AIIMS Admin,2691.47,2982.87,3166.59,2958.1,368.53,550.74,245.26,2009-07-01,2011-09-19,2012-06-15,2012-07-02,2009,96.6,99.2,5,6,Under Implementation,10.83,9,Environmental clearance pending; Geological surprises during construction,3,2,2026-03-28
PRJ-HI-0011,AIIMS - Telangana (West),Ministry of Health & Family Welfare,Health Infrastructure,AIIMS,Telangana,Hassan,HSCC,923.59,959.69,1036.3,959.69,0,93.33,48.14,2017-10-01,2021-02-12,2021-02-03,2020-12-30,2017,100.0,100.0,7,7,Completed,3.91,0,,0,0,2026-03-23
PRJ-HI-0012,"Medical College Project in Bokaro, Andhra Pradesh",Ministry of Health & Family Welfare,Health Infrastructure,Medical College,Andhra Pradesh,Bijapur,HSCC,184.93,188.69,189.19,167.7,28.91,32.13,32.53,2017-07-01,2020-10-13,2020-08-27,2020-08-27,2017,99.9,88.9,20,20,Under Implementation,2.03,0,,0,0,2026-03-31
PRJ-HI-0013,AIIMS - Kerala (Warangal),Ministry of Health & Family Welfare,Health Infrastructure,AIIMS,Kerala,Warangal,CPWD,908.27,961.91,978.92,888.56,179.48,176.28,134.99,2008-04-01,2011-09-13,2013-04-05,2013-09-21,2008,95.6,92.4,18,19,Under Implementation,5.91,19,Environmental clearance pending; Law and order issues; Change in project scope,2,2,2026-03-22
PRJ-HI-0014,Research Institute - Uttar Pradesh (Chittoor),Ministry of Health & Family Welfare,Health Infrastructure,Research Institute,Uttar Pradesh,West,HSCC,853.85,860.15,888.82,426.39,167.58,90.18,128.39,2024-04-01,2028-06-09,2028-05-09,2028-09-27,2024,45.5,49.6,6,19,Under Implementation,0.74,0,,0,0,2026-03-25
PRJ-HI-0015,"Hospital Project in South, Maharashtra",Ministry of Health & Family Welfare,Health Infrastructure,Hospital,Maharashtra,Raichur,CPWD,418.19,418.19,441.8,418.19,0,58.8,79.21,2008-07-01,2011-02-16,2011-05-13,2011-05-02,2008,100.0,100.0,16,16,Completed,0,0,,4,0,2026-03-07
PRJ-HI-0016,AIIMS - Gujarat (Satna),Ministry of Health & Family Welfare,Health Infrastructure,AIIMS,Gujarat,Burdwan,State Health Dept,3967.07,5350.31,5656.74,5350.31,0,762.07,553.83,2017-10-01,2021-01-13,2020-12-29,2020-12-03,2017,100.0,100.0,18,18,Completed,34.87,0,,4,0,2026-03-27
PRJ-HI-0017,Hospital - West Bengal (Bijapur),Ministry of Health & Family Welfare,Health Infrastructure,Hospital,West Bengal,Dharwad,HSCC,1881.66,1915.02,1914.7,1915.02,0,132.49,467.34,2009-04-01,2013-01-10,2014-06-04,2014-10-14,2009,100.0,100.0,7,7,Completed,1.77,17,Contractual issues with EPC contractor; Design changes during execution; Land acquisition delays,0,3,2026-03-25
PRJ-HI-0018,"Medical College Project in Satna, Andhra Pradesh",Ministry of Health & Family Welfare,Health Infrastructure,Medical College,Andhra Pradesh,Korba,AIIMS Admin,1184.44,1401.92,1454.28,1401.92,281.11,196.17,46.33,2020-07-01,2025-06-05,2026-05-01,2026-03-09,2020,93.8,100.0,10,10,Under Implementation,18.36,11,Fund release delays,1,1,2026-03-13
PRJ-HI-0019,AIIMS - Chhattisgarh (Bellary),Ministry of Health & Family Welfare,Health Infrastructure,AIIMS,Chhattisgarh,Bijapur,HSCC,4239.65,4336.41,4317.7,4336.41,0,228.99,745.72,2020-10-01,2022-10-21,2023-12-15,2023-11-02,2020,100.0,100.0,6,6,Completed,2.28,14,Slow mobilization by contractor,0,3,2026-03-11
PRJ-HI-0020,"Construction of AIIMS at Tumkur, Andhra Pradesh",Ministry of Health & Family Welfare,Health Infrastructure,AIIMS,Andhra Pradesh,Rourkela,CPWD,503.64,500.72,518.53,418.2,47.02,32.07,121.46,2023-04-01,2026-02-14,2027-08-08,2027-07-12,2023,90.7,83.5,14,18,Under Implementation,-0.58,18,Change in project scope,0,1,2026-03-22
PRJ-HI-0021,"Medical College Project in Raichur, Karnataka",Ministry of Health & Family Welfare,Health Infrastructure,Medical College,Karnataka,Central,State Health Dept,1497.7,1518.46,1502.12,1129.88,80.42,153.76,267.71,2023-10-01,2028-03-08,2028-03-30,2028-07-06,2023,70.7,74.4,7,14,Under Implementation,1.39,0,,0,0,2026-03-11
PRJ-HI-0022,"Construction of Medical College at Warangal, Uttarakhand",Ministry of Health & Family Welfare,Health Infrastructure,Medical College,Uttarakhand,Bokaro,HSCC,2202.29,2641.15,2598.17,2396.35,498.35,238.68,420.84,2011-04-01,2015-06-09,2017-09-26,2018-03-14,2011,94.3,90.7,7,10,Under Implementation,19.93,28,Rehabilitation and resettlement issues; Labour shortage; Law and order issues,1,1,2026-03-11
PRJ-HI-0023,"Construction of Hospital at Guntur, Tamil Nadu",Ministry of Health & Family Welfare,Health Infrastructure,Hospital,Tamil Nadu,Raigad,CPWD,4285.09,4209.45,4441.96,4209.45,416.07,293.46,919.63,2013-04-01,2017-04-10,2019-06-29,2019-11-04,2013,96.7,100.0,4,6,Under Implementation,-1.77,27,Material supply chain disruption; Court stay orders,0,1,2026-03-21
PRJ-HI-0024,"Construction of Hospital at Durg, Himachal Pradesh",Ministry of Health & Family Welfare,Health Infrastructure,Hospital,Himachal Pradesh,Dibrugarh,CPWD,1330.23,1370.77,1382.79,1370.77,0,71.01,279.54,2008-10-01,2012-08-11,2012-08-11,2012-07-08,2008,100.0,100.0,20,20,Completed,3.05,0,,0,0,2026-03-25
PRJ-HI-0025,"AIIMS Project in Hassan, Manipur",Ministry of Health & Family Welfare,Health Infrastructure,AIIMS,Manipur,Karnal,State Health Dept,912.24,916.01,937.92,916.01,0,73.26,123.95,2015-04-01,2017-12-16,2017-11-21,2017-11-04,2015,100.0,100.0,7,7,Completed,0.41,0,,0,0,2026-03-30
PRJ-HI-0026,"Construction of AIIMS at Solapur, Maharashtra",Ministry of Health & Family Welfare,Health Infrastructure,AIIMS,Maharashtra,Central,State Health Dept,170.76,170.76,167.44,170.76,13.74,19.44,25.94,2019-01-01,2023-09-07,2023-08-19,2023-07-21,2019,99.9,100.0,6,8,Under Implementation,0.0,0,,2,0,2026-03-08
PRJ-HI-0027,"Research Institute Project in Raichur, Assam",Ministry of Health & Family Welfare,Health Infrastructure,Research Institute,Assam,Chittoor,AIIMS Admin,1176.98,1296.58,1358.88,1011.4,240.66,145.86,242.82,2010-01-01,2014-04-10,2014-04-13,2014-09-09,2010,89.9,78.0,16,17,Under Implementation,10.16,0,,4,0,2026-03-02
PRJ-HI-0028,"Research Institute Project in Chittoor, Uttar Pradesh",Ministry of Health & Family Welfare,Health Infrastructure,Research Institute,Uttar Pradesh,Warangal,AIIMS Admin,300.04,324.74,333.85,178.7,45.22,32.12,52.93,2023-07-01,2026-09-13,2028-05-05,2028-08-25,2023,59.7,55.0,3,7,Under Implementation,8.23,20,Design changes during execution; Inter-departmental coordination delays; Material supply chain disruption,1,2,2026-03-05
PRJ-HI-0029,"Construction of AIIMS at Burdwan, Maharashtra",Ministry of Health & Family Welfare,Health Infrastructure,AIIMS,Maharashtra,South,HSCC,243.39,261.27,266.9,261.27,45.05,55.8,7.75,2016-04-01,2018-05-21,2018-07-21,2018-08-22,2016,97.9,100.0,9,9,Under Implementation,7.34,0,,4,0,2026-03-21
PRJ-HI-0030,"Construction of Medical College at South, Haryana",Ministry of Health & Family Welfare,Health Infrastructure,Medical College,Haryana,Khammam,State Health Dept,150,151.41,154.17,151.41,0,19.85,18.25,2008-04-01,2012-04-10,2012-04-13,2012-03-26,2008,100.0,100.0,11,11,Completed,0.94,0,,0,0,2026-03-14
PRJ-HI-0031,"Construction of Hospital at Tirunelveli, Uttar Pradesh",Ministry of Health & Family Welfare,Health Infrastructure,Hospital,Uttar Pradesh,South,AIIMS Admin,2379.42,3096.43,3261.99,3089.06,646.48,412.35,414.72,2012-10-01,2015-11-15,2015-11-15,2015-10-20,2012,98.0,99.8,18,20,Under Implementation,30.13,0,,3,2,2026-03-06
PRJ-HI-0032,"Construction of AIIMS at Siliguri, Kerala",Ministry of Health & Family Welfare,Health Infrastructure,AIIMS,Kerala,Durg,AIIMS Admin,150,172.37,171.61,55.1,22.43,10.79,16.35,2023-10-01,2026-09-15,2029-08-30,2029-10-30,2023,33.2,32.0,1,9,Under Implementation,14.92,36,Utility shifting delays; Contractual issues with EPC contractor; Material supply chain disruption,4,3,2026-03-18
PRJ-HI-0033,"Construction of Medical College at Barmer, Rajasthan",Ministry of Health & Family Welfare,Health Infrastructure,Medical College,Rajasthan,Guntur,CPWD,1169.92,1169.92,1200.02,1169.92,143.26,180.37,225.59,2018-07-01,2022-11-07,2023-07-05,2023-07-01,2018,99.9,100.0,6,9,Under Implementation,0,8,Labour shortage; Law and order issues,4,2,2026-03-13
PRJ-HI-0034,AIIMS - Maharashtra (Meerut),Ministry of Health & Family Welfare,Health Infrastructure,AIIMS,Maharashtra,Dharwad,CPWD,958.72,1164.78,1247.95,1164.78,0,77.15,208.79,2008-10-01,2010-10-21,2012-05-13,2012-09-11,2008,100.0,100.0,12,12,Completed,21.49,19,Equipment delivery delays; Law and order issues,4,3,2026-03-28
PRJ-HI-0035,Medical College - Maharashtra (Meerut),Ministry of Health & Family Welfare,Health Infrastructure,Medical College,Maharashtra,Chittoor,State Health Dept,811.23,991.96,990.66,991.96,0,78.8,110.11,2011-10-01,2015-03-14,2017-07-01,2017-06-20,2011,100.0,100.0,19,19,Completed,22.28,28,Rehabilitation and resettlement issues; Design changes during execution; Inter-departmental coordination delays,1,3,2026-03-27
PRJ-HI-0036,Hospital - Rajasthan (Khammam),Ministry of Health & Family Welfare,Health Infrastructure,Hospital,Rajasthan,West,HSCC,197.48,218.11,228.11,218.11,0,21.43,26.48,2011-10-01,2016-08-05,2018-07-26,2018-07-23,2011,100.0,100.0,17,17,Completed,10.45,24,Right-of-Way (RoW) issues,3,3,2026-03-06
PRJ-HI-0037,"Medical College Project in Barmer, West Bengal",Ministry of Health & Family Welfare,Health Infrastructure,Medical College,West Bengal,Salem,State Health Dept,1138.03,1188.54,1227.34,1188.54,250.45,288.5,113.35,2020-07-01,2023-06-16,2024-02-11,2024-04-19,2020,97.5,100.0,12,14,Under Implementation,4.44,8,COVID-19 pandemic impact; State government coordination issues,4,1,2026-03-18
PRJ-HI-0038,"Hospital Project in Bellary, West Bengal",Ministry of Health & Family Welfare,Health Infrastructure,Hospital,West Bengal,Latur,CPWD,3303.75,3947.16,4149.7,3226.63,346.97,375.4,587.95,2022-07-01,2025-05-16,2025-06-28,2025-11-11,2022,89.2,81.7,12,14,Under Implementation,19.48,0,,4,0,2026-03-09
PRJ-HI-0039,"Construction of Hospital at North, Delhi",Ministry of Health & Family Welfare,Health Infrastructure,Hospital,Delhi,Latur,CPWD,396.36,417.59,425.97,417.59,103.95,89.45,82.05,2008-01-01,2010-10-17,2011-07-14,2011-07-16,2008,99.9,100.0,6,9,Under Implementation,5.36,9,Environmental clearance pending; Law and order issues; Material supply chain disruption,3,3,2026-03-18
PRJ-HI-0040,"Research Institute Project in Warangal, Assam",Ministry of Health & Family Welfare,Health Infrastructure,Research Institute,Assam,Rourkela,AIIMS Admin,1059.63,1109.81,1109.78,1003.16,108.83,176.89,185.98,2016-07-01,2021-05-06,2021-05-28,2021-04-03,2016,88.0,90.4,14,19,Under Implementation,4.74,0,,0,0,2026-03-09
PRJ-HI-0041,"AIIMS Project in Raigad, Gujarat",Ministry of Health & Family Welfare,Health Infrastructure,AIIMS,Gujarat,Anand,CPWD,879.59,882.46,895.41,828.14,132.02,132.35,154.81,2008-01-01,2012-10-06,2012-12-05,2012-09-10,2008,99.9,93.8,9,9,Under Implementation,0.33,2,Equipment delivery delays; Change in technology specifications; Slow mobilization by contractor,0,2,2026-03-15
PRJ-HI-0042,Research Institute - Telangana (Anand),Ministry of Health & Family Welfare,Health Infrastructure,Research Institute,Telangana,East,CPWD,242.05,238.02,236.01,212.56,45.88,50.5,24.44,2021-04-01,2023-10-18,2023-10-18,2023-12-10,2021,98.5,89.3,17,19,Under Implementation,-1.66,0,,0,3,2026-03-28
PRJ-HI-0043,"Research Institute Project in Salem, Manipur",Ministry of Health & Family Welfare,Health Infrastructure,Research Institute,Manipur,Raigad,CPWD,1139.87,1154.8,1235.98,1154.8,0,168.32,79.09,2019-10-01,2024-03-08,2024-05-07,2024-06-30,2019,100.0,100.0,11,11,Completed,1.31,2,Geological surprises during construction,0,1,2026-03-17
PRJ-HI-0044,Research Institute - Goa (Barmer),Ministry of Health & Family Welfare,Health Infrastructure,Research Institute,Goa,Bellary,AIIMS Admin,285.91,283.48,280.81,51.07,1.0,1.28,52.1,2023-01-01,2025-08-18,2025-08-04,2025-10-23,2023,18.3,18.0,2,9,Shelved,-0.85,0,,0,0,2026-03-15
PRJ-HI-0045,"Medical College Project in Burdwan, Mizoram",Ministry of Health & Family Welfare,Health Infrastructure,Medical College,Mizoram,Raichur,CPWD,376.51,379.41,372.74,379.41,0,24.33,27.91,2011-04-01,2015-06-09,2017-05-29,2017-03-19,2011,100.0,100.0,14,14,Completed,0.77,24,Equipment delivery delays; Contractual issues with EPC contractor; Design changes during execution,0,2,2026-03-12
PRJ-HI-0046,"Construction of Hospital at East, Karnataka",Ministry of Health & Family Welfare,Health Infrastructure,Hospital,Karnataka,West,AIIMS Admin,527.35,588.48,606.86,588.48,85.74,79.77,56.66,2012-07-01,2015-05-17,2015-07-21,2015-07-03,2012,97.7,100.0,13,14,Under Implementation,11.59,0,,2,0,2026-03-11
PRJ-HI-0047,Research Institute - Maharashtra (Khammam),Ministry of Health & Family Welfare,Health Infrastructure,Research Institute,Maharashtra,Chittoor,HSCC,244.43,292.17,297.8,292.17,0,21.02,19.58,2017-07-01,2021-08-09,2021-08-13,2021-11-10,2017,100.0,100.0,12,12,Completed,19.53,0,,3,0,2026-03-21
PRJ-HI-0048,"Construction of Hospital at Bijapur, Andhra Pradesh",Ministry of Health & Family Welfare,Health Infrastructure,Hospital,Andhra Pradesh,Siliguri,State Health Dept,150,150.3,147.92,150.3,0,18.08,20.97,2024-01-01,2026-03-21,2026-02-05,2025-11-18,2024,100.0,100.0,19,19,Completed,0.2,0,,0,0,2026-03-07
PRJ-HI-0049,"Construction of Research Institute at Salem, Uttarakhand",Ministry of Health & Family Welfare,Health Infrastructure,Research Institute,Uttarakhand,Raichur,HSCC,933.13,977.56,1014.99,977.56,0,67.35,36.48,2008-01-01,2012-12-05,2012-12-11,2013-01-14,2008,100.0,100.0,18,18,Completed,4.76,0,,0,0,2026-03-25
PRJ-HI-0050,"Construction of AIIMS at Burdwan, Karnataka",Ministry of Health & Family Welfare,Health Infrastructure,AIIMS,Karnataka,Bokaro,AIIMS Admin,1285.92,1303.13,1343.98,1303.13,221.0,152.78,51.67,2012-04-01,2017-01-05,2016-12-30,2017-03-27,2012,99.9,100.0,15,18,Under Implementation,1.34,0,,0,0,2026-03-13
PRJ-HI-0051,"Research Institute Project in Burdwan, Maharashtra",Ministry of Health & Family Welfare,Health Infrastructure,Research Institute,Maharashtra,Tirunelveli,CPWD,383.05,384.2,384.72,376.99,39.9,39.86,57.72,2009-04-01,2012-02-15,2012-01-31,2011-11-12,2009,97.6,98.1,6,9,Under Implementation,0.3,0,,0,0,2026-03-13
PRJ-HI-0052,Hospital - Telangana (Karnal),Ministry of Health & Family Welfare,Health Infrastructure,Hospital,Telangana,West,HSCC,6045.06,6145.67,6390.78,5572.03,430.23,447.5,635.72,2018-10-01,2021-07-17,2022-07-12,2022-06-15,2018,99.7,90.7,20,20,Under Implementation,1.66,12,Land acquisition delays,0,3,2026-03-14
PRJ-HI-0053,"Hospital Project in Tumkur, Jharkhand",Ministry of Health & Family Welfare,Health Infrastructure,Hospital,Jharkhand,Hassan,CPWD,2745.45,2791.26,2956.09,2791.26,0,348.88,669.8,2020-10-01,2022-12-20,2022-12-27,2022-11-05,2020,100.0,100.0,14,14,Completed,1.67,0,,0,0,2026-03-20
PRJ-HI-0054,"Construction of Medical College at Dibrugarh, Delhi",Ministry of Health & Family Welfare,Health Infrastructure,Medical College,Delhi,Jalgaon,HSCC,3944.5,3982.07,3973.59,3935.48,698.09,564.13,929.06,2019-07-01,2023-10-08,2024-05-05,2024-03-18,2019,99.9,98.8,7,8,Under Implementation,0.95,7,Material supply chain disruption,0,1,2026-03-21
PRJ-HI-0055,"Medical College Project in Barmer, Gujarat",Ministry of Health & Family Welfare,Health Infrastructure,Medical College,Gujarat,Bokaro,CPWD,4774.82,4724.34,5085.86,3803.27,709.52,397.68,450.5,2020-04-01,2024-10-07,2024-10-28,2025-02-19,2020,89.7,80.5,7,7,Under Implementation,-1.06,0,,0,0,2026-03-11
PRJ-HI-0056,"Research Institute Project in Korba, Uttar Pradesh",Ministry of Health & Family Welfare,Health Infrastructure,Research Institute,Uttar Pradesh,Jalgaon,HSCC,223.5,252.28,263.59,252.28,22.19,20.61,9.02,2018-10-01,2023-04-08,2024-10-29,2025-01-08,2018,99.9,100.0,4,6,Under Implementation,12.88,19,Change in project scope; Fund release delays,2,2,2026-03-09
PRJ-HI-0057,"Construction of Medical College at West, Nagaland",Ministry of Health & Family Welfare,Health Infrastructure,Medical College,Nagaland,Nellore,HSCC,695.44,702.36,709.58,124.81,168.83,71.84,111.33,2024-10-01,2028-01-14,2028-12-09,2028-09-25,2024,18.0,17.8,2,8,Under Implementation,1.0,11,Material supply chain disruption,0,1,2026-03-29
PRJ-HI-0058,Research Institute - Maharashtra (Warangal),Ministry of Health & Family Welfare,Health Infrastructure,Research Institute,Maharashtra,Durg,State Health Dept,1599.38,1799.01,1926.22,1671.55,214.92,280.56,182.45,2009-04-01,2014-03-06,2014-04-26,2014-02-20,2009,99.9,92.9,17,20,Under Implementation,12.48,0,,2,0,2026-03-31
PRJ-HI-0059,"AIIMS Project in Bijapur, Rajasthan",Ministry of Health & Family Welfare,Health Infrastructure,AIIMS,Rajasthan,Warangal,HSCC,191.37,213.6,225.03,213.6,41.9,47.39,35.02,2011-10-01,2015-03-14,2015-03-14,2015-04-24,2011,99.9,100.0,11,11,Under Implementation,11.62,0,,4,3,2026-03-17
PRJ-HI-0060,"Construction of Medical College at Karnal, Gujarat",Ministry of Health & Family Welfare,Health Infrastructure,Medical College,Gujarat,Salem,State Health Dept,1115.83,1190.73,1265.86,1132.22,117.55,92.61,76.92,2021-10-01,2024-04-18,2027-05-03,2027-02-05,2021,99.9,95.1,9,12,Under Implementation,6.71,37,Slow mobilization by contractor,4,2,2026-03-04
PRJ-HI-0061,"Construction of Research Institute at Chittoor, Odisha",Ministry of Health & Family Welfare,Health Infrastructure,Research Institute,Odisha,Chittoor,State Health Dept,5767.58,6892.99,7000.05,6432.87,1205.11,585.64,195.76,2024-01-01,2026-01-20,2026-10-17,2026-10-30,2024,88.7,93.3,12,13,Under Implementation,19.51,9,Material supply chain disruption,3,2,2026-03-11
PRJ-HI-0062,"Construction of Research Institute at North, Bihar",Ministry of Health & Family Welfare,Health Infrastructure,Research Institute,Bihar,North,HSCC,150,147.04,152.55,146.24,11.08,17.03,16.26,2024-07-01,2026-06-21,2026-07-11,2026-11-24,2024,95.8,99.5,3,6,Under Implementation,-1.97,0,,0,0,2026-03-19
PRJ-EI-0001,"Construction of IIT at Bijapur, Karnataka",Ministry of Education,Education Infrastructure,IIT,Karnataka,Central,CPWD,1383.3,1598.82,1607.2,1533.08,243.86,215.37,117.19,2008-07-01,2012-04-11,2012-06-10,2012-04-13,2008,96.9,95.9,3,6,Under Implementation,15.58,2,State government coordination issues; Right-of-Way (RoW) issues; Slow mobilization by contractor,2,2,2026-03-22
PRJ-EI-0002,IIT - Haryana (Karnal),Ministry of Education,Education Infrastructure,IIT,Haryana,Tumkur,IIT Admin,163.47,168.17,172.15,168.17,25.81,25.94,8.35,2021-10-01,2024-06-17,2026-07-07,2026-12-13,2021,99.7,100.0,16,16,Under Implementation,2.88,25,Court stay orders; Contractual issues with EPC contractor; Right-of-Way (RoW) issues,0,2,2026-03-21
PRJ-EI-0003,"Construction of IIM at East, Gujarat",Ministry of Education,Education Infrastructure,IIM,Gujarat,South,NBCC,1468.38,1491.53,1508.98,1491.53,308.41,267.14,83.6,2009-10-01,2012-08-16,2012-07-05,2012-10-03,2009,99.9,100.0,6,8,Under Implementation,1.58,0,,0,0,2026-03-29
PRJ-EI-0004,IIT - Goa (Burdwan),Ministry of Education,Education Infrastructure,IIT,Goa,Chittoor,IIT Admin,709.34,717.89,715.48,717.89,0,59.79,76.61,2009-01-01,2012-02-15,2014-02-04,2013-12-29,2009,100.0,100.0,14,14,Completed,1.21,24,Change in technology specifications; Design changes during execution; Regulatory approvals pending,0,1,2026-03-16
PRJ-EI-0005,IIM - Gujarat (Solapur),Ministry of Education,Education Infrastructure,IIM,Gujarat,Latur,NBCC,150,216.66,229.7,216.66,0,14.81,13.13,2009-10-01,2013-03-14,2013-02-18,2013-07-04,2009,100.0,100.0,5,5,Completed,44.44,0,,3,0,2026-03-05
PRJ-EI-0006,"Construction of IIM at Warangal, Tamil Nadu",Ministry of Education,Education Infrastructure,IIM,Tamil Nadu,Salem,State PWD,760.51,836.91,859.95,778.46,77.06,80.85,90.64,2021-04-01,2025-01-10,2024-12-26,2025-03-02,2021,96.9,93.0,16,19,Under Implementation,10.05,0,,1,0,2026-03-16
PRJ-EI-0007,"Central University Project in Tumkur, Chhattisgarh",Ministry of Education,Education Infrastructure,Central University,Chhattisgarh,Korba,NBCC,958.44,958.44,1030.74,958.44,0,141.72,163.82,2018-10-01,2020-12-19,2020-11-29,2020-12-18,2018,100.0,100.0,12,12,Completed,0,0,,4,0,2026-03-20
PRJ-EI-0008,"Construction of NIT at West, Telangana",Ministry of Education,Education Infrastructure,NIT,Telangana,Warangal,NBCC,241.96,249.48,250.87,249.48,0,32.4,8.25,2019-01-01,2021-04-20,2021-06-25,2021-05-06,2019,100.0,100.0,8,8,Completed,3.11,0,,0,0,2026-03-09
PRJ-EI-0009,Central University - Jammu & Kashmir (Salem),Ministry of Education,Education Infrastructure,Central University,Jammu & Kashmir,Khammam,CPWD,378.31,378.31,372.9,359.48,91.79,101.39,37.42,2021-07-01,2025-03-12,2025-03-08,2025-01-26,2021,96.8,95.0,13,15,Under Implementation,0.0,0,,0,0,2026-03-16
PRJ-EI-0010,"Construction of IIM at Bokaro, Kerala",Ministry of Education,Education Infrastructure,IIM,Kerala,Tumkur,NBCC,654.52,835.18,900.88,835.18,0,59.77,31.99,2008-10-01,2011-02-18,2011-04-02,2011-07-09,2008,100.0,100.0,8,8,Completed,27.6,0,,3,0,2026-03-24
PRJ-EI-0011,"NIT Project in Dibrugarh, Goa",Ministry of Education,Education Infrastructure,NIT,Goa,Bellary,CPWD,500.76,522.0,521.4,522.0,40.85,35.01,102.13,2023-07-01,2025-06-20,2025-04-28,2025-05-31,2023,99.9,100.0,12,13,Under Implementation,4.24,0,,0,0,2026-03-09
PRJ-EI-0012,IIM - Haryana (Tirunelveli),Ministry of Education,Education Infrastructure,IIM,Haryana,South,CPWD,5000,4955.58,5152.07,4955.58,0,276.38,213.87,2022-04-01,2024-10-17,2024-11-22,2024-11-30,2022,100.0,100.0,7,7,Completed,-0.89,0,,0,0,2026-03-11
PRJ-EI-0013,"Construction of NIT at North, Uttar Pradesh",Ministry of Education,Education Infrastructure,NIT,Uttar Pradesh,Warangal,IIT Admin,850.7,847.86,881.33,847.86,0,54.87,176.3,2011-07-01,2014-07-15,2014-06-18,2014-11-06,2011,100.0,100.0,20,20,Completed,-0.33,0,,0,0,2026-03-17
PRJ-EI-0014,Central University - Odisha (Bokaro),Ministry of Education,Education Infrastructure,Central University,Odisha,Jharsuguda,CPWD,1235.18,1317.03,1383.89,1317.03,0,169.69,86.57,2016-07-01,2018-06-21,2018-05-18,2018-02-26,2016,100.0,100.0,20,20,Completed,6.63,0,,3,0,2026-03-16
PRJ-EI-0015,"Construction of IIM at Bellary, Haryana",Ministry of Education,Education Infrastructure,IIM,Haryana,Dibrugarh,CPWD,1232.39,1247.54,1253.12,1247.54,0,115.06,47.52,2017-10-01,2020-07-17,2020-09-30,2021-03-19,2017,100.0,100.0,12,12,Completed,1.23,0,,0,0,2026-03-02
PRJ-EI-0016,"Construction of IIM at Warangal, Gujarat",Ministry of Education,Education Infrastructure,IIM,Gujarat,East,IIT Admin,150,179.45,183.1,158.83,23.83,14.73,7.85,2018-10-01,2021-09-15,2021-11-26,2022-01-11,2018,99.0,88.5,15,18,Under Implementation,19.63,0,,1,0,2026-03-15
PRJ-EI-0017,NIT - Maharashtra (East),Ministry of Education,Education Infrastructure,NIT,Maharashtra,Tumkur,NBCC,1629.38,1612.12,1600.06,1612.12,0,114.19,94.03,2010-04-01,2012-06-19,2012-05-28,2012-10-15,2010,100.0,100.0,12,12,Completed,-1.06,0,,0,0,2026-03-24
PRJ-EI-0018,"Construction of IIM at Nellore, Uttar Pradesh",Ministry of Education,Education Infrastructure,IIM,Uttar Pradesh,Hassan,CPWD,232.06,228.47,225.76,228.47,48.11,45.05,34.6,2010-07-01,2014-04-11,2014-05-20,2014-10-29,2010,99.9,100.0,5,6,Under Implementation,-1.55,0,,0,0,2026-03-04
PRJ-EI-0019,"NIT Project in Rourkela, Himachal Pradesh",Ministry of Education,Education Infrastructure,NIT,Himachal Pradesh,South,CPWD,501.71,515.05,511.46,515.05,0,48.19,107.22,2014-07-01,2016-08-19,2017-06-15,2017-07-29,2014,100.0,100.0,7,7,Completed,2.66,10,Change in project scope; Adverse weather conditions; Regulatory approvals pending,0,3,2026-03-29
PRJ-EI-0020,"NIT Project in East, Punjab",Ministry of Education,Education Infrastructure,NIT,Punjab,North,State PWD,216.31,216.3,230.4,216.3,0,31.04,51.08,2013-10-01,2015-10-21,2015-10-02,2015-08-24,2013,100.0,100.0,18,18,Completed,-0.0,0,,0,0,2026-03-04
PRJ-EI-0021,"Research Lab Project in Satna, Punjab",Ministry of Education,Education Infrastructure,Research Lab,Punjab,Latur,State PWD,474.64,488.61,522.53,431.9,78.45,51.66,104.92,2018-10-01,2021-09-15,2021-10-09,2021-11-24,2018,96.9,88.4,16,19,Under Implementation,2.94,0,,0,0,2026-03-12
PRJ-EI-0022,"IIM Project in Barmer, Haryana",Ministry of Education,Education Infrastructure,IIM,Haryana,Latur,State PWD,4691.37,4914.1,4988.08,4914.1,0,542.8,714.31,2019-01-01,2021-02-19,2021-01-24,2021-02-15,2019,100.0,100.0,15,15,Completed,4.75,0,,1,0,2026-03-03
PRJ-EI-0023,"IIT Project in Barmer, Telangana",Ministry of Education,Education Infrastructure,IIT,Telangana,Durg,NBCC,1246.42,1279.96,1363.8,685.02,137.75,132.22,170.83,2024-10-01,2026-12-20,2027-03-01,2027-08-04,2024,60.1,53.5,8,17,Under Implementation,2.69,0,,0,0,2026-03-12
PRJ-EI-0024,"Central University Project in Bokaro, Meghalaya",Ministry of Education,Education Infrastructure,Central University,Meghalaya,Hassan,CPWD,2020.56,2493.38,2592.55,2493.38,394.12,356.36,339.0,2020-01-01,2023-03-16,2023-02-15,2023-08-10,2020,99.9,100.0,18,18,Under Implementation,23.4,0,,2,0,2026-03-04
PRJ-EI-0025,"Construction of NIT at Chittoor, Karnataka",Ministry of Education,Education Infrastructure,NIT,Karnataka,Jharsuguda,State PWD,358.38,372.13,393.67,287.92,43.59,46.61,43.1,2021-07-01,2025-05-11,2025-07-25,2025-08-12,2021,86.7,77.4,7,9,Under Implementation,3.84,0,,0,0,2026-03-28
PRJ-EI-0026,"Construction of NIT at Hassan, Uttar Pradesh",Ministry of Education,Education Infrastructure,NIT,Uttar Pradesh,Chittoor,CPWD,536.28,538.29,580.63,484.12,127.77,99.91,16.95,2012-04-01,2016-03-11,2016-03-04,2016-08-30,2012,99.3,89.9,6,9,Under Implementation,0.37,0,,0,0,2026-03-12
PRJ-EI-0027,IIM - Maharashtra (Dharwad),Ministry of Education,Education Infrastructure,IIM,Maharashtra,West,CPWD,702.94,850.52,900.57,683.89,49.94,71.49,101.68,2023-04-01,2027-02-09,2027-02-09,2027-03-03,2023,93.3,80.4,10,13,Under Implementation,20.99,0,,2,3,2026-03-29
PRJ-EI-0028,Research Lab - Gujarat (West),Ministry of Education,Education Infrastructure,Research Lab,Gujarat,East,IIT Admin,150,155.35,157.52,155.35,0,16.01,23.78,2022-10-01,2025-04-18,2025-09-15,2025-09-06,2022,100.0,100.0,16,16,Completed,3.57,5,State government coordination issues; Law and order issues; Change in technology specifications,0,1,2026-03-26
PRJ-EI-0029,"Construction of Central University at East, Delhi",Ministry of Education,Education Infrastructure,Central University,Delhi,Tirunelveli,State PWD,150,152.77,150.52,152.77,0,13.87,36.8,2022-07-01,2025-03-17,2025-01-17,2024-11-19,2022,100.0,100.0,8,8,Completed,1.85,0,,0,0,2026-03-17
PRJ-EI-0030,"Construction of IIT at Durg, Kerala",Ministry of Education,Education Infrastructure,IIT,Kerala,Nellore,State PWD,310.25,385.1,408.36,385.1,0,49.81,38.97,2015-10-01,2019-09-10,2019-09-09,2019-10-30,2015,100.0,100.0,5,5,Completed,24.13,0,,3,0,2026-03-09
PRJ-EI-0031,"Construction of NIT at Khammam, Rajasthan",Ministry of Education,Education Infrastructure,NIT,Rajasthan,Solapur,CPWD,632.74,673.08,721.7,617.72,114.69,157.37,148.37,2011-10-01,2015-05-13,2015-06-19,2015-12-12,2011,99.9,91.8,15,15,Under Implementation,6.37,0,,1,0,2026-03-02
PRJ-EI-0032,Research Lab - Gujarat (Guntur),Ministry of Education,Education Infrastructure,Research Lab,Gujarat,Tumkur,IIT Admin,530.74,554.2,554.72,554.2,0,58.51,27.47,2016-04-01,2018-07-20,2018-08-01,2018-06-29,2016,100.0,100.0,14,14,Completed,4.42,0,,0,0,2026-03-25
PRJ-EI-0033,"NIT Project in Salem, Jharkhand",Ministry of Education,Education Infrastructure,NIT,Jharkhand,Durg,IIT Admin,1181.58,1338.43,1319.14,1338.43,0,103.51,70.12,2013-10-01,2017-05-13,2017-07-22,2017-10-26,2013,100.0,100.0,13,13,Completed,13.27,0,,2,0,2026-03-08
PRJ-EI-0034,"IIT Project in Nellore, Odisha",Ministry of Education,Education Infrastructure,IIT,Odisha,Latur,NBCC,300.81,309.13,332.99,306.74,24.57,42.31,58.89,2015-04-01,2018-12-11,2018-11-28,2018-09-15,2015,99.9,99.2,19,20,Under Implementation,2.77,0,,0,0,2026-03-09
PRJ-EI-0035,"Construction of IIM at Chittoor, Haryana",Ministry of Education,Education Infrastructure,IIM,Haryana,Siliguri,IIT Admin,384.61,390.86,402.56,326.71,46.36,26.33,26.93,2021-10-01,2024-03-19,2026-03-09,2026-02-22,2021,97.9,83.6,3,5,Under Implementation,1.63,24,Utility shifting delays; COVID-19 pandemic impact; Labour shortage,3,2,2026-03-19
PRJ-EI-0036,IIT - Tamil Nadu (Chittoor),Ministry of Education,Education Infrastructure,IIT,Tamil Nadu,Tumkur,State PWD,214.98,210.86,227.71,90.91,42.81,30.91,22.39,2024-01-01,2026-12-16,2028-12-05,2029-04-07,2024,46.8,43.1,8,19,Under Implementation,-1.92,24,Geological surprises during construction; Forest clearance pending; Court stay orders,0,3,2026-03-25
PRJ-EI-0037,IIT - Uttar Pradesh (Tumkur),Ministry of Education,Education Infrastructure,IIT,Uttar Pradesh,Warangal,CPWD,321.29,333.78,346.86,333.78,67.38,57.5,10.72,2019-10-01,2021-11-19,2023-02-12,2022-11-28,2019,95.6,100.0,14,14,Under Implementation,3.89,15,Regulatory approvals pending; Contractual issues with EPC contractor; State government coordination issues,0,2,2026-03-13
PRJ-EI-0038,"Construction of Research Lab at Rourkela, Uttar Pradesh",Ministry of Education,Education Infrastructure,Research Lab,Uttar Pradesh,Anand,CPWD,501.87,512.17,529.63,512.17,0,35.47,31.65,2016-01-01,2019-12-11,2019-12-20,2020-02-26,2016,100.0,100.0,16,16,Completed,2.05,0,,0,0,2026-03-12
PRJ-EI-0039,"IIT Project in Salem, Rajasthan",Ministry of Education,Education Infrastructure,IIT,Rajasthan,Raigad,NBCC,428.16,424.11,453.75,424.11,41.26,57.22,101.79,2014-10-01,2018-09-10,2018-11-09,2019-01-19,2014,94.9,100.0,16,20,Under Implementation,-0.95,2,Rehabilitation and resettlement issues,0,1,2026-03-07
PRJ-EI-0040,"IIT Project in Durg, Gujarat",Ministry of Education,Education Infrastructure,IIT,Gujarat,Meerut,CPWD,306.24,309.21,321.64,309.21,0,41.58,75.78,2013-01-01,2016-09-12,2016-08-19,2016-08-10,2013,100.0,100.0,13,13,Completed,0.97,0,,0,0,2026-03-31
PRJ-EI-0041,IIT - Gujarat (Hassan),Ministry of Education,Education Infrastructure,IIT,Gujarat,Rourkela,NBCC,164.34,169.19,167.27,163.12,37.66,26.58,10.59,2024-07-01,2026-08-20,2026-12-18,2026-12-21,2024,88.7,96.4,5,9,Under Implementation,2.95,4,Court stay orders,0,2,2026-03-18
PRJ-EI-0042,"Research Lab Project in Meerut, Rajasthan",Ministry of Education,Education Infrastructure,Research Lab,Rajasthan,Bellary,NBCC,180.58,177.63,191.42,177.63,48.11,38.41,14.89,2013-01-01,2014-12-22,2014-11-08,2015-01-15,2013,99.9,100.0,15,16,Under Implementation,-1.63,0,,0,0,2026-03-03
PRJ-EI-0043,Research Lab - Madhya Pradesh (Anand),Ministry of Education,Education Infrastructure,Research Lab,Madhya Pradesh,Hassan,CPWD,150,148.83,150.53,148.83,0,8.84,21.03,2008-07-01,2011-01-17,2011-01-05,2010-12-15,2008,100.0,100.0,8,8,Completed,-0.78,0,,0,0,2026-03-05
PRJ-EI-0044,"Construction of IIM at Hassan, Bihar",Ministry of Education,Education Infrastructure,IIM,Bihar,Satna,CPWD,410.18,473.5,486.9,293.39,110.17,79.21,80.1,2024-04-01,2026-03-22,2028-01-11,2028-02-04,2024,57.1,62.0,4,9,Under Implementation,15.44,22,Land acquisition delays; Contractual issues with EPC contractor; Forest clearance pending,1,3,2026-03-31
PRJ-EI-0045,"IIM Project in Raichur, Delhi",Ministry of Education,Education Infrastructure,IIM,Delhi,Anand,State PWD,470.39,465.81,470.58,465.81,72.26,73.75,17.87,2013-10-01,2015-12-20,2015-12-20,2016-05-03,2013,99.2,100.0,17,18,Under Implementation,-0.97,0,,0,0,2026-03-08
PRJ-EI-0046,Central University - Ladakh (West),Ministry of Education,Education Infrastructure,Central University,Ladakh,Meerut,NBCC,789.12,789.46,787.13,789.46,0,80.59,175.86,2017-07-01,2019-09-19,2021-06-10,2021-11-09,2017,100.0,100.0,18,18,Completed,0.04,21,Equipment delivery delays; State government coordination issues; Adverse weather conditions,0,1,2026-03-30
PRJ-EI-0047,"NIT Project in Bijapur, Punjab",Ministry of Education,Education Infrastructure,NIT,Punjab,Hassan,CPWD,712.06,704.7,742.79,704.7,0,68.47,173.83,2021-04-01,2023-04-21,2023-03-29,2023-08-21,2021,100.0,100.0,19,19,Completed,-1.03,0,,0,0,2026-03-11
PRJ-EI-0048,"Construction of NIT at Raichur, Chhattisgarh",Ministry of Education,Education Infrastructure,NIT,Chhattisgarh,Nellore,State PWD,2914.69,3018.65,3026.15,3018.65,0,254.67,276.66,2021-04-01,2025-02-09,2025-04-10,2025-09-25,2021,100.0,100.0,14,14,Completed,3.57,0,,0,0,2026-03-05
